/***************************************************************************************
* \file LocalVoice_training_U55_CMDmodel.c
****************************************************************************************
* NOTE: This file is auto-generated by web tool. Please do not edit this file manually.
* \copyright
* Copyright 2025, Infineon Technologies.
* All rights reserved.
****************************************************************************************/

#include "LocalVoice_training_U55_CMDmodel.h"

#ifdef _MSC_VER
#define __attribute__(x)
#endif

const char LocalVoice_training_CMDmodeldata[] __attribute__((aligned(4))) __attribute__((section(".va_mem_data"))) = {
 0x6d, 0x6f, 0x64, 0x65, 0x6c, 0x2d, 0x31, 0x37, 0x30, 0x5f, 0x76, 0x61,
 0x6c, 0x61, 0x63, 0x63, 0x2d, 0x30, 0x2e, 0x37, 0x30, 0x30, 0x34, 0x38,
 0x34, 0x00, 0x31, 0x2e, 0x33, 0x2e, 0x32, 0x00, 0x55, 0x01, 0x10, 0x03,
 0x02, 0x27, 0x28, 0x04, 0x12, 0x07, 0x1e, 0x08, 0x03, 0x07, 0x1e, 0x12,
 0x01, 0x02, 0x1a, 0x06, 0x01, 0x01, 0x14, 0x02, 0x03, 0x0c, 0x11, 0x10,
 0x02, 0x27, 0x28, 0x02, 0x02, 0x15, 0x16, 0x02, 0x16, 0x15, 0x02, 0x03,
 0x24, 0x11, 0x10, 0x02, 0x11, 0x10, 0x01, 0x04, 0x21, 0x11, 0x10, 0x02,
 0x02, 0x02, 0x25, 0x1c, 0x02, 0x1c, 0x25, 0x02, 0x03, 0x10, 0x02, 0x11,
 0x02, 0x02, 0x10, 0x01, 0x02, 0x13, 0x1e, 0x01, 0x02, 0x27, 0x28, 0x01,
 0x02, 0x27, 0x28, 0x01, 0x02, 0x27, 0x28, 0x01, 0x02, 0x27, 0x28, 0x01,
 0x02, 0x27, 0x28, 0x01, 0x02, 0x27, 0x28, 0x01, 0x0e, 0x03, 0x02, 0x27,
 0x28, 0x04, 0x12, 0x07, 0x1e, 0x08, 0x03, 0x07, 0x1e, 0x12, 0x01, 0x02,
 0x1a, 0x06, 0x01, 0x01, 0x14, 0x02, 0x03, 0x0c, 0x11, 0x10, 0x02, 0x27,
 0x28, 0x02, 0x02, 0x1e, 0x08, 0x03, 0x08, 0x1e, 0x16, 0x02, 0x02, 0x1b,
 0x0b, 0x03, 0x0b, 0x1b, 0x02, 0x02, 0x04, 0x01, 0x0a, 0x02, 0x10, 0x04,
 0x0a, 0x02, 0x10, 0x01, 0x01, 0x02, 0x13, 0x1e, 0x01, 0x02, 0x27, 0x28,
 0x01, 0x02, 0x27, 0x28, 0x01, 0x02, 0x27, 0x28, 0x01, 0x02, 0x27, 0x28,
 0x01, 0x02, 0x27, 0x28, 0x01, 0x02, 0x27, 0x28, 0x01, 0x0d, 0x03, 0x02,
 0x27, 0x28, 0x04, 0x12, 0x07, 0x1e, 0x08, 0x03, 0x07, 0x1e, 0x12, 0x01,
 0x02, 0x1a, 0x06, 0x01, 0x01, 0x14, 0x02, 0x03, 0x0c, 0x11, 0x10, 0x02,
 0x27, 0x28, 0x01, 0x02, 0x1c, 0x25, 0x02, 0x03, 0x03, 0x00, 0x02, 0x03,
 0x00, 0x02, 0x03, 0x02, 0x02, 0x17, 0x16, 0x02, 0x16, 0x15, 0x01, 0x02,
 0x27, 0x28, 0x01, 0x02, 0x27, 0x28, 0x01, 0x02, 0x27, 0x28, 0x01, 0x02,
 0x27, 0x28, 0x01, 0x02, 0x27, 0x28, 0x01, 0x02, 0x27, 0x28, 0x01, 0x12,
 0x03, 0x02, 0x27, 0x28, 0x04, 0x12, 0x07, 0x1e, 0x08, 0x03, 0x07, 0x1e,
 0x12, 0x01, 0x02, 0x1a, 0x06, 0x01, 0x01, 0x14, 0x02, 0x03, 0x0c, 0x11,
 0x10, 0x02, 0x27, 0x28, 0x01, 0x02, 0x09, 0x08, 0x03, 0x02, 0x02, 0x10,
 0x02, 0x27, 0x28, 0x03, 0x10, 0x02, 0x11, 0x02, 0x02, 0x15, 0x16, 0x02,
 0x16, 0x15, 0x02, 0x03, 0x24, 0x11, 0x10, 0x02, 0x11, 0x10, 0x01, 0x04,
 0x21, 0x11, 0x10, 0x02, 0x02, 0x02, 0x25, 0x1c, 0x02, 0x1c, 0x25, 0x02,
 0x03, 0x10, 0x02, 0x11, 0x02, 0x02, 0x10, 0x01, 0x02, 0x13, 0x1e, 0x01,
 0x02, 0x27, 0x28, 0x01, 0x02, 0x27, 0x28, 0x01, 0x02, 0x27, 0x28, 0x01,
 0x02, 0x27, 0x28, 0x01, 0x02, 0x27, 0x28, 0x01, 0x02, 0x27, 0x28, 0x01,
 0x10, 0x03, 0x02, 0x27, 0x28, 0x04, 0x12, 0x07, 0x1e, 0x08, 0x03, 0x07,
 0x1e, 0x12, 0x01, 0x02, 0x1a, 0x06, 0x01, 0x01, 0x14, 0x02, 0x03, 0x0c,
 0x11, 0x10, 0x02, 0x27, 0x28, 0x01, 0x02, 0x09, 0x08, 0x03, 0x02, 0x02,
 0x10, 0x02, 0x27, 0x28, 0x03, 0x10, 0x02, 0x11, 0x02, 0x02, 0x1e, 0x08,
 0x03, 0x08, 0x1e, 0x16, 0x02, 0x02, 0x1b, 0x0b, 0x03, 0x0b, 0x1b, 0x02,
 0x02, 0x04, 0x01, 0x0a, 0x02, 0x10, 0x04, 0x0a, 0x02, 0x10, 0x01, 0x01,
 0x02, 0x13, 0x1e, 0x01, 0x02, 0x27, 0x28, 0x01, 0x02, 0x27, 0x28, 0x01,
 0x02, 0x27, 0x28, 0x01, 0x02, 0x27, 0x28, 0x01, 0x02, 0x27, 0x28, 0x01,
 0x02, 0x27, 0x28, 0x01, 0x0f, 0x03, 0x02, 0x27, 0x28, 0x04, 0x12, 0x07,
 0x1e, 0x08, 0x03, 0x07, 0x1e, 0x12, 0x01, 0x02, 0x1a, 0x06, 0x01, 0x01,
 0x14, 0x02, 0x03, 0x0c, 0x11, 0x10, 0x02, 0x27, 0x28, 0x01, 0x02, 0x09,
 0x08, 0x03, 0x02, 0x02, 0x10, 0x02, 0x27, 0x28, 0x03, 0x10, 0x02, 0x11,
 0x01, 0x02, 0x1c, 0x25, 0x02, 0x03, 0x03, 0x00, 0x02, 0x03, 0x00, 0x02,
 0x03, 0x02, 0x02, 0x17, 0x16, 0x02, 0x16, 0x15, 0x01, 0x02, 0x27, 0x28,
 0x01, 0x02, 0x27, 0x28, 0x01, 0x02, 0x27, 0x28, 0x01, 0x02, 0x27, 0x28,
 0x01, 0x02, 0x27, 0x28, 0x01, 0x02, 0x27, 0x28, 0x01, 0x12, 0x03, 0x02,
 0x27, 0x28, 0x04, 0x12, 0x07, 0x1e, 0x08, 0x03, 0x07, 0x1e, 0x12, 0x01,
 0x02, 0x1a, 0x06, 0x01, 0x01, 0x14, 0x02, 0x03, 0x0c, 0x11, 0x10, 0x02,
 0x27, 0x28, 0x02, 0x02, 0x15, 0x16, 0x02, 0x16, 0x15, 0x02, 0x01, 0x05,
 0x02, 0x27, 0x28, 0x02, 0x02, 0x15, 0x16, 0x02, 0x16, 0x15, 0x02, 0x03,
 0x24, 0x11, 0x10, 0x02, 0x11, 0x10, 0x01, 0x04, 0x21, 0x11, 0x10, 0x02,
 0x02, 0x02, 0x25, 0x1c, 0x02, 0x1c, 0x25, 0x02, 0x03, 0x10, 0x02, 0x11,
 0x02, 0x02, 0x10, 0x01, 0x02, 0x13, 0x1e, 0x01, 0x02, 0x27, 0x28, 0x01,
 0x02, 0x27, 0x28, 0x01, 0x02, 0x27, 0x28, 0x01, 0x02, 0x27, 0x28, 0x01,
 0x02, 0x27, 0x28, 0x01, 0x02, 0x27, 0x28, 0x01, 0x10, 0x03, 0x02, 0x27,
 0x28, 0x04, 0x12, 0x07, 0x1e, 0x08, 0x03, 0x07, 0x1e, 0x12, 0x01, 0x02,
 0x1a, 0x06, 0x01, 0x01, 0x14, 0x02, 0x03, 0x0c, 0x11, 0x10, 0x02, 0x27,
 0x28, 0x02, 0x02, 0x15, 0x16, 0x02, 0x16, 0x15, 0x02, 0x01, 0x05, 0x02,
 0x27, 0x28, 0x02, 0x02, 0x1e, 0x08, 0x03, 0x08, 0x1e, 0x16, 0x02, 0x02,
 0x1b, 0x0b, 0x03, 0x0b, 0x1b, 0x02, 0x02, 0x04, 0x01, 0x0a, 0x02, 0x10,
 0x04, 0x0a, 0x02, 0x10, 0x01, 0x01, 0x02, 0x13, 0x1e, 0x01, 0x02, 0x27,
 0x28, 0x01, 0x02, 0x27, 0x28, 0x01, 0x02, 0x27, 0x28, 0x01, 0x02, 0x27,
 0x28, 0x01, 0x02, 0x27, 0x28, 0x01, 0x02, 0x27, 0x28, 0x01, 0x0f, 0x03,
 0x02, 0x27, 0x28, 0x04, 0x12, 0x07, 0x1e, 0x08, 0x03, 0x07, 0x1e, 0x12,
 0x01, 0x02, 0x1a, 0x06, 0x01, 0x01, 0x14, 0x02, 0x03, 0x0c, 0x11, 0x10,
 0x02, 0x27, 0x28, 0x02, 0x02, 0x15, 0x16, 0x02, 0x16, 0x15, 0x02, 0x01,
 0x05, 0x02, 0x27, 0x28, 0x01, 0x02, 0x1c, 0x25, 0x02, 0x03, 0x03, 0x00,
 0x02, 0x03, 0x00, 0x02, 0x03, 0x02, 0x02, 0x17, 0x16, 0x02, 0x16, 0x15,
 0x01, 0x02, 0x27, 0x28, 0x01, 0x02, 0x27, 0x28, 0x01, 0x02, 0x27, 0x28,
 0x01, 0x02, 0x27, 0x28, 0x01, 0x02, 0x27, 0x28, 0x01, 0x02, 0x27, 0x28,
 0x01, 0x12, 0x03, 0x02, 0x27, 0x28, 0x04, 0x12, 0x07, 0x1e, 0x08, 0x03,
 0x07, 0x1e, 0x12, 0x02, 0x02, 0x1c, 0x25, 0x02, 0x25, 0x1c, 0x01, 0x02,
 0x1e, 0x08, 0x02, 0x03, 0x00, 0x02, 0x03, 0x03, 0x0b, 0x1b, 0x02, 0x02,
 0x02, 0x1b, 0x0b, 0x03, 0x0b, 0x1b, 0x02, 0x02, 0x02, 0x1e, 0x08, 0x02,
 0x27, 0x28, 0x02, 0x02, 0x15, 0x16, 0x02, 0x16, 0x15, 0x02, 0x03, 0x24,
 0x11, 0x10, 0x02, 0x11, 0x10, 0x01, 0x04, 0x21, 0x11, 0x10, 0x02, 0x02,
 0x02, 0x25, 0x1c, 0x02, 0x1c, 0x25, 0x02, 0x03, 0x10, 0x02, 0x11, 0x02,
 0x02, 0x10, 0x01, 0x02, 0x13, 0x1e, 0x01, 0x02, 0x27, 0x28, 0x01, 0x02,
 0x27, 0x28, 0x01, 0x02, 0x27, 0x28, 0x01, 0x02, 0x27, 0x28, 0x01, 0x02,
 0x27, 0x28, 0x01, 0x02, 0x27, 0x28, 0x01, 0x10, 0x03, 0x02, 0x27, 0x28,
 0x04, 0x12, 0x07, 0x1e, 0x08, 0x03, 0x07, 0x1e, 0x12, 0x02, 0x02, 0x1c,
 0x25, 0x02, 0x25, 0x1c, 0x01, 0x02, 0x1e, 0x08, 0x02, 0x03, 0x00, 0x02,
 0x03, 0x03, 0x0b, 0x1b, 0x02, 0x02, 0x02, 0x1b, 0x0b, 0x03, 0x0b, 0x1b,
 0x02, 0x02, 0x02, 0x1e, 0x08, 0x02, 0x27, 0x28, 0x02, 0x02, 0x1e, 0x08,
 0x03, 0x08, 0x1e, 0x16, 0x02, 0x02, 0x1b, 0x0b, 0x03, 0x0b, 0x1b, 0x02,
 0x02, 0x04, 0x01, 0x0a, 0x02, 0x10, 0x04, 0x0a, 0x02, 0x10, 0x01, 0x01,
 0x02, 0x13, 0x1e, 0x01, 0x02, 0x27, 0x28, 0x01, 0x02, 0x27, 0x28, 0x01,
 0x02, 0x27, 0x28, 0x01, 0x02, 0x27, 0x28, 0x01, 0x02, 0x27, 0x28, 0x01,
 0x02, 0x27, 0x28, 0x01, 0x0f, 0x03, 0x02, 0x27, 0x28, 0x04, 0x12, 0x07,
 0x1e, 0x08, 0x03, 0x07, 0x1e, 0x12, 0x02, 0x02, 0x1c, 0x25, 0x02, 0x25,
 0x1c, 0x01, 0x02, 0x1e, 0x08, 0x02, 0x03, 0x00, 0x02, 0x03, 0x03, 0x0b,
 0x1b, 0x02, 0x02, 0x02, 0x1b, 0x0b, 0x03, 0x0b, 0x1b, 0x02, 0x02, 0x02,
 0x1e, 0x08, 0x02, 0x27, 0x28, 0x01, 0x02, 0x1c, 0x25, 0x02, 0x03, 0x03,
 0x00, 0x02, 0x03, 0x00, 0x02, 0x03, 0x02, 0x02, 0x17, 0x16, 0x02, 0x16,
 0x15, 0x01, 0x02, 0x27, 0x28, 0x01, 0x02, 0x27, 0x28, 0x01, 0x02, 0x27,
 0x28, 0x01, 0x02, 0x27, 0x28, 0x01, 0x02, 0x27, 0x28, 0x01, 0x02, 0x27,
 0x28, 0x01, 0x0f, 0x03, 0x02, 0x27, 0x28, 0x04, 0x12, 0x07, 0x1e, 0x08,
 0x03, 0x07, 0x1e, 0x12, 0x02, 0x02, 0x1c, 0x25, 0x02, 0x25, 0x1c, 0x01,
 0x02, 0x1e, 0x08, 0x02, 0x03, 0x00, 0x02, 0x03, 0x03, 0x0b, 0x1b, 0x02,
 0x02, 0x02, 0x1b, 0x0b, 0x03, 0x0b, 0x1b, 0x02, 0x02, 0x02, 0x1e, 0x08,
 0x02, 0x27, 0x28, 0x01, 0x02, 0x09, 0x08, 0x03, 0x02, 0x02, 0x10, 0x02,
 0x27, 0x28, 0x03, 0x10, 0x02, 0x11, 0x02, 0x02, 0x15, 0x16, 0x02, 0x16,
 0x15, 0x02, 0x03, 0x24, 0x11, 0x10, 0x02, 0x11, 0x10, 0x01, 0x04, 0x21,
 0x11, 0x10, 0x02, 0x02, 0x02, 0x25, 0x1c, 0x02, 0x1c, 0x25, 0x02, 0x03,
 0x10, 0x02, 0x11, 0x02, 0x02, 0x10, 0x01, 0x02, 0x13, 0x1e, 0x01, 0x02,
 0x27, 0x28, 0x01, 0x12, 0x03, 0x02, 0x27, 0x28, 0x04, 0x12, 0x07, 0x1e,
 0x08, 0x03, 0x07, 0x1e, 0x12, 0x02, 0x02, 0x1c, 0x25, 0x02, 0x25, 0x1c,
 0x01, 0x02, 0x1e, 0x08, 0x02, 0x03, 0x00, 0x02, 0x03, 0x03, 0x0b, 0x1b,
 0x02, 0x02, 0x02, 0x1b, 0x0b, 0x03, 0x0b, 0x1b, 0x02, 0x02, 0x02, 0x1e,
 0x08, 0x02, 0x27, 0x28, 0x01, 0x02, 0x09, 0x08, 0x03, 0x02, 0x02, 0x10,
 0x02, 0x27, 0x28, 0x03, 0x10, 0x02, 0x11, 0x02, 0x02, 0x1e, 0x08, 0x03,
 0x08, 0x1e, 0x16, 0x02, 0x02, 0x1b, 0x0b, 0x03, 0x0b, 0x1b, 0x02, 0x02,
 0x04, 0x01, 0x0a, 0x02, 0x10, 0x04, 0x0a, 0x02, 0x10, 0x01, 0x01, 0x02,
 0x13, 0x1e, 0x01, 0x02, 0x27, 0x28, 0x01, 0x02, 0x27, 0x28, 0x01, 0x02,
 0x27, 0x28, 0x01, 0x02, 0x27, 0x28, 0x01, 0x02, 0x27, 0x28, 0x01, 0x02,
 0x27, 0x28, 0x01, 0x11, 0x03, 0x02, 0x27, 0x28, 0x04, 0x12, 0x07, 0x1e,
 0x08, 0x03, 0x07, 0x1e, 0x12, 0x02, 0x02, 0x1c, 0x25, 0x02, 0x25, 0x1c,
 0x01, 0x02, 0x1e, 0x08, 0x02, 0x03, 0x00, 0x02, 0x03, 0x03, 0x0b, 0x1b,
 0x02, 0x02, 0x02, 0x1b, 0x0b, 0x03, 0x0b, 0x1b, 0x02, 0x02, 0x02, 0x1e,
 0x08, 0x02, 0x27, 0x28, 0x01, 0x02, 0x09, 0x08, 0x03, 0x02, 0x02, 0x10,
 0x02, 0x27, 0x28, 0x03, 0x10, 0x02, 0x11, 0x01, 0x02, 0x1c, 0x25, 0x02,
 0x03, 0x03, 0x00, 0x02, 0x03, 0x00, 0x02, 0x03, 0x02, 0x02, 0x17, 0x16,
 0x02, 0x16, 0x15, 0x01, 0x02, 0x27, 0x28, 0x01, 0x02, 0x27, 0x28, 0x01,
 0x02, 0x27, 0x28, 0x01, 0x02, 0x27, 0x28, 0x01, 0x02, 0x27, 0x28, 0x01,
 0x02, 0x27, 0x28, 0x01, 0x0f, 0x03, 0x02, 0x27, 0x28, 0x04, 0x12, 0x07,
 0x1e, 0x08, 0x03, 0x07, 0x1e, 0x12, 0x02, 0x02, 0x1c, 0x25, 0x02, 0x25,
 0x1c, 0x01, 0x02, 0x1e, 0x08, 0x02, 0x03, 0x00, 0x02, 0x03, 0x03, 0x0b,
 0x1b, 0x02, 0x02, 0x02, 0x1b, 0x0b, 0x03, 0x0b, 0x1b, 0x02, 0x02, 0x02,
 0x1e, 0x08, 0x02, 0x27, 0x28, 0x02, 0x02, 0x15, 0x16, 0x02, 0x16, 0x15,
 0x02, 0x01, 0x05, 0x02, 0x27, 0x28, 0x02, 0x02, 0x15, 0x16, 0x02, 0x16,
 0x15, 0x02, 0x03, 0x24, 0x11, 0x10, 0x02, 0x11, 0x10, 0x01, 0x04, 0x21,
 0x11, 0x10, 0x02, 0x02, 0x02, 0x25, 0x1c, 0x02, 0x1c, 0x25, 0x02, 0x03,
 0x10, 0x02, 0x11, 0x02, 0x02, 0x10, 0x01, 0x02, 0x13, 0x1e, 0x01, 0x02,
 0x27, 0x28, 0x01, 0x12, 0x03, 0x02, 0x27, 0x28, 0x04, 0x12, 0x07, 0x1e,
 0x08, 0x03, 0x07, 0x1e, 0x12, 0x02, 0x02, 0x1c, 0x25, 0x02, 0x25, 0x1c,
 0x01, 0x02, 0x1e, 0x08, 0x02, 0x03, 0x00, 0x02, 0x03, 0x03, 0x0b, 0x1b,
 0x02, 0x02, 0x02, 0x1b, 0x0b, 0x03, 0x0b, 0x1b, 0x02, 0x02, 0x02, 0x1e,
 0x08, 0x02, 0x27, 0x28, 0x02, 0x02, 0x15, 0x16, 0x02, 0x16, 0x15, 0x02,
 0x01, 0x05, 0x02, 0x27, 0x28, 0x02, 0x02, 0x1e, 0x08, 0x03, 0x08, 0x1e,
 0x16, 0x02, 0x02, 0x1b, 0x0b, 0x03, 0x0b, 0x1b, 0x02, 0x02, 0x04, 0x01,
 0x0a, 0x02, 0x10, 0x04, 0x0a, 0x02, 0x10, 0x01, 0x01, 0x02, 0x13, 0x1e,
 0x01, 0x02, 0x27, 0x28, 0x01, 0x02, 0x27, 0x28, 0x01, 0x02, 0x27, 0x28,
 0x01, 0x02, 0x27, 0x28, 0x01, 0x02, 0x27, 0x28, 0x01, 0x02, 0x27, 0x28,
 0x01, 0x11, 0x03, 0x02, 0x27, 0x28, 0x04, 0x12, 0x07, 0x1e, 0x08, 0x03,
 0x07, 0x1e, 0x12, 0x02, 0x02, 0x1c, 0x25, 0x02, 0x25, 0x1c, 0x01, 0x02,
 0x1e, 0x08, 0x02, 0x03, 0x00, 0x02, 0x03, 0x03, 0x0b, 0x1b, 0x02, 0x02,
 0x02, 0x1b, 0x0b, 0x03, 0x0b, 0x1b, 0x02, 0x02, 0x02, 0x1e, 0x08, 0x02,
 0x27, 0x28, 0x02, 0x02, 0x15, 0x16, 0x02, 0x16, 0x15, 0x02, 0x01, 0x05,
 0x02, 0x27, 0x28, 0x01, 0x02, 0x1c, 0x25, 0x02, 0x03, 0x03, 0x00, 0x02,
 0x03, 0x00, 0x02, 0x03, 0x02, 0x02, 0x17, 0x16, 0x02, 0x16, 0x15, 0x01,
 0x02, 0x27, 0x28, 0x01, 0x02, 0x27, 0x28, 0x01, 0x02, 0x27, 0x28, 0x01,
 0x02, 0x27, 0x28, 0x01, 0x02, 0x27, 0x28, 0x01, 0x02, 0x27, 0x28, 0x01,
 0x10, 0x03, 0x02, 0x27, 0x28, 0x04, 0x12, 0x07, 0x1e, 0x08, 0x03, 0x07,
 0x1e, 0x12, 0x03, 0x02, 0x13, 0x1e, 0x01, 0x0f, 0x02, 0x0e, 0x13, 0x03,
 0x02, 0x02, 0x10, 0x04, 0x01, 0x0a, 0x02, 0x10, 0x03, 0x10, 0x02, 0x11,
 0x02, 0x02, 0x16, 0x15, 0x02, 0x27, 0x28, 0x02, 0x03, 0x24, 0x11, 0x10,
 0x02, 0x11, 0x10, 0x02, 0x04, 0x21, 0x11, 0x10, 0x02, 0x02, 0x27, 0x28,
 0x01, 0x02, 0x1a, 0x06, 0x01, 0x01, 0x14, 0x02, 0x03, 0x0c, 0x11, 0x10,
 0x02, 0x27, 0x28, 0x02, 0x02, 0x15, 0x16, 0x02, 0x16, 0x15, 0x02, 0x03,
 0x24, 0x11, 0x10, 0x02, 0x11, 0x10, 0x01, 0x04, 0x21, 0x11, 0x10, 0x02,
 0x02, 0x02, 0x25, 0x1c, 0x02, 0x1c, 0x25, 0x02, 0x03, 0x10, 0x02, 0x11,
 0x02, 0x02, 0x10, 0x01, 0x02, 0x13, 0x1e, 0x01, 0x02, 0x27, 0x28, 0x01,
 0x13, 0x03, 0x02, 0x27, 0x28, 0x04, 0x12, 0x07, 0x1e, 0x08, 0x03, 0x07,
 0x1e, 0x12, 0x03, 0x02, 0x13, 0x1e, 0x01, 0x0f, 0x02, 0x0e, 0x13, 0x03,
 0x02, 0x02, 0x10, 0x04, 0x01, 0x0a, 0x02, 0x10, 0x03, 0x10, 0x02, 0x11,
 0x02, 0x02, 0x16, 0x15, 0x02, 0x27, 0x28, 0x02, 0x03, 0x24, 0x11, 0x10,
 0x02, 0x11, 0x10, 0x02, 0x04, 0x21, 0x11, 0x10, 0x02, 0x02, 0x27, 0x28,
 0x01, 0x02, 0x1a, 0x06, 0x01, 0x01, 0x14, 0x02, 0x03, 0x0c, 0x11, 0x10,
 0x02, 0x27, 0x28, 0x02, 0x02, 0x1e, 0x08, 0x03, 0x08, 0x1e, 0x16, 0x02,
 0x02, 0x1b, 0x0b, 0x03, 0x0b, 0x1b, 0x02, 0x02, 0x04, 0x01, 0x0a, 0x02,
 0x10, 0x04, 0x0a, 0x02, 0x10, 0x01, 0x01, 0x02, 0x13, 0x1e, 0x01, 0x02,
 0x27, 0x28, 0x01, 0x02, 0x27, 0x28, 0x01, 0x02, 0x27, 0x28, 0x01, 0x02,
 0x27, 0x28, 0x01, 0x02, 0x27, 0x28, 0x01, 0x02, 0x27, 0x28, 0x01, 0x12,
 0x03, 0x02, 0x27, 0x28, 0x04, 0x12, 0x07, 0x1e, 0x08, 0x03, 0x07, 0x1e,
 0x12, 0x03, 0x02, 0x13, 0x1e, 0x01, 0x0f, 0x02, 0x0e, 0x13, 0x03, 0x02,
 0x02, 0x10, 0x04, 0x01, 0x0a, 0x02, 0x10, 0x03, 0x10, 0x02, 0x11, 0x02,
 0x02, 0x16, 0x15, 0x02, 0x27, 0x28, 0x02, 0x03, 0x24, 0x11, 0x10, 0x02,
 0x11, 0x10, 0x02, 0x04, 0x21, 0x11, 0x10, 0x02, 0x02, 0x27, 0x28, 0x01,
 0x02, 0x1a, 0x06, 0x01, 0x01, 0x14, 0x02, 0x03, 0x0c, 0x11, 0x10, 0x02,
 0x27, 0x28, 0x01, 0x02, 0x1c, 0x25, 0x02, 0x03, 0x03, 0x00, 0x02, 0x03,
 0x00, 0x02, 0x03, 0x02, 0x02, 0x17, 0x16, 0x02, 0x16, 0x15, 0x01, 0x02,
 0x27, 0x28, 0x01, 0x02, 0x27, 0x28, 0x01, 0x02, 0x27, 0x28, 0x01, 0x02,
 0x27, 0x28, 0x01, 0x02, 0x27, 0x28, 0x01, 0x02, 0x27, 0x28, 0x01, 0x12,
 0x03, 0x02, 0x27, 0x28, 0x04, 0x12, 0x07, 0x1e, 0x08, 0x03, 0x07, 0x1e,
 0x12, 0x03, 0x02, 0x13, 0x1e, 0x01, 0x0f, 0x02, 0x0e, 0x13, 0x03, 0x02,
 0x02, 0x10, 0x04, 0x01, 0x0a, 0x02, 0x10, 0x03, 0x10, 0x02, 0x11, 0x02,
 0x02, 0x16, 0x15, 0x02, 0x27, 0x28, 0x02, 0x03, 0x24, 0x11, 0x10, 0x02,
 0x11, 0x10, 0x02, 0x04, 0x21, 0x11, 0x10, 0x02, 0x02, 0x27, 0x28, 0x01,
 0x02, 0x1a, 0x06, 0x01, 0x01, 0x14, 0x02, 0x03, 0x0c, 0x11, 0x10, 0x02,
 0x27, 0x28, 0x01, 0x02, 0x09, 0x08, 0x03, 0x02, 0x02, 0x10, 0x02, 0x27,
 0x28, 0x03, 0x10, 0x02, 0x11, 0x02, 0x02, 0x15, 0x16, 0x02, 0x16, 0x15,
 0x02, 0x03, 0x24, 0x11, 0x10, 0x02, 0x11, 0x10, 0x01, 0x04, 0x21, 0x11,
 0x10, 0x02, 0x02, 0x02, 0x25, 0x1c, 0x02, 0x1c, 0x25, 0x02, 0x03, 0x10,
 0x02, 0x11, 0x02, 0x02, 0x10, 0x01, 0x02, 0x13, 0x1e, 0x01, 0x02, 0x27,
 0x28, 0x01, 0x10, 0x03, 0x02, 0x27, 0x28, 0x04, 0x12, 0x07, 0x1e, 0x08,
 0x03, 0x07, 0x1e, 0x12, 0x03, 0x02, 0x13, 0x1e, 0x01, 0x0f, 0x02, 0x0e,
 0x13, 0x03, 0x02, 0x02, 0x10, 0x04, 0x01, 0x0a, 0x02, 0x10, 0x03, 0x10,
 0x02, 0x11, 0x02, 0x02, 0x16, 0x15, 0x02, 0x27, 0x28, 0x02, 0x03, 0x24,
 0x11, 0x10, 0x02, 0x11, 0x10, 0x02, 0x04, 0x21, 0x11, 0x10, 0x02, 0x02,
 0x27, 0x28, 0x01, 0x02, 0x1a, 0x06, 0x01, 0x01, 0x14, 0x02, 0x03, 0x0c,
 0x11, 0x10, 0x02, 0x27, 0x28, 0x01, 0x02, 0x09, 0x08, 0x03, 0x02, 0x02,
 0x10, 0x02, 0x27, 0x28, 0x03, 0x10, 0x02, 0x11, 0x02, 0x02, 0x1e, 0x08,
 0x03, 0x08, 0x1e, 0x16, 0x02, 0x02, 0x1b, 0x0b, 0x03, 0x0b, 0x1b, 0x02,
 0x02, 0x04, 0x01, 0x0a, 0x02, 0x10, 0x04, 0x0a, 0x02, 0x10, 0x01, 0x01,
 0x02, 0x13, 0x1e, 0x01, 0x02, 0x27, 0x28, 0x01, 0x0f, 0x03, 0x02, 0x27,
 0x28, 0x04, 0x12, 0x07, 0x1e, 0x08, 0x03, 0x07, 0x1e, 0x12, 0x03, 0x02,
 0x13, 0x1e, 0x01, 0x0f, 0x02, 0x0e, 0x13, 0x03, 0x02, 0x02, 0x10, 0x04,
 0x01, 0x0a, 0x02, 0x10, 0x03, 0x10, 0x02, 0x11, 0x02, 0x02, 0x16, 0x15,
 0x02, 0x27, 0x28, 0x02, 0x03, 0x24, 0x11, 0x10, 0x02, 0x11, 0x10, 0x02,
 0x04, 0x21, 0x11, 0x10, 0x02, 0x02, 0x27, 0x28, 0x01, 0x02, 0x1a, 0x06,
 0x01, 0x01, 0x14, 0x02, 0x03, 0x0c, 0x11, 0x10, 0x02, 0x27, 0x28, 0x01,
 0x02, 0x09, 0x08, 0x03, 0x02, 0x02, 0x10, 0x02, 0x27, 0x28, 0x03, 0x10,
 0x02, 0x11, 0x01, 0x02, 0x1c, 0x25, 0x02, 0x03, 0x03, 0x00, 0x02, 0x03,
 0x00, 0x02, 0x03, 0x02, 0x02, 0x17, 0x16, 0x02, 0x16, 0x15, 0x01, 0x02,
 0x27, 0x28, 0x01, 0x12, 0x03, 0x02, 0x27, 0x28, 0x04, 0x12, 0x07, 0x1e,
 0x08, 0x03, 0x07, 0x1e, 0x12, 0x03, 0x02, 0x13, 0x1e, 0x01, 0x0f, 0x02,
 0x0e, 0x13, 0x03, 0x02, 0x02, 0x10, 0x04, 0x01, 0x0a, 0x02, 0x10, 0x03,
 0x10, 0x02, 0x11, 0x02, 0x02, 0x16, 0x15, 0x02, 0x27, 0x28, 0x02, 0x03,
 0x24, 0x11, 0x10, 0x02, 0x11, 0x10, 0x02, 0x04, 0x21, 0x11, 0x10, 0x02,
 0x02, 0x27, 0x28, 0x01, 0x02, 0x1a, 0x06, 0x01, 0x01, 0x14, 0x02, 0x03,
 0x0c, 0x11, 0x10, 0x02, 0x27, 0x28, 0x02, 0x02, 0x15, 0x16, 0x02, 0x16,
 0x15, 0x02, 0x01, 0x05, 0x02, 0x27, 0x28, 0x02, 0x02, 0x15, 0x16, 0x02,
 0x16, 0x15, 0x02, 0x03, 0x24, 0x11, 0x10, 0x02, 0x11, 0x10, 0x01, 0x04,
 0x21, 0x11, 0x10, 0x02, 0x02, 0x02, 0x25, 0x1c, 0x02, 0x1c, 0x25, 0x02,
 0x03, 0x10, 0x02, 0x11, 0x02, 0x02, 0x10, 0x01, 0x02, 0x13, 0x1e, 0x01,
 0x02, 0x27, 0x28, 0x01, 0x10, 0x03, 0x02, 0x27, 0x28, 0x04, 0x12, 0x07,
 0x1e, 0x08, 0x03, 0x07, 0x1e, 0x12, 0x03, 0x02, 0x13, 0x1e, 0x01, 0x0f,
 0x02, 0x0e, 0x13, 0x03, 0x02, 0x02, 0x10, 0x04, 0x01, 0x0a, 0x02, 0x10,
 0x03, 0x10, 0x02, 0x11, 0x02, 0x02, 0x16, 0x15, 0x02, 0x27, 0x28, 0x02,
 0x03, 0x24, 0x11, 0x10, 0x02, 0x11, 0x10, 0x02, 0x04, 0x21, 0x11, 0x10,
 0x02, 0x02, 0x27, 0x28, 0x01, 0x02, 0x1a, 0x06, 0x01, 0x01, 0x14, 0x02,
 0x03, 0x0c, 0x11, 0x10, 0x02, 0x27, 0x28, 0x02, 0x02, 0x15, 0x16, 0x02,
 0x16, 0x15, 0x02, 0x01, 0x05, 0x02, 0x27, 0x28, 0x02, 0x02, 0x1e, 0x08,
 0x03, 0x08, 0x1e, 0x16, 0x02, 0x02, 0x1b, 0x0b, 0x03, 0x0b, 0x1b, 0x02,
 0x02, 0x04, 0x01, 0x0a, 0x02, 0x10, 0x04, 0x0a, 0x02, 0x10, 0x01, 0x01,
 0x02, 0x13, 0x1e, 0x01, 0x02, 0x27, 0x28, 0x01, 0x0f, 0x03, 0x02, 0x27,
 0x28, 0x04, 0x12, 0x07, 0x1e, 0x08, 0x03, 0x07, 0x1e, 0x12, 0x03, 0x02,
 0x13, 0x1e, 0x01, 0x0f, 0x02, 0x0e, 0x13, 0x03, 0x02, 0x02, 0x10, 0x04,
 0x01, 0x0a, 0x02, 0x10, 0x03, 0x10, 0x02, 0x11, 0x02, 0x02, 0x16, 0x15,
 0x02, 0x27, 0x28, 0x02, 0x03, 0x24, 0x11, 0x10, 0x02, 0x11, 0x10, 0x02,
 0x04, 0x21, 0x11, 0x10, 0x02, 0x02, 0x27, 0x28, 0x01, 0x02, 0x1a, 0x06,
 0x01, 0x01, 0x14, 0x02, 0x03, 0x0c, 0x11, 0x10, 0x02, 0x27, 0x28, 0x02,
 0x02, 0x15, 0x16, 0x02, 0x16, 0x15, 0x02, 0x01, 0x05, 0x02, 0x27, 0x28,
 0x01, 0x02, 0x1c, 0x25, 0x02, 0x03, 0x03, 0x00, 0x02, 0x03, 0x00, 0x02,
 0x03, 0x02, 0x02, 0x17, 0x16, 0x02, 0x16, 0x15, 0x01, 0x02, 0x27, 0x28,
 0x01, 0x12, 0x03, 0x02, 0x27, 0x28, 0x04, 0x12, 0x07, 0x1e, 0x08, 0x03,
 0x07, 0x1e, 0x12, 0x03, 0x02, 0x13, 0x1e, 0x01, 0x0f, 0x02, 0x0e, 0x13,
 0x03, 0x02, 0x02, 0x10, 0x04, 0x01, 0x0a, 0x02, 0x10, 0x03, 0x10, 0x02,
 0x11, 0x02, 0x02, 0x16, 0x15, 0x02, 0x27, 0x28, 0x02, 0x03, 0x24, 0x11,
 0x10, 0x02, 0x11, 0x10, 0x02, 0x04, 0x21, 0x11, 0x10, 0x02, 0x02, 0x27,
 0x28, 0x02, 0x02, 0x1c, 0x25, 0x02, 0x25, 0x1c, 0x01, 0x02, 0x1e, 0x08,
 0x02, 0x03, 0x00, 0x02, 0x03, 0x03, 0x0b, 0x1b, 0x02, 0x02, 0x02, 0x1b,
 0x0b, 0x03, 0x0b, 0x1b, 0x02, 0x02, 0x02, 0x1e, 0x08, 0x02, 0x27, 0x28,
 0x02, 0x02, 0x15, 0x16, 0x02, 0x16, 0x15, 0x02, 0x03, 0x24, 0x11, 0x10,
 0x02, 0x11, 0x10, 0x01, 0x04, 0x21, 0x11, 0x10, 0x02, 0x02, 0x02, 0x25,
 0x1c, 0x02, 0x1c, 0x25, 0x02, 0x03, 0x10, 0x02, 0x11, 0x02, 0x02, 0x10,
 0x01, 0x02, 0x13, 0x1e, 0x01, 0x02, 0x27, 0x28, 0x01, 0x10, 0x03, 0x02,
 0x27, 0x28, 0x04, 0x12, 0x07, 0x1e, 0x08, 0x03, 0x07, 0x1e, 0x12, 0x03,
 0x02, 0x13, 0x1e, 0x01, 0x0f, 0x02, 0x0e, 0x13, 0x03, 0x02, 0x02, 0x10,
 0x04, 0x01, 0x0a, 0x02, 0x10, 0x03, 0x10, 0x02, 0x11, 0x02, 0x02, 0x16,
 0x15, 0x02, 0x27, 0x28, 0x02, 0x03, 0x24, 0x11, 0x10, 0x02, 0x11, 0x10,
 0x02, 0x04, 0x21, 0x11, 0x10, 0x02, 0x02, 0x27, 0x28, 0x02, 0x02, 0x1c,
 0x25, 0x02, 0x25, 0x1c, 0x01, 0x02, 0x1e, 0x08, 0x02, 0x03, 0x00, 0x02,
 0x03, 0x03, 0x0b, 0x1b, 0x02, 0x02, 0x02, 0x1b, 0x0b, 0x03, 0x0b, 0x1b,
 0x02, 0x02, 0x02, 0x1e, 0x08, 0x02, 0x27, 0x28, 0x02, 0x02, 0x1e, 0x08,
 0x03, 0x08, 0x1e, 0x16, 0x02, 0x02, 0x1b, 0x0b, 0x03, 0x0b, 0x1b, 0x02,
 0x02, 0x04, 0x01, 0x0a, 0x02, 0x10, 0x04, 0x0a, 0x02, 0x10, 0x01, 0x01,
 0x02, 0x13, 0x1e, 0x01, 0x02, 0x27, 0x28, 0x01, 0x0f, 0x03, 0x02, 0x27,
 0x28, 0x04, 0x12, 0x07, 0x1e, 0x08, 0x03, 0x07, 0x1e, 0x12, 0x03, 0x02,
 0x13, 0x1e, 0x01, 0x0f, 0x02, 0x0e, 0x13, 0x03, 0x02, 0x02, 0x10, 0x04,
 0x01, 0x0a, 0x02, 0x10, 0x03, 0x10, 0x02, 0x11, 0x02, 0x02, 0x16, 0x15,
 0x02, 0x27, 0x28, 0x02, 0x03, 0x24, 0x11, 0x10, 0x02, 0x11, 0x10, 0x02,
 0x04, 0x21, 0x11, 0x10, 0x02, 0x02, 0x27, 0x28, 0x02, 0x02, 0x1c, 0x25,
 0x02, 0x25, 0x1c, 0x01, 0x02, 0x1e, 0x08, 0x02, 0x03, 0x00, 0x02, 0x03,
 0x03, 0x0b, 0x1b, 0x02, 0x02, 0x02, 0x1b, 0x0b, 0x03, 0x0b, 0x1b, 0x02,
 0x02, 0x02, 0x1e, 0x08, 0x02, 0x27, 0x28, 0x01, 0x02, 0x1c, 0x25, 0x02,
 0x03, 0x03, 0x00, 0x02, 0x03, 0x00, 0x02, 0x03, 0x02, 0x02, 0x17, 0x16,
 0x02, 0x16, 0x15, 0x01, 0x02, 0x27, 0x28, 0x01, 0x14, 0x03, 0x02, 0x27,
 0x28, 0x04, 0x12, 0x07, 0x1e, 0x08, 0x03, 0x07, 0x1e, 0x12, 0x03, 0x02,
 0x13, 0x1e, 0x01, 0x0f, 0x02, 0x0e, 0x13, 0x03, 0x02, 0x02, 0x10, 0x04,
 0x01, 0x0a, 0x02, 0x10, 0x03, 0x10, 0x02, 0x11, 0x02, 0x02, 0x16, 0x15,
 0x02, 0x27, 0x28, 0x02, 0x03, 0x24, 0x11, 0x10, 0x02, 0x11, 0x10, 0x02,
 0x04, 0x21, 0x11, 0x10, 0x02, 0x02, 0x27, 0x28, 0x02, 0x02, 0x1c, 0x25,
 0x02, 0x25, 0x1c, 0x01, 0x02, 0x1e, 0x08, 0x02, 0x03, 0x00, 0x02, 0x03,
 0x03, 0x0b, 0x1b, 0x02, 0x02, 0x02, 0x1b, 0x0b, 0x03, 0x0b, 0x1b, 0x02,
 0x02, 0x02, 0x1e, 0x08, 0x02, 0x27, 0x28, 0x01, 0x02, 0x09, 0x08, 0x03,
 0x02, 0x02, 0x10, 0x02, 0x27, 0x28, 0x03, 0x10, 0x02, 0x11, 0x02, 0x02,
 0x15, 0x16, 0x02, 0x16, 0x15, 0x02, 0x03, 0x24, 0x11, 0x10, 0x02, 0x11,
 0x10, 0x01, 0x04, 0x21, 0x11, 0x10, 0x02, 0x02, 0x02, 0x25, 0x1c, 0x02,
 0x1c, 0x25, 0x02, 0x03, 0x10, 0x02, 0x11, 0x02, 0x02, 0x10, 0x01, 0x02,
 0x13, 0x1e, 0x01, 0x02, 0x27, 0x28, 0x01, 0x12, 0x03, 0x02, 0x27, 0x28,
 0x04, 0x12, 0x07, 0x1e, 0x08, 0x03, 0x07, 0x1e, 0x12, 0x03, 0x02, 0x13,
 0x1e, 0x01, 0x0f, 0x02, 0x0e, 0x13, 0x03, 0x02, 0x02, 0x10, 0x04, 0x01,
 0x0a, 0x02, 0x10, 0x03, 0x10, 0x02, 0x11, 0x02, 0x02, 0x16, 0x15, 0x02,
 0x27, 0x28, 0x02, 0x03, 0x24, 0x11, 0x10, 0x02, 0x11, 0x10, 0x02, 0x04,
 0x21, 0x11, 0x10, 0x02, 0x02, 0x27, 0x28, 0x02, 0x02, 0x1c, 0x25, 0x02,
 0x25, 0x1c, 0x01, 0x02, 0x1e, 0x08, 0x02, 0x03, 0x00, 0x02, 0x03, 0x03,
 0x0b, 0x1b, 0x02, 0x02, 0x02, 0x1b, 0x0b, 0x03, 0x0b, 0x1b, 0x02, 0x02,
 0x02, 0x1e, 0x08, 0x02, 0x27, 0x28, 0x01, 0x02, 0x09, 0x08, 0x03, 0x02,
 0x02, 0x10, 0x02, 0x27, 0x28, 0x03, 0x10, 0x02, 0x11, 0x02, 0x02, 0x1e,
 0x08, 0x03, 0x08, 0x1e, 0x16, 0x02, 0x02, 0x1b, 0x0b, 0x03, 0x0b, 0x1b,
 0x02, 0x02, 0x04, 0x01, 0x0a, 0x02, 0x10, 0x04, 0x0a, 0x02, 0x10, 0x01,
 0x01, 0x02, 0x13, 0x1e, 0x01, 0x02, 0x27, 0x28, 0x01, 0x11, 0x03, 0x02,
 0x27, 0x28, 0x04, 0x12, 0x07, 0x1e, 0x08, 0x03, 0x07, 0x1e, 0x12, 0x03,
 0x02, 0x13, 0x1e, 0x01, 0x0f, 0x02, 0x0e, 0x13, 0x03, 0x02, 0x02, 0x10,
 0x04, 0x01, 0x0a, 0x02, 0x10, 0x03, 0x10, 0x02, 0x11, 0x02, 0x02, 0x16,
 0x15, 0x02, 0x27, 0x28, 0x02, 0x03, 0x24, 0x11, 0x10, 0x02, 0x11, 0x10,
 0x02, 0x04, 0x21, 0x11, 0x10, 0x02, 0x02, 0x27, 0x28, 0x02, 0x02, 0x1c,
 0x25, 0x02, 0x25, 0x1c, 0x01, 0x02, 0x1e, 0x08, 0x02, 0x03, 0x00, 0x02,
 0x03, 0x03, 0x0b, 0x1b, 0x02, 0x02, 0x02, 0x1b, 0x0b, 0x03, 0x0b, 0x1b,
 0x02, 0x02, 0x02, 0x1e, 0x08, 0x02, 0x27, 0x28, 0x01, 0x02, 0x09, 0x08,
 0x03, 0x02, 0x02, 0x10, 0x02, 0x27, 0x28, 0x03, 0x10, 0x02, 0x11, 0x01,
 0x02, 0x1c, 0x25, 0x02, 0x03, 0x03, 0x00, 0x02, 0x03, 0x00, 0x02, 0x03,
 0x02, 0x02, 0x17, 0x16, 0x02, 0x16, 0x15, 0x01, 0x02, 0x27, 0x28, 0x01,
 0x14, 0x03, 0x02, 0x27, 0x28, 0x04, 0x12, 0x07, 0x1e, 0x08, 0x03, 0x07,
 0x1e, 0x12, 0x03, 0x02, 0x13, 0x1e, 0x01, 0x0f, 0x02, 0x0e, 0x13, 0x03,
 0x02, 0x02, 0x10, 0x04, 0x01, 0x0a, 0x02, 0x10, 0x03, 0x10, 0x02, 0x11,
 0x02, 0x02, 0x16, 0x15, 0x02, 0x27, 0x28, 0x02, 0x03, 0x24, 0x11, 0x10,
 0x02, 0x11, 0x10, 0x02, 0x04, 0x21, 0x11, 0x10, 0x02, 0x02, 0x27, 0x28,
 0x02, 0x02, 0x1c, 0x25, 0x02, 0x25, 0x1c, 0x01, 0x02, 0x1e, 0x08, 0x02,
 0x03, 0x00, 0x02, 0x03, 0x03, 0x0b, 0x1b, 0x02, 0x02, 0x02, 0x1b, 0x0b,
 0x03, 0x0b, 0x1b, 0x02, 0x02, 0x02, 0x1e, 0x08, 0x02, 0x27, 0x28, 0x02,
 0x02, 0x15, 0x16, 0x02, 0x16, 0x15, 0x02, 0x01, 0x05, 0x02, 0x27, 0x28,
 0x02, 0x02, 0x15, 0x16, 0x02, 0x16, 0x15, 0x02, 0x03, 0x24, 0x11, 0x10,
 0x02, 0x11, 0x10, 0x01, 0x04, 0x21, 0x11, 0x10, 0x02, 0x02, 0x02, 0x25,
 0x1c, 0x02, 0x1c, 0x25, 0x02, 0x03, 0x10, 0x02, 0x11, 0x02, 0x02, 0x10,
 0x01, 0x02, 0x13, 0x1e, 0x01, 0x02, 0x27, 0x28, 0x01, 0x12, 0x03, 0x02,
 0x27, 0x28, 0x04, 0x12, 0x07, 0x1e, 0x08, 0x03, 0x07, 0x1e, 0x12, 0x03,
 0x02, 0x13, 0x1e, 0x01, 0x0f, 0x02, 0x0e, 0x13, 0x03, 0x02, 0x02, 0x10,
 0x04, 0x01, 0x0a, 0x02, 0x10, 0x03, 0x10, 0x02, 0x11, 0x02, 0x02, 0x16,
 0x15, 0x02, 0x27, 0x28, 0x02, 0x03, 0x24, 0x11, 0x10, 0x02, 0x11, 0x10,
 0x02, 0x04, 0x21, 0x11, 0x10, 0x02, 0x02, 0x27, 0x28, 0x02, 0x02, 0x1c,
 0x25, 0x02, 0x25, 0x1c, 0x01, 0x02, 0x1e, 0x08, 0x02, 0x03, 0x00, 0x02,
 0x03, 0x03, 0x0b, 0x1b, 0x02, 0x02, 0x02, 0x1b, 0x0b, 0x03, 0x0b, 0x1b,
 0x02, 0x02, 0x02, 0x1e, 0x08, 0x02, 0x27, 0x28, 0x02, 0x02, 0x15, 0x16,
 0x02, 0x16, 0x15, 0x02, 0x01, 0x05, 0x02, 0x27, 0x28, 0x02, 0x02, 0x1e,
 0x08, 0x03, 0x08, 0x1e, 0x16, 0x02, 0x02, 0x1b, 0x0b, 0x03, 0x0b, 0x1b,
 0x02, 0x02, 0x04, 0x01, 0x0a, 0x02, 0x10, 0x04, 0x0a, 0x02, 0x10, 0x01,
 0x01, 0x02, 0x13, 0x1e, 0x01, 0x02, 0x27, 0x28, 0x01, 0x11, 0x03, 0x02,
 0x27, 0x28, 0x04, 0x12, 0x07, 0x1e, 0x08, 0x03, 0x07, 0x1e, 0x12, 0x03,
 0x02, 0x13, 0x1e, 0x01, 0x0f, 0x02, 0x0e, 0x13, 0x03, 0x02, 0x02, 0x10,
 0x04, 0x01, 0x0a, 0x02, 0x10, 0x03, 0x10, 0x02, 0x11, 0x02, 0x02, 0x16,
 0x15, 0x02, 0x27, 0x28, 0x02, 0x03, 0x24, 0x11, 0x10, 0x02, 0x11, 0x10,
 0x02, 0x04, 0x21, 0x11, 0x10, 0x02, 0x02, 0x27, 0x28, 0x02, 0x02, 0x1c,
 0x25, 0x02, 0x25, 0x1c, 0x01, 0x02, 0x1e, 0x08, 0x02, 0x03, 0x00, 0x02,
 0x03, 0x03, 0x0b, 0x1b, 0x02, 0x02, 0x02, 0x1b, 0x0b, 0x03, 0x0b, 0x1b,
 0x02, 0x02, 0x02, 0x1e, 0x08, 0x02, 0x27, 0x28, 0x02, 0x02, 0x15, 0x16,
 0x02, 0x16, 0x15, 0x02, 0x01, 0x05, 0x02, 0x27, 0x28, 0x01, 0x02, 0x1c,
 0x25, 0x02, 0x03, 0x03, 0x00, 0x02, 0x03, 0x00, 0x02, 0x03, 0x02, 0x02,
 0x17, 0x16, 0x02, 0x16, 0x15, 0x01, 0x02, 0x27, 0x28, 0x01, 0x10, 0x03,
 0x02, 0x27, 0x28, 0x04, 0x12, 0x07, 0x1e, 0x08, 0x03, 0x07, 0x1e, 0x12,
 0x02, 0x04, 0x0a, 0x02, 0x10, 0x01, 0x04, 0x01, 0x0a, 0x02, 0x10, 0x01,
 0x02, 0x16, 0x15, 0x03, 0x03, 0x08, 0x1e, 0x16, 0x02, 0x27, 0x28, 0x02,
 0x1e, 0x08, 0x02, 0x02, 0x15, 0x16, 0x02, 0x16, 0x15, 0x02, 0x03, 0x24,
 0x11, 0x10, 0x02, 0x11, 0x10, 0x01, 0x04, 0x21, 0x11, 0x10, 0x02, 0x02,
 0x02, 0x25, 0x1c, 0x02, 0x1c, 0x25, 0x02, 0x03, 0x10, 0x02, 0x11, 0x02,
 0x02, 0x10, 0x01, 0x02, 0x13, 0x1e, 0x01, 0x02, 0x27, 0x28, 0x01, 0x02,
 0x27, 0x28, 0x01, 0x02, 0x27, 0x28, 0x01, 0x02, 0x27, 0x28, 0x01, 0x02,
 0x27, 0x28, 0x01, 0x02, 0x27, 0x28, 0x01, 0x0e, 0x03, 0x02, 0x27, 0x28,
 0x04, 0x12, 0x07, 0x1e, 0x08, 0x03, 0x07, 0x1e, 0x12, 0x02, 0x04, 0x0a,
 0x02, 0x10, 0x01, 0x04, 0x01, 0x0a, 0x02, 0x10, 0x01, 0x02, 0x16, 0x15,
 0x03, 0x03, 0x08, 0x1e, 0x16, 0x02, 0x27, 0x28, 0x02, 0x1e, 0x08, 0x02,
 0x02, 0x1e, 0x08, 0x03, 0x08, 0x1e, 0x16, 0x02, 0x02, 0x1b, 0x0b, 0x03,
 0x0b, 0x1b, 0x02, 0x02, 0x04, 0x01, 0x0a, 0x02, 0x10, 0x04, 0x0a, 0x02,
 0x10, 0x01, 0x01, 0x02, 0x13, 0x1e, 0x01, 0x02, 0x27, 0x28, 0x01, 0x02,
 0x27, 0x28, 0x01, 0x02, 0x27, 0x28, 0x01, 0x02, 0x27, 0x28, 0x01, 0x02,
 0x27, 0x28, 0x01, 0x02, 0x27, 0x28, 0x01, 0x12, 0x03, 0x02, 0x27, 0x28,
 0x04, 0x12, 0x07, 0x1e, 0x08, 0x03, 0x07, 0x1e, 0x12, 0x02, 0x04, 0x0a,
 0x02, 0x10, 0x01, 0x04, 0x01, 0x0a, 0x02, 0x10, 0x01, 0x02, 0x16, 0x15,
 0x03, 0x03, 0x08, 0x1e, 0x16, 0x02, 0x27, 0x28, 0x02, 0x1e, 0x08, 0x01,
 0x02, 0x09, 0x08, 0x03, 0x02, 0x02, 0x10, 0x02, 0x27, 0x28, 0x03, 0x10,
 0x02, 0x11, 0x02, 0x02, 0x15, 0x16, 0x02, 0x16, 0x15, 0x02, 0x03, 0x24,
 0x11, 0x10, 0x02, 0x11, 0x10, 0x01, 0x04, 0x21, 0x11, 0x10, 0x02, 0x02,
 0x02, 0x25, 0x1c, 0x02, 0x1c, 0x25, 0x02, 0x03, 0x10, 0x02, 0x11, 0x02,
 0x02, 0x10, 0x01, 0x02, 0x13, 0x1e, 0x01, 0x02, 0x27, 0x28, 0x01, 0x02,
 0x27, 0x28, 0x01, 0x02, 0x27, 0x28, 0x01, 0x02, 0x27, 0x28, 0x01, 0x02,
 0x27, 0x28, 0x01, 0x02, 0x27, 0x28, 0x01, 0x10, 0x03, 0x02, 0x27, 0x28,
 0x04, 0x12, 0x07, 0x1e, 0x08, 0x03, 0x07, 0x1e, 0x12, 0x02, 0x04, 0x0a,
 0x02, 0x10, 0x01, 0x04, 0x01, 0x0a, 0x02, 0x10, 0x01, 0x02, 0x16, 0x15,
 0x03, 0x03, 0x08, 0x1e, 0x16, 0x02, 0x27, 0x28, 0x02, 0x1e, 0x08, 0x01,
 0x02, 0x09, 0x08, 0x03, 0x02, 0x02, 0x10, 0x02, 0x27, 0x28, 0x03, 0x10,
 0x02, 0x11, 0x02, 0x02, 0x1e, 0x08, 0x03, 0x08, 0x1e, 0x16, 0x02, 0x02,
 0x1b, 0x0b, 0x03, 0x0b, 0x1b, 0x02, 0x02, 0x04, 0x01, 0x0a, 0x02, 0x10,
 0x04, 0x0a, 0x02, 0x10, 0x01, 0x01, 0x02, 0x13, 0x1e, 0x01, 0x02, 0x27,
 0x28, 0x01, 0x02, 0x27, 0x28, 0x01, 0x02, 0x27, 0x28, 0x01, 0x02, 0x27,
 0x28, 0x01, 0x02, 0x27, 0x28, 0x01, 0x02, 0x27, 0x28, 0x01, 0x10, 0x03,
 0x02, 0x27, 0x28, 0x04, 0x12, 0x07, 0x1e, 0x08, 0x03, 0x07, 0x1e, 0x12,
 0x03, 0x02, 0x13, 0x1e, 0x01, 0x0f, 0x02, 0x0e, 0x13, 0x03, 0x02, 0x02,
 0x10, 0x04, 0x01, 0x0a, 0x02, 0x10, 0x03, 0x10, 0x02, 0x11, 0x02, 0x02,
 0x16, 0x15, 0x02, 0x27, 0x28, 0x02, 0x03, 0x24, 0x11, 0x10, 0x02, 0x11,
 0x10, 0x02, 0x04, 0x21, 0x11, 0x10, 0x02, 0x02, 0x27, 0x28, 0x02, 0x04,
 0x0a, 0x02, 0x10, 0x01, 0x04, 0x01, 0x0a, 0x02, 0x10, 0x01, 0x02, 0x16,
 0x15, 0x03, 0x03, 0x08, 0x1e, 0x16, 0x02, 0x27, 0x28, 0x02, 0x1e, 0x08,
 0x02, 0x02, 0x15, 0x16, 0x02, 0x16, 0x15, 0x02, 0x03, 0x24, 0x11, 0x10,
 0x02, 0x11, 0x10, 0x01, 0x04, 0x21, 0x11, 0x10, 0x02, 0x02, 0x02, 0x25,
 0x1c, 0x02, 0x1c, 0x25, 0x02, 0x03, 0x10, 0x02, 0x11, 0x02, 0x02, 0x10,
 0x01, 0x02, 0x13, 0x1e, 0x01, 0x02, 0x27, 0x28, 0x01, 0x13, 0x03, 0x02,
 0x27, 0x28, 0x04, 0x12, 0x07, 0x1e, 0x08, 0x03, 0x07, 0x1e, 0x12, 0x03,
 0x02, 0x13, 0x1e, 0x01, 0x0f, 0x02, 0x0e, 0x13, 0x03, 0x02, 0x02, 0x10,
 0x04, 0x01, 0x0a, 0x02, 0x10, 0x03, 0x10, 0x02, 0x11, 0x02, 0x02, 0x16,
 0x15, 0x02, 0x27, 0x28, 0x02, 0x03, 0x24, 0x11, 0x10, 0x02, 0x11, 0x10,
 0x02, 0x04, 0x21, 0x11, 0x10, 0x02, 0x02, 0x27, 0x28, 0x02, 0x04, 0x0a,
 0x02, 0x10, 0x01, 0x04, 0x01, 0x0a, 0x02, 0x10, 0x01, 0x02, 0x16, 0x15,
 0x03, 0x03, 0x08, 0x1e, 0x16, 0x02, 0x27, 0x28, 0x02, 0x1e, 0x08, 0x02,
 0x02, 0x1e, 0x08, 0x03, 0x08, 0x1e, 0x16, 0x02, 0x02, 0x1b, 0x0b, 0x03,
 0x0b, 0x1b, 0x02, 0x02, 0x04, 0x01, 0x0a, 0x02, 0x10, 0x04, 0x0a, 0x02,
 0x10, 0x01, 0x01, 0x02, 0x13, 0x1e, 0x01, 0x02, 0x27, 0x28, 0x01, 0x02,
 0x27, 0x28, 0x01, 0x02, 0x27, 0x28, 0x01, 0x02, 0x27, 0x28, 0x01, 0x02,
 0x27, 0x28, 0x01, 0x02, 0x27, 0x28, 0x01, 0x12, 0x03, 0x02, 0x27, 0x28,
 0x04, 0x12, 0x07, 0x1e, 0x08, 0x03, 0x07, 0x1e, 0x12, 0x03, 0x02, 0x13,
 0x1e, 0x01, 0x0f, 0x02, 0x0e, 0x13, 0x03, 0x02, 0x02, 0x10, 0x04, 0x01,
 0x0a, 0x02, 0x10, 0x03, 0x10, 0x02, 0x11, 0x02, 0x02, 0x16, 0x15, 0x02,
 0x27, 0x28, 0x02, 0x03, 0x24, 0x11, 0x10, 0x02, 0x11, 0x10, 0x02, 0x04,
 0x21, 0x11, 0x10, 0x02, 0x02, 0x27, 0x28, 0x02, 0x04, 0x0a, 0x02, 0x10,
 0x01, 0x04, 0x01, 0x0a, 0x02, 0x10, 0x01, 0x02, 0x16, 0x15, 0x03, 0x03,
 0x08, 0x1e, 0x16, 0x02, 0x27, 0x28, 0x02, 0x1e, 0x08, 0x01, 0x02, 0x09,
 0x08, 0x03, 0x02, 0x02, 0x10, 0x02, 0x27, 0x28, 0x03, 0x10, 0x02, 0x11,
 0x02, 0x02, 0x15, 0x16, 0x02, 0x16, 0x15, 0x02, 0x03, 0x24, 0x11, 0x10,
 0x02, 0x11, 0x10, 0x01, 0x04, 0x21, 0x11, 0x10, 0x02, 0x02, 0x02, 0x25,
 0x1c, 0x02, 0x1c, 0x25, 0x02, 0x03, 0x10, 0x02, 0x11, 0x02, 0x02, 0x10,
 0x01, 0x02, 0x13, 0x1e, 0x01, 0x02, 0x27, 0x28, 0x01, 0x10, 0x03, 0x02,
 0x27, 0x28, 0x04, 0x12, 0x07, 0x1e, 0x08, 0x03, 0x07, 0x1e, 0x12, 0x03,
 0x02, 0x13, 0x1e, 0x01, 0x0f, 0x02, 0x0e, 0x13, 0x03, 0x02, 0x02, 0x10,
 0x04, 0x01, 0x0a, 0x02, 0x10, 0x03, 0x10, 0x02, 0x11, 0x02, 0x02, 0x16,
 0x15, 0x02, 0x27, 0x28, 0x02, 0x03, 0x24, 0x11, 0x10, 0x02, 0x11, 0x10,
 0x02, 0x04, 0x21, 0x11, 0x10, 0x02, 0x02, 0x27, 0x28, 0x02, 0x04, 0x0a,
 0x02, 0x10, 0x01, 0x04, 0x01, 0x0a, 0x02, 0x10, 0x01, 0x02, 0x16, 0x15,
 0x03, 0x03, 0x08, 0x1e, 0x16, 0x02, 0x27, 0x28, 0x02, 0x1e, 0x08, 0x01,
 0x02, 0x09, 0x08, 0x03, 0x02, 0x02, 0x10, 0x02, 0x27, 0x28, 0x03, 0x10,
 0x02, 0x11, 0x02, 0x02, 0x1e, 0x08, 0x03, 0x08, 0x1e, 0x16, 0x02, 0x02,
 0x1b, 0x0b, 0x03, 0x0b, 0x1b, 0x02, 0x02, 0x04, 0x01, 0x0a, 0x02, 0x10,
 0x04, 0x0a, 0x02, 0x10, 0x01, 0x01, 0x02, 0x13, 0x1e, 0x01, 0x02, 0x27,
 0x28, 0x01, 0x10, 0x03, 0x02, 0x27, 0x28, 0x04, 0x12, 0x07, 0x1e, 0x08,
 0x03, 0x07, 0x1e, 0x12, 0x01, 0x02, 0x1a, 0x06, 0x02, 0x03, 0x03, 0x00,
 0x02, 0x03, 0x00, 0x02, 0x03, 0x03, 0x02, 0x25, 0x1c, 0x02, 0x27, 0x28,
 0x02, 0x1c, 0x25, 0x02, 0x02, 0x15, 0x16, 0x02, 0x16, 0x15, 0x02, 0x03,
 0x24, 0x11, 0x10, 0x02, 0x11, 0x10, 0x01, 0x04, 0x21, 0x11, 0x10, 0x02,
 0x02, 0x02, 0x25, 0x1c, 0x02, 0x1c, 0x25, 0x02, 0x03, 0x10, 0x02, 0x11,
 0x02, 0x02, 0x10, 0x01, 0x02, 0x13, 0x1e, 0x01, 0x02, 0x27, 0x28, 0x01,
 0x02, 0x27, 0x28, 0x01, 0x02, 0x27, 0x28, 0x01, 0x02, 0x27, 0x28, 0x01,
 0x02, 0x27, 0x28, 0x01, 0x02, 0x27, 0x28, 0x01, 0x0e, 0x03, 0x02, 0x27,
 0x28, 0x04, 0x12, 0x07, 0x1e, 0x08, 0x03, 0x07, 0x1e, 0x12, 0x01, 0x02,
 0x1a, 0x06, 0x02, 0x03, 0x03, 0x00, 0x02, 0x03, 0x00, 0x02, 0x03, 0x03,
 0x02, 0x25, 0x1c, 0x02, 0x27, 0x28, 0x02, 0x1c, 0x25, 0x02, 0x02, 0x1e,
 0x08, 0x03, 0x08, 0x1e, 0x16, 0x02, 0x02, 0x1b, 0x0b, 0x03, 0x0b, 0x1b,
 0x02, 0x02, 0x04, 0x01, 0x0a, 0x02, 0x10, 0x04, 0x0a, 0x02, 0x10, 0x01,
 0x01, 0x02, 0x13, 0x1e, 0x01, 0x02, 0x27, 0x28, 0x01, 0x02, 0x27, 0x28,
 0x01, 0x02, 0x27, 0x28, 0x01, 0x02, 0x27, 0x28, 0x01, 0x02, 0x27, 0x28,
 0x01, 0x02, 0x27, 0x28, 0x01, 0x12, 0x03, 0x02, 0x27, 0x28, 0x04, 0x12,
 0x07, 0x1e, 0x08, 0x03, 0x07, 0x1e, 0x12, 0x01, 0x02, 0x1a, 0x06, 0x02,
 0x03, 0x03, 0x00, 0x02, 0x03, 0x00, 0x02, 0x03, 0x03, 0x02, 0x25, 0x1c,
 0x02, 0x27, 0x28, 0x02, 0x1c, 0x25, 0x01, 0x02, 0x09, 0x08, 0x03, 0x02,
 0x02, 0x10, 0x02, 0x27, 0x28, 0x03, 0x10, 0x02, 0x11, 0x02, 0x02, 0x15,
 0x16, 0x02, 0x16, 0x15, 0x02, 0x03, 0x24, 0x11, 0x10, 0x02, 0x11, 0x10,
 0x01, 0x04, 0x21, 0x11, 0x10, 0x02, 0x02, 0x02, 0x25, 0x1c, 0x02, 0x1c,
 0x25, 0x02, 0x03, 0x10, 0x02, 0x11, 0x02, 0x02, 0x10, 0x01, 0x02, 0x13,
 0x1e, 0x01, 0x02, 0x27, 0x28, 0x01, 0x02, 0x27, 0x28, 0x01, 0x02, 0x27,
 0x28, 0x01, 0x02, 0x27, 0x28, 0x01, 0x02, 0x27, 0x28, 0x01, 0x02, 0x27,
 0x28, 0x01, 0x10, 0x03, 0x02, 0x27, 0x28, 0x04, 0x12, 0x07, 0x1e, 0x08,
 0x03, 0x07, 0x1e, 0x12, 0x01, 0x02, 0x1a, 0x06, 0x02, 0x03, 0x03, 0x00,
 0x02, 0x03, 0x00, 0x02, 0x03, 0x03, 0x02, 0x25, 0x1c, 0x02, 0x27, 0x28,
 0x02, 0x1c, 0x25, 0x01, 0x02, 0x09, 0x08, 0x03, 0x02, 0x02, 0x10, 0x02,
 0x27, 0x28, 0x03, 0x10, 0x02, 0x11, 0x02, 0x02, 0x1e, 0x08, 0x03, 0x08,
 0x1e, 0x16, 0x02, 0x02, 0x1b, 0x0b, 0x03, 0x0b, 0x1b, 0x02, 0x02, 0x04,
 0x01, 0x0a, 0x02, 0x10, 0x04, 0x0a, 0x02, 0x10, 0x01, 0x01, 0x02, 0x13,
 0x1e, 0x01, 0x02, 0x27, 0x28, 0x01, 0x02, 0x27, 0x28, 0x01, 0x02, 0x27,
 0x28, 0x01, 0x02, 0x27, 0x28, 0x01, 0x02, 0x27, 0x28, 0x01, 0x02, 0x27,
 0x28, 0x01, 0x10, 0x03, 0x02, 0x27, 0x28, 0x04, 0x12, 0x07, 0x1e, 0x08,
 0x03, 0x07, 0x1e, 0x12, 0x03, 0x02, 0x13, 0x1e, 0x01, 0x0f, 0x02, 0x0e,
 0x13, 0x03, 0x02, 0x02, 0x10, 0x04, 0x01, 0x0a, 0x02, 0x10, 0x03, 0x10,
 0x02, 0x11, 0x02, 0x02, 0x16, 0x15, 0x02, 0x27, 0x28, 0x02, 0x03, 0x24,
 0x11, 0x10, 0x02, 0x11, 0x10, 0x02, 0x04, 0x21, 0x11, 0x10, 0x02, 0x02,
 0x27, 0x28, 0x01, 0x02, 0x1a, 0x06, 0x02, 0x03, 0x03, 0x00, 0x02, 0x03,
 0x00, 0x02, 0x03, 0x03, 0x02, 0x25, 0x1c, 0x02, 0x27, 0x28, 0x02, 0x1c,
 0x25, 0x02, 0x02, 0x15, 0x16, 0x02, 0x16, 0x15, 0x02, 0x03, 0x24, 0x11,
 0x10, 0x02, 0x11, 0x10, 0x01, 0x04, 0x21, 0x11, 0x10, 0x02, 0x02, 0x02,
 0x25, 0x1c, 0x02, 0x1c, 0x25, 0x02, 0x03, 0x10, 0x02, 0x11, 0x02, 0x02,
 0x10, 0x01, 0x02, 0x13, 0x1e, 0x01, 0x02, 0x27, 0x28, 0x01, 0x13, 0x03,
 0x02, 0x27, 0x28, 0x04, 0x12, 0x07, 0x1e, 0x08, 0x03, 0x07, 0x1e, 0x12,
 0x03, 0x02, 0x13, 0x1e, 0x01, 0x0f, 0x02, 0x0e, 0x13, 0x03, 0x02, 0x02,
 0x10, 0x04, 0x01, 0x0a, 0x02, 0x10, 0x03, 0x10, 0x02, 0x11, 0x02, 0x02,
 0x16, 0x15, 0x02, 0x27, 0x28, 0x02, 0x03, 0x24, 0x11, 0x10, 0x02, 0x11,
 0x10, 0x02, 0x04, 0x21, 0x11, 0x10, 0x02, 0x02, 0x27, 0x28, 0x01, 0x02,
 0x1a, 0x06, 0x02, 0x03, 0x03, 0x00, 0x02, 0x03, 0x00, 0x02, 0x03, 0x03,
 0x02, 0x25, 0x1c, 0x02, 0x27, 0x28, 0x02, 0x1c, 0x25, 0x02, 0x02, 0x1e,
 0x08, 0x03, 0x08, 0x1e, 0x16, 0x02, 0x02, 0x1b, 0x0b, 0x03, 0x0b, 0x1b,
 0x02, 0x02, 0x04, 0x01, 0x0a, 0x02, 0x10, 0x04, 0x0a, 0x02, 0x10, 0x01,
 0x01, 0x02, 0x13, 0x1e, 0x01, 0x02, 0x27, 0x28, 0x01, 0x02, 0x27, 0x28,
 0x01, 0x02, 0x27, 0x28, 0x01, 0x02, 0x27, 0x28, 0x01, 0x02, 0x27, 0x28,
 0x01, 0x02, 0x27, 0x28, 0x01, 0x12, 0x03, 0x02, 0x27, 0x28, 0x04, 0x12,
 0x07, 0x1e, 0x08, 0x03, 0x07, 0x1e, 0x12, 0x03, 0x02, 0x13, 0x1e, 0x01,
 0x0f, 0x02, 0x0e, 0x13, 0x03, 0x02, 0x02, 0x10, 0x04, 0x01, 0x0a, 0x02,
 0x10, 0x03, 0x10, 0x02, 0x11, 0x02, 0x02, 0x16, 0x15, 0x02, 0x27, 0x28,
 0x02, 0x03, 0x24, 0x11, 0x10, 0x02, 0x11, 0x10, 0x02, 0x04, 0x21, 0x11,
 0x10, 0x02, 0x02, 0x27, 0x28, 0x01, 0x02, 0x1a, 0x06, 0x02, 0x03, 0x03,
 0x00, 0x02, 0x03, 0x00, 0x02, 0x03, 0x03, 0x02, 0x25, 0x1c, 0x02, 0x27,
 0x28, 0x02, 0x1c, 0x25, 0x01, 0x02, 0x09, 0x08, 0x03, 0x02, 0x02, 0x10,
 0x02, 0x27, 0x28, 0x03, 0x10, 0x02, 0x11, 0x02, 0x02, 0x15, 0x16, 0x02,
 0x16, 0x15, 0x02, 0x03, 0x24, 0x11, 0x10, 0x02, 0x11, 0x10, 0x01, 0x04,
 0x21, 0x11, 0x10, 0x02, 0x02, 0x02, 0x25, 0x1c, 0x02, 0x1c, 0x25, 0x02,
 0x03, 0x10, 0x02, 0x11, 0x02, 0x02, 0x10, 0x01, 0x02, 0x13, 0x1e, 0x01,
 0x02, 0x27, 0x28, 0x01, 0x10, 0x03, 0x02, 0x27, 0x28, 0x04, 0x12, 0x07,
 0x1e, 0x08, 0x03, 0x07, 0x1e, 0x12, 0x03, 0x02, 0x13, 0x1e, 0x01, 0x0f,
 0x02, 0x0e, 0x13, 0x03, 0x02, 0x02, 0x10, 0x04, 0x01, 0x0a, 0x02, 0x10,
 0x03, 0x10, 0x02, 0x11, 0x02, 0x02, 0x16, 0x15, 0x02, 0x27, 0x28, 0x02,
 0x03, 0x24, 0x11, 0x10, 0x02, 0x11, 0x10, 0x02, 0x04, 0x21, 0x11, 0x10,
 0x02, 0x02, 0x27, 0x28, 0x01, 0x02, 0x1a, 0x06, 0x02, 0x03, 0x03, 0x00,
 0x02, 0x03, 0x00, 0x02, 0x03, 0x03, 0x02, 0x25, 0x1c, 0x02, 0x27, 0x28,
 0x02, 0x1c, 0x25, 0x01, 0x02, 0x09, 0x08, 0x03, 0x02, 0x02, 0x10, 0x02,
 0x27, 0x28, 0x03, 0x10, 0x02, 0x11, 0x02, 0x02, 0x1e, 0x08, 0x03, 0x08,
 0x1e, 0x16, 0x02, 0x02, 0x1b, 0x0b, 0x03, 0x0b, 0x1b, 0x02, 0x02, 0x04,
 0x01, 0x0a, 0x02, 0x10, 0x04, 0x0a, 0x02, 0x10, 0x01, 0x01, 0x02, 0x13,
 0x1e, 0x01, 0x02, 0x27, 0x28, 0x01, 0x0f, 0x03, 0x02, 0x27, 0x28, 0x04,
 0x12, 0x07, 0x1e, 0x08, 0x03, 0x07, 0x1e, 0x12, 0x01, 0x02, 0x16, 0x15,
 0x02, 0x04, 0x0a, 0x02, 0x10, 0x01, 0x04, 0x01, 0x0a, 0x02, 0x10, 0x01,
 0x02, 0x13, 0x1e, 0x02, 0x02, 0x1c, 0x25, 0x02, 0x27, 0x28, 0x02, 0x02,
 0x1e, 0x08, 0x03, 0x08, 0x1e, 0x16, 0x02, 0x02, 0x1b, 0x0b, 0x03, 0x0b,
 0x1b, 0x02, 0x02, 0x04, 0x01, 0x0a, 0x02, 0x10, 0x04, 0x0a, 0x02, 0x10,
 0x01, 0x01, 0x02, 0x13, 0x1e, 0x01, 0x02, 0x27, 0x28, 0x01, 0x02, 0x27,
 0x28, 0x01, 0x02, 0x27, 0x28, 0x01, 0x02, 0x27, 0x28, 0x01, 0x02, 0x27,
 0x28, 0x01, 0x02, 0x27, 0x28, 0x01, 0x10, 0x03, 0x02, 0x27, 0x28, 0x04,
 0x12, 0x07, 0x1e, 0x08, 0x03, 0x07, 0x1e, 0x12, 0x01, 0x02, 0x1c, 0x25,
 0x01, 0x02, 0x23, 0x14, 0x02, 0x03, 0x10, 0x02, 0x11, 0x02, 0x02, 0x10,
 0x03, 0x03, 0x07, 0x1e, 0x12, 0x02, 0x27, 0x28, 0x02, 0x1e, 0x08, 0x01,
 0x02, 0x1e, 0x08, 0x04, 0x04, 0x21, 0x11, 0x10, 0x02, 0x02, 0x02, 0x10,
 0x03, 0x10, 0x02, 0x11, 0x02, 0x27, 0x28, 0x01, 0x02, 0x16, 0x15, 0x02,
 0x04, 0x0a, 0x02, 0x10, 0x01, 0x04, 0x01, 0x0a, 0x02, 0x10, 0x01, 0x02,
 0x13, 0x1e, 0x02, 0x02, 0x1c, 0x25, 0x02, 0x27, 0x28, 0x02, 0x02, 0x1e,
 0x08, 0x03, 0x08, 0x1e, 0x16, 0x02, 0x02, 0x1b, 0x0b, 0x03, 0x0b, 0x1b,
 0x02, 0x02, 0x04, 0x01, 0x0a, 0x02, 0x10, 0x04, 0x0a, 0x02, 0x10, 0x01,
 0x01, 0x02, 0x13, 0x1e, 0x01, 0x02, 0x27, 0x28, 0x01, 0x13, 0x03, 0x02,
 0x27, 0x28, 0x04, 0x12, 0x07, 0x1e, 0x08, 0x03, 0x07, 0x1e, 0x12, 0x02,
 0x02, 0x0e, 0x13, 0x02, 0x13, 0x1e, 0x02, 0x03, 0x18, 0x02, 0x14, 0x02,
 0x27, 0x28, 0x01, 0x02, 0x1e, 0x08, 0x04, 0x04, 0x21, 0x11, 0x10, 0x02,
 0x02, 0x02, 0x10, 0x03, 0x10, 0x02, 0x11, 0x02, 0x27, 0x28, 0x01, 0x02,
 0x16, 0x15, 0x02, 0x04, 0x0a, 0x02, 0x10, 0x01, 0x04, 0x01, 0x0a, 0x02,
 0x10, 0x01, 0x02, 0x13, 0x1e, 0x02, 0x02, 0x1c, 0x25, 0x02, 0x27, 0x28,
 0x02, 0x02, 0x1e, 0x08, 0x03, 0x08, 0x1e, 0x16, 0x02, 0x02, 0x1b, 0x0b,
 0x03, 0x0b, 0x1b, 0x02, 0x02, 0x04, 0x01, 0x0a, 0x02, 0x10, 0x04, 0x0a,
 0x02, 0x10, 0x01, 0x01, 0x02, 0x13, 0x1e, 0x01, 0x02, 0x27, 0x28, 0x01,
 0x02, 0x27, 0x28, 0x01, 0x02, 0x27, 0x28, 0x01, 0x02, 0x27, 0x28, 0x01,
 0x02, 0x27, 0x28, 0x01, 0x02, 0x27, 0x28, 0x01, 0x0f, 0x03, 0x02, 0x27,
 0x28, 0x04, 0x12, 0x07, 0x1e, 0x08, 0x03, 0x07, 0x1e, 0x12, 0x03, 0x02,
 0x13, 0x1e, 0x01, 0x0f, 0x02, 0x0e, 0x13, 0x03, 0x02, 0x02, 0x10, 0x04,
 0x01, 0x0a, 0x02, 0x10, 0x03, 0x10, 0x02, 0x11, 0x02, 0x02, 0x16, 0x15,
 0x02, 0x27, 0x28, 0x02, 0x03, 0x24, 0x11, 0x10, 0x02, 0x11, 0x10, 0x02,
 0x04, 0x21, 0x11, 0x10, 0x02, 0x02, 0x27, 0x28, 0x01, 0x02, 0x16, 0x15,
 0x02, 0x04, 0x0a, 0x02, 0x10, 0x01, 0x04, 0x01, 0x0a, 0x02, 0x10, 0x01,
 0x02, 0x13, 0x1e, 0x02, 0x02, 0x1c, 0x25, 0x02, 0x27, 0x28, 0x02, 0x02,
 0x1e, 0x08, 0x03, 0x08, 0x1e, 0x16, 0x02, 0x02, 0x1b, 0x0b, 0x03, 0x0b,
 0x1b, 0x02, 0x02, 0x04, 0x01, 0x0a, 0x02, 0x10, 0x04, 0x0a, 0x02, 0x10,
 0x01, 0x01, 0x02, 0x13, 0x1e, 0x01, 0x02, 0x27, 0x28, 0x01, 0x15, 0x03,
 0x02, 0x27, 0x28, 0x04, 0x12, 0x07, 0x1e, 0x08, 0x03, 0x07, 0x1e, 0x12,
 0x03, 0x02, 0x13, 0x1e, 0x01, 0x0f, 0x02, 0x0e, 0x13, 0x03, 0x02, 0x02,
 0x10, 0x04, 0x01, 0x0a, 0x02, 0x10, 0x03, 0x10, 0x02, 0x11, 0x02, 0x02,
 0x16, 0x15, 0x02, 0x27, 0x28, 0x02, 0x03, 0x24, 0x11, 0x10, 0x02, 0x11,
 0x10, 0x02, 0x04, 0x21, 0x11, 0x10, 0x02, 0x02, 0x27, 0x28, 0x01, 0x02,
 0x1c, 0x25, 0x01, 0x02, 0x23, 0x14, 0x02, 0x03, 0x10, 0x02, 0x11, 0x02,
 0x02, 0x10, 0x03, 0x03, 0x07, 0x1e, 0x12, 0x02, 0x27, 0x28, 0x02, 0x1e,
 0x08, 0x01, 0x02, 0x1e, 0x08, 0x04, 0x04, 0x21, 0x11, 0x10, 0x02, 0x02,
 0x02, 0x10, 0x03, 0x10, 0x02, 0x11, 0x02, 0x27, 0x28, 0x01, 0x02, 0x16,
 0x15, 0x02, 0x04, 0x0a, 0x02, 0x10, 0x01, 0x04, 0x01, 0x0a, 0x02, 0x10,
 0x01, 0x02, 0x13, 0x1e, 0x02, 0x02, 0x1c, 0x25, 0x02, 0x27, 0x28, 0x02,
 0x02, 0x1e, 0x08, 0x03, 0x08, 0x1e, 0x16, 0x02, 0x02, 0x1b, 0x0b, 0x03,
 0x0b, 0x1b, 0x02, 0x02, 0x04, 0x01, 0x0a, 0x02, 0x10, 0x04, 0x0a, 0x02,
 0x10, 0x01, 0x01, 0x02, 0x13, 0x1e, 0x01, 0x02, 0x27, 0x28, 0x01, 0x13,
 0x03, 0x02, 0x27, 0x28, 0x04, 0x12, 0x07, 0x1e, 0x08, 0x03, 0x07, 0x1e,
 0x12, 0x03, 0x02, 0x13, 0x1e, 0x01, 0x0f, 0x02, 0x0e, 0x13, 0x03, 0x02,
 0x02, 0x10, 0x04, 0x01, 0x0a, 0x02, 0x10, 0x03, 0x10, 0x02, 0x11, 0x02,
 0x02, 0x16, 0x15, 0x02, 0x27, 0x28, 0x02, 0x03, 0x24, 0x11, 0x10, 0x02,
 0x11, 0x10, 0x02, 0x04, 0x21, 0x11, 0x10, 0x02, 0x02, 0x27, 0x28, 0x02,
 0x02, 0x0e, 0x13, 0x02, 0x13, 0x1e, 0x02, 0x03, 0x18, 0x02, 0x14, 0x02,
 0x27, 0x28, 0x01, 0x02, 0x1e, 0x08, 0x04, 0x04, 0x21, 0x11, 0x10, 0x02,
 0x02, 0x02, 0x10, 0x03, 0x10, 0x02, 0x11, 0x02, 0x27, 0x28, 0x01, 0x02,
 0x16, 0x15, 0x02, 0x04, 0x0a, 0x02, 0x10, 0x01, 0x04, 0x01, 0x0a, 0x02,
 0x10, 0x01, 0x02, 0x13, 0x1e, 0x02, 0x02, 0x1c, 0x25, 0x02, 0x27, 0x28,
 0x02, 0x02, 0x1e, 0x08, 0x03, 0x08, 0x1e, 0x16, 0x02, 0x02, 0x1b, 0x0b,
 0x03, 0x0b, 0x1b, 0x02, 0x02, 0x04, 0x01, 0x0a, 0x02, 0x10, 0x04, 0x0a,
 0x02, 0x10, 0x01, 0x01, 0x02, 0x13, 0x1e, 0x01, 0x02, 0x27, 0x28, 0x01,
 0x12, 0x03, 0x02, 0x27, 0x28, 0x04, 0x12, 0x07, 0x1e, 0x08, 0x03, 0x07,
 0x1e, 0x12, 0x01, 0x02, 0x1a, 0x06, 0x02, 0x02, 0x1b, 0x0b, 0x03, 0x0b,
 0x1b, 0x02, 0x01, 0x02, 0x11, 0x10, 0x01, 0x01, 0x22, 0x01, 0x02, 0x11,
 0x10, 0x02, 0x02, 0x02, 0x10, 0x03, 0x10, 0x02, 0x11, 0x02, 0x02, 0x1c,
 0x25, 0x02, 0x27, 0x28, 0x02, 0x02, 0x1e, 0x08, 0x03, 0x08, 0x1e, 0x16,
 0x02, 0x02, 0x1b, 0x0b, 0x03, 0x0b, 0x1b, 0x02, 0x02, 0x04, 0x01, 0x0a,
 0x02, 0x10, 0x04, 0x0a, 0x02, 0x10, 0x01, 0x01, 0x02, 0x13, 0x1e, 0x01,
 0x02, 0x27, 0x28, 0x01, 0x02, 0x27, 0x28, 0x01, 0x02, 0x27, 0x28, 0x01,
 0x02, 0x27, 0x28, 0x01, 0x02, 0x27, 0x28, 0x01, 0x02, 0x27, 0x28, 0x01,
 0x13, 0x03, 0x02, 0x27, 0x28, 0x04, 0x12, 0x07, 0x1e, 0x08, 0x03, 0x07,
 0x1e, 0x12, 0x01, 0x02, 0x1c, 0x25, 0x01, 0x02, 0x23, 0x14, 0x02, 0x03,
 0x10, 0x02, 0x11, 0x02, 0x02, 0x10, 0x03, 0x03, 0x07, 0x1e, 0x12, 0x02,
 0x27, 0x28, 0x02, 0x1e, 0x08, 0x01, 0x02, 0x1e, 0x08, 0x04, 0x04, 0x21,
 0x11, 0x10, 0x02, 0x02, 0x02, 0x10, 0x03, 0x10, 0x02, 0x11, 0x02, 0x27,
 0x28, 0x01, 0x02, 0x1a, 0x06, 0x02, 0x02, 0x1b, 0x0b, 0x03, 0x0b, 0x1b,
 0x02, 0x01, 0x02, 0x11, 0x10, 0x01, 0x01, 0x22, 0x01, 0x02, 0x11, 0x10,
 0x02, 0x02, 0x02, 0x10, 0x03, 0x10, 0x02, 0x11, 0x02, 0x02, 0x1c, 0x25,
 0x02, 0x27, 0x28, 0x02, 0x02, 0x1e, 0x08, 0x03, 0x08, 0x1e, 0x16, 0x02,
 0x02, 0x1b, 0x0b, 0x03, 0x0b, 0x1b, 0x02, 0x02, 0x04, 0x01, 0x0a, 0x02,
 0x10, 0x04, 0x0a, 0x02, 0x10, 0x01, 0x01, 0x02, 0x13, 0x1e, 0x01, 0x02,
 0x27, 0x28, 0x01, 0x11, 0x03, 0x02, 0x27, 0x28, 0x04, 0x12, 0x07, 0x1e,
 0x08, 0x03, 0x07, 0x1e, 0x12, 0x02, 0x02, 0x0e, 0x13, 0x02, 0x13, 0x1e,
 0x02, 0x03, 0x18, 0x02, 0x14, 0x02, 0x27, 0x28, 0x01, 0x02, 0x1e, 0x08,
 0x04, 0x04, 0x21, 0x11, 0x10, 0x02, 0x02, 0x02, 0x10, 0x03, 0x10, 0x02,
 0x11, 0x02, 0x27, 0x28, 0x01, 0x02, 0x1a, 0x06, 0x02, 0x02, 0x1b, 0x0b,
 0x03, 0x0b, 0x1b, 0x02, 0x01, 0x02, 0x11, 0x10, 0x01, 0x01, 0x22, 0x01,
 0x02, 0x11, 0x10, 0x02, 0x02, 0x02, 0x10, 0x03, 0x10, 0x02, 0x11, 0x02,
 0x02, 0x1c, 0x25, 0x02, 0x27, 0x28, 0x02, 0x02, 0x1e, 0x08, 0x03, 0x08,
 0x1e, 0x16, 0x02, 0x02, 0x1b, 0x0b, 0x03, 0x0b, 0x1b, 0x02, 0x02, 0x04,
 0x01, 0x0a, 0x02, 0x10, 0x04, 0x0a, 0x02, 0x10, 0x01, 0x01, 0x02, 0x13,
 0x1e, 0x01, 0x02, 0x27, 0x28, 0x01, 0x12, 0x03, 0x02, 0x27, 0x28, 0x04,
 0x12, 0x07, 0x1e, 0x08, 0x03, 0x07, 0x1e, 0x12, 0x03, 0x02, 0x13, 0x1e,
 0x01, 0x0f, 0x02, 0x0e, 0x13, 0x03, 0x02, 0x02, 0x10, 0x04, 0x01, 0x0a,
 0x02, 0x10, 0x03, 0x10, 0x02, 0x11, 0x02, 0x02, 0x16, 0x15, 0x02, 0x27,
 0x28, 0x02, 0x03, 0x24, 0x11, 0x10, 0x02, 0x11, 0x10, 0x02, 0x04, 0x21,
 0x11, 0x10, 0x02, 0x02, 0x27, 0x28, 0x01, 0x02, 0x1a, 0x06, 0x02, 0x02,
 0x1b, 0x0b, 0x03, 0x0b, 0x1b, 0x02, 0x01, 0x02, 0x11, 0x10, 0x01, 0x01,
 0x22, 0x01, 0x02, 0x11, 0x10, 0x02, 0x02, 0x02, 0x10, 0x03, 0x10, 0x02,
 0x11, 0x02, 0x02, 0x1c, 0x25, 0x02, 0x27, 0x28, 0x02, 0x02, 0x1e, 0x08,
 0x03, 0x08, 0x1e, 0x16, 0x02, 0x02, 0x1b, 0x0b, 0x03, 0x0b, 0x1b, 0x02,
 0x02, 0x04, 0x01, 0x0a, 0x02, 0x10, 0x04, 0x0a, 0x02, 0x10, 0x01, 0x01,
 0x02, 0x13, 0x1e, 0x01, 0x02, 0x27, 0x28, 0x01, 0x18, 0x03, 0x02, 0x27,
 0x28, 0x04, 0x12, 0x07, 0x1e, 0x08, 0x03, 0x07, 0x1e, 0x12, 0x03, 0x02,
 0x13, 0x1e, 0x01, 0x0f, 0x02, 0x0e, 0x13, 0x03, 0x02, 0x02, 0x10, 0x04,
 0x01, 0x0a, 0x02, 0x10, 0x03, 0x10, 0x02, 0x11, 0x02, 0x02, 0x16, 0x15,
 0x02, 0x27, 0x28, 0x02, 0x03, 0x24, 0x11, 0x10, 0x02, 0x11, 0x10, 0x02,
 0x04, 0x21, 0x11, 0x10, 0x02, 0x02, 0x27, 0x28, 0x01, 0x02, 0x1c, 0x25,
 0x01, 0x02, 0x23, 0x14, 0x02, 0x03, 0x10, 0x02, 0x11, 0x02, 0x02, 0x10,
 0x03, 0x03, 0x07, 0x1e, 0x12, 0x02, 0x27, 0x28, 0x02, 0x1e, 0x08, 0x01,
 0x02, 0x1e, 0x08, 0x04, 0x04, 0x21, 0x11, 0x10, 0x02, 0x02, 0x02, 0x10,
 0x03, 0x10, 0x02, 0x11, 0x02, 0x27, 0x28, 0x01, 0x02, 0x1a, 0x06, 0x02,
 0x02, 0x1b, 0x0b, 0x03, 0x0b, 0x1b, 0x02, 0x01, 0x02, 0x11, 0x10, 0x01,
 0x01, 0x22, 0x01, 0x02, 0x11, 0x10, 0x02, 0x02, 0x02, 0x10, 0x03, 0x10,
 0x02, 0x11, 0x02, 0x02, 0x1c, 0x25, 0x02, 0x27, 0x28, 0x02, 0x02, 0x1e,
 0x08, 0x03, 0x08, 0x1e, 0x16, 0x02, 0x02, 0x1b, 0x0b, 0x03, 0x0b, 0x1b,
 0x02, 0x02, 0x04, 0x01, 0x0a, 0x02, 0x10, 0x04, 0x0a, 0x02, 0x10, 0x01,
 0x01, 0x02, 0x13, 0x1e, 0x01, 0x02, 0x27, 0x28, 0x01, 0x16, 0x03, 0x02,
 0x27, 0x28, 0x04, 0x12, 0x07, 0x1e, 0x08, 0x03, 0x07, 0x1e, 0x12, 0x03,
 0x02, 0x13, 0x1e, 0x01, 0x0f, 0x02, 0x0e, 0x13, 0x03, 0x02, 0x02, 0x10,
 0x04, 0x01, 0x0a, 0x02, 0x10, 0x03, 0x10, 0x02, 0x11, 0x02, 0x02, 0x16,
 0x15, 0x02, 0x27, 0x28, 0x02, 0x03, 0x24, 0x11, 0x10, 0x02, 0x11, 0x10,
 0x02, 0x04, 0x21, 0x11, 0x10, 0x02, 0x02, 0x27, 0x28, 0x02, 0x02, 0x0e,
 0x13, 0x02, 0x13, 0x1e, 0x02, 0x03, 0x18, 0x02, 0x14, 0x02, 0x27, 0x28,
 0x01, 0x02, 0x1e, 0x08, 0x04, 0x04, 0x21, 0x11, 0x10, 0x02, 0x02, 0x02,
 0x10, 0x03, 0x10, 0x02, 0x11, 0x02, 0x27, 0x28, 0x01, 0x02, 0x1a, 0x06,
 0x02, 0x02, 0x1b, 0x0b, 0x03, 0x0b, 0x1b, 0x02, 0x01, 0x02, 0x11, 0x10,
 0x01, 0x01, 0x22, 0x01, 0x02, 0x11, 0x10, 0x02, 0x02, 0x02, 0x10, 0x03,
 0x10, 0x02, 0x11, 0x02, 0x02, 0x1c, 0x25, 0x02, 0x27, 0x28, 0x02, 0x02,
 0x1e, 0x08, 0x03, 0x08, 0x1e, 0x16, 0x02, 0x02, 0x1b, 0x0b, 0x03, 0x0b,
 0x1b, 0x02, 0x02, 0x04, 0x01, 0x0a, 0x02, 0x10, 0x04, 0x0a, 0x02, 0x10,
 0x01, 0x01, 0x02, 0x13, 0x1e, 0x01, 0x02, 0x27, 0x28, 0x01, 0x10, 0x03,
 0x02, 0x27, 0x28, 0x04, 0x12, 0x07, 0x1e, 0x08, 0x03, 0x07, 0x1e, 0x12,
 0x01, 0x02, 0x1b, 0x0b, 0x02, 0x03, 0x0c, 0x11, 0x10, 0x02, 0x11, 0x10,
 0x02, 0x02, 0x25, 0x1c, 0x02, 0x27, 0x28, 0x02, 0x01, 0x22, 0x02, 0x23,
 0x14, 0x02, 0x03, 0x00, 0x02, 0x03, 0x02, 0x02, 0x10, 0x01, 0x01, 0x14,
 0x01, 0x03, 0x24, 0x11, 0x10, 0x01, 0x04, 0x21, 0x11, 0x10, 0x02, 0x02,
 0x02, 0x15, 0x16, 0x02, 0x16, 0x15, 0x01, 0x02, 0x27, 0x28, 0x01, 0x02,
 0x27, 0x28, 0x01, 0x02, 0x27, 0x28, 0x01, 0x02, 0x27, 0x28, 0x01, 0x02,
 0x27, 0x28, 0x01, 0x02, 0x27, 0x28, 0x01, 0x10, 0x03, 0x02, 0x27, 0x28,
 0x04, 0x12, 0x07, 0x1e, 0x08, 0x03, 0x07, 0x1e, 0x12, 0x03, 0x02, 0x13,
 0x1e, 0x01, 0x0f, 0x02, 0x0e, 0x13, 0x03, 0x02, 0x02, 0x10, 0x04, 0x01,
 0x0a, 0x02, 0x10, 0x03, 0x10, 0x02, 0x11, 0x02, 0x02, 0x16, 0x15, 0x02,
 0x27, 0x28, 0x02, 0x03, 0x24, 0x11, 0x10, 0x02, 0x11, 0x10, 0x02, 0x04,
 0x21, 0x11, 0x10, 0x02, 0x02, 0x27, 0x28, 0x01, 0x02, 0x1b, 0x0b, 0x02,
 0x03, 0x0c, 0x11, 0x10, 0x02, 0x11, 0x10, 0x02, 0x02, 0x25, 0x1c, 0x02,
 0x27, 0x28, 0x02, 0x01, 0x22, 0x02, 0x23, 0x14, 0x02, 0x03, 0x00, 0x02,
 0x03, 0x02, 0x02, 0x10, 0x01, 0x01, 0x14, 0x01, 0x03, 0x24, 0x11, 0x10,
 0x01, 0x04, 0x21, 0x11, 0x10, 0x02, 0x02, 0x02, 0x15, 0x16, 0x02, 0x16,
 0x15, 0x01, 0x02, 0x27, 0x28, 0x01, 0x10, 0x03, 0x02, 0x27, 0x28, 0x04,
 0x12, 0x07, 0x1e, 0x08, 0x03, 0x07, 0x1e, 0x12, 0x01, 0x01, 0x14, 0x01,
 0x03, 0x18, 0x02, 0x14, 0x03, 0x03, 0x0b, 0x1b, 0x02, 0x02, 0x27, 0x28,
 0x02, 0x1b, 0x0b, 0x02, 0x01, 0x22, 0x02, 0x23, 0x14, 0x02, 0x03, 0x00,
 0x02, 0x03, 0x02, 0x02, 0x10, 0x01, 0x01, 0x14, 0x01, 0x03, 0x24, 0x11,
 0x10, 0x01, 0x04, 0x21, 0x11, 0x10, 0x02, 0x02, 0x02, 0x15, 0x16, 0x02,
 0x16, 0x15, 0x01, 0x02, 0x27, 0x28, 0x01, 0x02, 0x27, 0x28, 0x01, 0x02,
 0x27, 0x28, 0x01, 0x02, 0x27, 0x28, 0x01, 0x02, 0x27, 0x28, 0x01, 0x02,
 0x27, 0x28, 0x01, 0x10, 0x03, 0x02, 0x27, 0x28, 0x04, 0x12, 0x07, 0x1e,
 0x08, 0x03, 0x07, 0x1e, 0x12, 0x03, 0x02, 0x13, 0x1e, 0x01, 0x0f, 0x02,
 0x0e, 0x13, 0x03, 0x02, 0x02, 0x10, 0x04, 0x01, 0x0a, 0x02, 0x10, 0x03,
 0x10, 0x02, 0x11, 0x02, 0x02, 0x16, 0x15, 0x02, 0x27, 0x28, 0x02, 0x03,
 0x24, 0x11, 0x10, 0x02, 0x11, 0x10, 0x02, 0x04, 0x21, 0x11, 0x10, 0x02,
 0x02, 0x27, 0x28, 0x01, 0x01, 0x14, 0x01, 0x03, 0x18, 0x02, 0x14, 0x03,
 0x03, 0x0b, 0x1b, 0x02, 0x02, 0x27, 0x28, 0x02, 0x1b, 0x0b, 0x02, 0x01,
 0x22, 0x02, 0x23, 0x14, 0x02, 0x03, 0x00, 0x02, 0x03, 0x02, 0x02, 0x10,
 0x01, 0x01, 0x14, 0x01, 0x03, 0x24, 0x11, 0x10, 0x01, 0x04, 0x21, 0x11,
 0x10, 0x02, 0x02, 0x02, 0x15, 0x16, 0x02, 0x16, 0x15, 0x01, 0x02, 0x27,
 0x28, 0x01, 0x16, 0x03, 0x02, 0x27, 0x28, 0x04, 0x12, 0x07, 0x1e, 0x08,
 0x03, 0x07, 0x1e, 0x12, 0x01, 0x02, 0x1c, 0x25, 0x02, 0x04, 0x0a, 0x02,
 0x10, 0x01, 0x04, 0x01, 0x0a, 0x02, 0x10, 0x03, 0x02, 0x1e, 0x08, 0x02,
 0x27, 0x28, 0x03, 0x08, 0x1e, 0x16, 0x02, 0x01, 0x22, 0x02, 0x23, 0x14,
 0x02, 0x03, 0x00, 0x02, 0x03, 0x02, 0x02, 0x10, 0x01, 0x01, 0x14, 0x01,
 0x03, 0x24, 0x11, 0x10, 0x01, 0x04, 0x21, 0x11, 0x10, 0x02, 0x03, 0x02,
 0x15, 0x16, 0x02, 0x16, 0x15, 0x02, 0x27, 0x28, 0x01, 0x02, 0x1e, 0x08,
 0x04, 0x04, 0x21, 0x11, 0x10, 0x02, 0x02, 0x02, 0x10, 0x03, 0x10, 0x02,
 0x11, 0x02, 0x27, 0x28, 0x01, 0x01, 0x14, 0x02, 0x04, 0x0a, 0x02, 0x10,
 0x01, 0x04, 0x01, 0x0a, 0x02, 0x10, 0x01, 0x01, 0x22, 0x02, 0x02, 0x02,
 0x10, 0x03, 0x10, 0x02, 0x11, 0x02, 0x01, 0x14, 0x02, 0x27, 0x28, 0x01,
 0x02, 0x25, 0x1c, 0x03, 0x03, 0x10, 0x02, 0x11, 0x02, 0x11, 0x10, 0x03,
 0x24, 0x11, 0x10, 0x02, 0x02, 0x1b, 0x0b, 0x03, 0x0b, 0x1b, 0x02, 0x03,
 0x03, 0x18, 0x02, 0x14, 0x02, 0x11, 0x10, 0x02, 0x02, 0x10, 0x01, 0x02,
 0x27, 0x28, 0x01, 0x1b, 0x03, 0x02, 0x27, 0x28, 0x04, 0x12, 0x07, 0x1e,
 0x08, 0x03, 0x07, 0x1e, 0x12, 0x03, 0x02, 0x13, 0x1e, 0x01, 0x0f, 0x02,
 0x0e, 0x13, 0x03, 0x02, 0x02, 0x10, 0x04, 0x01, 0x0a, 0x02, 0x10, 0x03,
 0x10, 0x02, 0x11, 0x02, 0x02, 0x16, 0x15, 0x02, 0x27, 0x28, 0x02, 0x03,
 0x24, 0x11, 0x10, 0x02, 0x11, 0x10, 0x02, 0x04, 0x21, 0x11, 0x10, 0x02,
 0x02, 0x27, 0x28, 0x01, 0x02, 0x1c, 0x25, 0x02, 0x04, 0x0a, 0x02, 0x10,
 0x01, 0x04, 0x01, 0x0a, 0x02, 0x10, 0x03, 0x02, 0x1e, 0x08, 0x02, 0x27,
 0x28, 0x03, 0x08, 0x1e, 0x16, 0x02, 0x01, 0x22, 0x02, 0x23, 0x14, 0x02,
 0x03, 0x00, 0x02, 0x03, 0x02, 0x02, 0x10, 0x01, 0x01, 0x14, 0x01, 0x03,
 0x24, 0x11, 0x10, 0x01, 0x04, 0x21, 0x11, 0x10, 0x02, 0x03, 0x02, 0x15,
 0x16, 0x02, 0x16, 0x15, 0x02, 0x27, 0x28, 0x01, 0x02, 0x1e, 0x08, 0x04,
 0x04, 0x21, 0x11, 0x10, 0x02, 0x02, 0x02, 0x10, 0x03, 0x10, 0x02, 0x11,
 0x02, 0x27, 0x28, 0x01, 0x01, 0x14, 0x02, 0x04, 0x0a, 0x02, 0x10, 0x01,
 0x04, 0x01, 0x0a, 0x02, 0x10, 0x01, 0x01, 0x22, 0x02, 0x02, 0x02, 0x10,
 0x03, 0x10, 0x02, 0x11, 0x02, 0x01, 0x14, 0x02, 0x27, 0x28, 0x01, 0x02,
 0x25, 0x1c, 0x03, 0x03, 0x10, 0x02, 0x11, 0x02, 0x11, 0x10, 0x03, 0x24,
 0x11, 0x10, 0x02, 0x02, 0x1b, 0x0b, 0x03, 0x0b, 0x1b, 0x02, 0x03, 0x03,
 0x18, 0x02, 0x14, 0x02, 0x11, 0x10, 0x02, 0x02, 0x10, 0x01, 0x02, 0x27,
 0x28, 0x01, 0x15, 0x03, 0x02, 0x27, 0x28, 0x04, 0x12, 0x07, 0x1e, 0x08,
 0x03, 0x07, 0x1e, 0x12, 0x01, 0x02, 0x1c, 0x25, 0x02, 0x04, 0x0a, 0x02,
 0x10, 0x01, 0x04, 0x01, 0x0a, 0x02, 0x10, 0x03, 0x02, 0x1e, 0x08, 0x02,
 0x27, 0x28, 0x03, 0x08, 0x1e, 0x16, 0x02, 0x01, 0x22, 0x02, 0x23, 0x14,
 0x02, 0x03, 0x00, 0x02, 0x03, 0x02, 0x02, 0x10, 0x01, 0x01, 0x14, 0x01,
 0x03, 0x24, 0x11, 0x10, 0x01, 0x04, 0x21, 0x11, 0x10, 0x02, 0x03, 0x02,
 0x15, 0x16, 0x02, 0x16, 0x15, 0x02, 0x27, 0x28, 0x01, 0x02, 0x1e, 0x08,
 0x04, 0x04, 0x21, 0x11, 0x10, 0x02, 0x02, 0x02, 0x10, 0x03, 0x10, 0x02,
 0x11, 0x02, 0x27, 0x28, 0x01, 0x01, 0x14, 0x02, 0x04, 0x0a, 0x02, 0x10,
 0x01, 0x04, 0x01, 0x0a, 0x02, 0x10, 0x01, 0x01, 0x22, 0x02, 0x02, 0x02,
 0x10, 0x03, 0x10, 0x02, 0x11, 0x02, 0x01, 0x14, 0x02, 0x27, 0x28, 0x02,
 0x02, 0x23, 0x14, 0x01, 0x0f, 0x02, 0x02, 0x02, 0x10, 0x01, 0x05, 0x01,
 0x02, 0x16, 0x15, 0x01, 0x02, 0x27, 0x28, 0x01, 0x1a, 0x03, 0x02, 0x27,
 0x28, 0x04, 0x12, 0x07, 0x1e, 0x08, 0x03, 0x07, 0x1e, 0x12, 0x03, 0x02,
 0x13, 0x1e, 0x01, 0x0f, 0x02, 0x0e, 0x13, 0x03, 0x02, 0x02, 0x10, 0x04,
 0x01, 0x0a, 0x02, 0x10, 0x03, 0x10, 0x02, 0x11, 0x02, 0x02, 0x16, 0x15,
 0x02, 0x27, 0x28, 0x02, 0x03, 0x24, 0x11, 0x10, 0x02, 0x11, 0x10, 0x02,
 0x04, 0x21, 0x11, 0x10, 0x02, 0x02, 0x27, 0x28, 0x01, 0x02, 0x1c, 0x25,
 0x02, 0x04, 0x0a, 0x02, 0x10, 0x01, 0x04, 0x01, 0x0a, 0x02, 0x10, 0x03,
 0x02, 0x1e, 0x08, 0x02, 0x27, 0x28, 0x03, 0x08, 0x1e, 0x16, 0x02, 0x01,
 0x22, 0x02, 0x23, 0x14, 0x02, 0x03, 0x00, 0x02, 0x03, 0x02, 0x02, 0x10,
 0x01, 0x01, 0x14, 0x01, 0x03, 0x24, 0x11, 0x10, 0x01, 0x04, 0x21, 0x11,
 0x10, 0x02, 0x03, 0x02, 0x15, 0x16, 0x02, 0x16, 0x15, 0x02, 0x27, 0x28,
 0x01, 0x02, 0x1e, 0x08, 0x04, 0x04, 0x21, 0x11, 0x10, 0x02, 0x02, 0x02,
 0x10, 0x03, 0x10, 0x02, 0x11, 0x02, 0x27, 0x28, 0x01, 0x01, 0x14, 0x02,
 0x04, 0x0a, 0x02, 0x10, 0x01, 0x04, 0x01, 0x0a, 0x02, 0x10, 0x01, 0x01,
 0x22, 0x02, 0x02, 0x02, 0x10, 0x03, 0x10, 0x02, 0x11, 0x02, 0x01, 0x14,
 0x02, 0x27, 0x28, 0x02, 0x02, 0x23, 0x14, 0x01, 0x0f, 0x02, 0x02, 0x02,
 0x10, 0x01, 0x05, 0x01, 0x02, 0x16, 0x15, 0x01, 0x02, 0x27, 0x28, 0x01,
 0x14, 0x03, 0x02, 0x27, 0x28, 0x04, 0x12, 0x07, 0x1e, 0x08, 0x03, 0x07,
 0x1e, 0x12, 0x01, 0x02, 0x1c, 0x25, 0x02, 0x04, 0x0a, 0x02, 0x10, 0x01,
 0x04, 0x01, 0x0a, 0x02, 0x10, 0x03, 0x02, 0x1e, 0x08, 0x02, 0x27, 0x28,
 0x03, 0x08, 0x1e, 0x16, 0x02, 0x01, 0x22, 0x02, 0x23, 0x14, 0x02, 0x03,
 0x00, 0x02, 0x03, 0x02, 0x02, 0x10, 0x01, 0x01, 0x14, 0x01, 0x03, 0x24,
 0x11, 0x10, 0x01, 0x04, 0x21, 0x11, 0x10, 0x02, 0x03, 0x02, 0x15, 0x16,
 0x02, 0x16, 0x15, 0x02, 0x27, 0x28, 0x01, 0x02, 0x1e, 0x08, 0x04, 0x04,
 0x21, 0x11, 0x10, 0x02, 0x02, 0x02, 0x10, 0x03, 0x10, 0x02, 0x11, 0x02,
 0x27, 0x28, 0x01, 0x01, 0x14, 0x02, 0x04, 0x0a, 0x02, 0x10, 0x01, 0x04,
 0x01, 0x0a, 0x02, 0x10, 0x01, 0x01, 0x22, 0x02, 0x02, 0x02, 0x10, 0x03,
 0x10, 0x02, 0x11, 0x02, 0x01, 0x14, 0x02, 0x27, 0x28, 0x02, 0x02, 0x1e,
 0x08, 0x03, 0x07, 0x1e, 0x12, 0x02, 0x04, 0x21, 0x11, 0x10, 0x02, 0x03,
 0x24, 0x11, 0x10, 0x01, 0x02, 0x27, 0x28, 0x01, 0x19, 0x03, 0x02, 0x27,
 0x28, 0x04, 0x12, 0x07, 0x1e, 0x08, 0x03, 0x07, 0x1e, 0x12, 0x03, 0x02,
 0x13, 0x1e, 0x01, 0x0f, 0x02, 0x0e, 0x13, 0x03, 0x02, 0x02, 0x10, 0x04,
 0x01, 0x0a, 0x02, 0x10, 0x03, 0x10, 0x02, 0x11, 0x02, 0x02, 0x16, 0x15,
 0x02, 0x27, 0x28, 0x02, 0x03, 0x24, 0x11, 0x10, 0x02, 0x11, 0x10, 0x02,
 0x04, 0x21, 0x11, 0x10, 0x02, 0x02, 0x27, 0x28, 0x01, 0x02, 0x1c, 0x25,
 0x02, 0x04, 0x0a, 0x02, 0x10, 0x01, 0x04, 0x01, 0x0a, 0x02, 0x10, 0x03,
 0x02, 0x1e, 0x08, 0x02, 0x27, 0x28, 0x03, 0x08, 0x1e, 0x16, 0x02, 0x01,
 0x22, 0x02, 0x23, 0x14, 0x02, 0x03, 0x00, 0x02, 0x03, 0x02, 0x02, 0x10,
 0x01, 0x01, 0x14, 0x01, 0x03, 0x24, 0x11, 0x10, 0x01, 0x04, 0x21, 0x11,
 0x10, 0x02, 0x03, 0x02, 0x15, 0x16, 0x02, 0x16, 0x15, 0x02, 0x27, 0x28,
 0x01, 0x02, 0x1e, 0x08, 0x04, 0x04, 0x21, 0x11, 0x10, 0x02, 0x02, 0x02,
 0x10, 0x03, 0x10, 0x02, 0x11, 0x02, 0x27, 0x28, 0x01, 0x01, 0x14, 0x02,
 0x04, 0x0a, 0x02, 0x10, 0x01, 0x04, 0x01, 0x0a, 0x02, 0x10, 0x01, 0x01,
 0x22, 0x02, 0x02, 0x02, 0x10, 0x03, 0x10, 0x02, 0x11, 0x02, 0x01, 0x14,
 0x02, 0x27, 0x28, 0x02, 0x02, 0x1e, 0x08, 0x03, 0x07, 0x1e, 0x12, 0x02,
 0x04, 0x21, 0x11, 0x10, 0x02, 0x03, 0x24, 0x11, 0x10, 0x01, 0x02, 0x27,
 0x28, 0x01, 0x15, 0x03, 0x02, 0x27, 0x28, 0x04, 0x12, 0x07, 0x1e, 0x08,
 0x03, 0x07, 0x1e, 0x12, 0x01, 0x02, 0x1c, 0x25, 0x02, 0x04, 0x0a, 0x02,
 0x10, 0x01, 0x04, 0x01, 0x0a, 0x02, 0x10, 0x03, 0x02, 0x1e, 0x08, 0x02,
 0x27, 0x28, 0x03, 0x08, 0x1e, 0x16, 0x02, 0x01, 0x22, 0x02, 0x23, 0x14,
 0x02, 0x03, 0x00, 0x02, 0x03, 0x02, 0x02, 0x10, 0x01, 0x01, 0x14, 0x01,
 0x03, 0x24, 0x11, 0x10, 0x01, 0x04, 0x21, 0x11, 0x10, 0x02, 0x03, 0x02,
 0x15, 0x16, 0x02, 0x16, 0x15, 0x02, 0x27, 0x28, 0x01, 0x02, 0x1e, 0x08,
 0x04, 0x04, 0x21, 0x11, 0x10, 0x02, 0x02, 0x02, 0x10, 0x03, 0x10, 0x02,
 0x11, 0x02, 0x27, 0x28, 0x01, 0x01, 0x14, 0x02, 0x04, 0x0a, 0x02, 0x10,
 0x01, 0x04, 0x01, 0x0a, 0x02, 0x10, 0x01, 0x01, 0x22, 0x02, 0x02, 0x02,
 0x10, 0x03, 0x10, 0x02, 0x11, 0x02, 0x01, 0x14, 0x02, 0x27, 0x28, 0x04,
 0x04, 0x1f, 0x0d, 0x1e, 0x09, 0x02, 0x09, 0x08, 0x02, 0x1e, 0x08, 0x01,
 0x22, 0x02, 0x02, 0x1b, 0x0b, 0x01, 0x14, 0x01, 0x02, 0x11, 0x10, 0x01,
 0x02, 0x27, 0x28, 0x01, 0x1a, 0x03, 0x02, 0x27, 0x28, 0x04, 0x12, 0x07,
 0x1e, 0x08, 0x03, 0x07, 0x1e, 0x12, 0x03, 0x02, 0x13, 0x1e, 0x01, 0x0f,
 0x02, 0x0e, 0x13, 0x03, 0x02, 0x02, 0x10, 0x04, 0x01, 0x0a, 0x02, 0x10,
 0x03, 0x10, 0x02, 0x11, 0x02, 0x02, 0x16, 0x15, 0x02, 0x27, 0x28, 0x02,
 0x03, 0x24, 0x11, 0x10, 0x02, 0x11, 0x10, 0x02, 0x04, 0x21, 0x11, 0x10,
 0x02, 0x02, 0x27, 0x28, 0x01, 0x02, 0x1c, 0x25, 0x02, 0x04, 0x0a, 0x02,
 0x10, 0x01, 0x04, 0x01, 0x0a, 0x02, 0x10, 0x03, 0x02, 0x1e, 0x08, 0x02,
 0x27, 0x28, 0x03, 0x08, 0x1e, 0x16, 0x02, 0x01, 0x22, 0x02, 0x23, 0x14,
 0x02, 0x03, 0x00, 0x02, 0x03, 0x02, 0x02, 0x10, 0x01, 0x01, 0x14, 0x01,
 0x03, 0x24, 0x11, 0x10, 0x01, 0x04, 0x21, 0x11, 0x10, 0x02, 0x03, 0x02,
 0x15, 0x16, 0x02, 0x16, 0x15, 0x02, 0x27, 0x28, 0x01, 0x02, 0x1e, 0x08,
 0x04, 0x04, 0x21, 0x11, 0x10, 0x02, 0x02, 0x02, 0x10, 0x03, 0x10, 0x02,
 0x11, 0x02, 0x27, 0x28, 0x01, 0x01, 0x14, 0x02, 0x04, 0x0a, 0x02, 0x10,
 0x01, 0x04, 0x01, 0x0a, 0x02, 0x10, 0x01, 0x01, 0x22, 0x02, 0x02, 0x02,
 0x10, 0x03, 0x10, 0x02, 0x11, 0x02, 0x01, 0x14, 0x02, 0x27, 0x28, 0x04,
 0x04, 0x1f, 0x0d, 0x1e, 0x09, 0x02, 0x09, 0x08, 0x02, 0x1e, 0x08, 0x01,
 0x22, 0x02, 0x02, 0x1b, 0x0b, 0x01, 0x14, 0x01, 0x02, 0x11, 0x10, 0x01,
 0x02, 0x27, 0x28, 0x01, 0x15, 0x03, 0x02, 0x27, 0x28, 0x04, 0x12, 0x07,
 0x1e, 0x08, 0x03, 0x07, 0x1e, 0x12, 0x01, 0x02, 0x1c, 0x25, 0x02, 0x04,
 0x0a, 0x02, 0x10, 0x01, 0x04, 0x01, 0x0a, 0x02, 0x10, 0x03, 0x02, 0x1e,
 0x08, 0x02, 0x27, 0x28, 0x03, 0x08, 0x1e, 0x16, 0x02, 0x01, 0x22, 0x02,
 0x23, 0x14, 0x02, 0x03, 0x00, 0x02, 0x03, 0x02, 0x02, 0x10, 0x01, 0x01,
 0x14, 0x01, 0x03, 0x24, 0x11, 0x10, 0x01, 0x04, 0x21, 0x11, 0x10, 0x02,
 0x03, 0x02, 0x15, 0x16, 0x02, 0x16, 0x15, 0x02, 0x27, 0x28, 0x01, 0x02,
 0x1e, 0x08, 0x04, 0x04, 0x21, 0x11, 0x10, 0x02, 0x02, 0x02, 0x10, 0x03,
 0x10, 0x02, 0x11, 0x02, 0x27, 0x28, 0x01, 0x01, 0x14, 0x02, 0x04, 0x0a,
 0x02, 0x10, 0x01, 0x04, 0x01, 0x0a, 0x02, 0x10, 0x01, 0x01, 0x22, 0x02,
 0x02, 0x02, 0x10, 0x03, 0x10, 0x02, 0x11, 0x02, 0x01, 0x14, 0x02, 0x27,
 0x28, 0x01, 0x01, 0x0d, 0x02, 0x03, 0x03, 0x00, 0x02, 0x03, 0x00, 0x02,
 0x03, 0x02, 0x02, 0x1b, 0x0b, 0x03, 0x0b, 0x1b, 0x02, 0x01, 0x02, 0x27,
 0x28, 0x01, 0x1a, 0x03, 0x02, 0x27, 0x28, 0x04, 0x12, 0x07, 0x1e, 0x08,
 0x03, 0x07, 0x1e, 0x12, 0x03, 0x02, 0x13, 0x1e, 0x01, 0x0f, 0x02, 0x0e,
 0x13, 0x03, 0x02, 0x02, 0x10, 0x04, 0x01, 0x0a, 0x02, 0x10, 0x03, 0x10,
 0x02, 0x11, 0x02, 0x02, 0x16, 0x15, 0x02, 0x27, 0x28, 0x02, 0x03, 0x24,
 0x11, 0x10, 0x02, 0x11, 0x10, 0x02, 0x04, 0x21, 0x11, 0x10, 0x02, 0x02,
 0x27, 0x28, 0x01, 0x02, 0x1c, 0x25, 0x02, 0x04, 0x0a, 0x02, 0x10, 0x01,
 0x04, 0x01, 0x0a, 0x02, 0x10, 0x03, 0x02, 0x1e, 0x08, 0x02, 0x27, 0x28,
 0x03, 0x08, 0x1e, 0x16, 0x02, 0x01, 0x22, 0x02, 0x23, 0x14, 0x02, 0x03,
 0x00, 0x02, 0x03, 0x02, 0x02, 0x10, 0x01, 0x01, 0x14, 0x01, 0x03, 0x24,
 0x11, 0x10, 0x01, 0x04, 0x21, 0x11, 0x10, 0x02, 0x03, 0x02, 0x15, 0x16,
 0x02, 0x16, 0x15, 0x02, 0x27, 0x28, 0x01, 0x02, 0x1e, 0x08, 0x04, 0x04,
 0x21, 0x11, 0x10, 0x02, 0x02, 0x02, 0x10, 0x03, 0x10, 0x02, 0x11, 0x02,
 0x27, 0x28, 0x01, 0x01, 0x14, 0x02, 0x04, 0x0a, 0x02, 0x10, 0x01, 0x04,
 0x01, 0x0a, 0x02, 0x10, 0x01, 0x01, 0x22, 0x02, 0x02, 0x02, 0x10, 0x03,
 0x10, 0x02, 0x11, 0x02, 0x01, 0x14, 0x02, 0x27, 0x28, 0x01, 0x01, 0x0d,
 0x02, 0x03, 0x03, 0x00, 0x02, 0x03, 0x00, 0x02, 0x03, 0x02, 0x02, 0x1b,
 0x0b, 0x03, 0x0b, 0x1b, 0x02, 0x01, 0x02, 0x27, 0x28, 0x01, 0x15, 0x03,
 0x02, 0x27, 0x28, 0x04, 0x12, 0x07, 0x1e, 0x08, 0x03, 0x07, 0x1e, 0x12,
 0x01, 0x02, 0x1c, 0x25, 0x02, 0x04, 0x0a, 0x02, 0x10, 0x01, 0x04, 0x01,
 0x0a, 0x02, 0x10, 0x03, 0x02, 0x1e, 0x08, 0x02, 0x27, 0x28, 0x03, 0x08,
 0x1e, 0x16, 0x02, 0x01, 0x22, 0x02, 0x23, 0x14, 0x02, 0x03, 0x00, 0x02,
 0x03, 0x02, 0x02, 0x10, 0x01, 0x01, 0x14, 0x01, 0x03, 0x24, 0x11, 0x10,
 0x01, 0x04, 0x21, 0x11, 0x10, 0x02, 0x03, 0x02, 0x15, 0x16, 0x02, 0x16,
 0x15, 0x02, 0x27, 0x28, 0x01, 0x02, 0x1e, 0x08, 0x04, 0x04, 0x21, 0x11,
 0x10, 0x02, 0x02, 0x02, 0x10, 0x03, 0x10, 0x02, 0x11, 0x02, 0x27, 0x28,
 0x01, 0x01, 0x14, 0x02, 0x04, 0x0a, 0x02, 0x10, 0x01, 0x04, 0x01, 0x0a,
 0x02, 0x10, 0x01, 0x01, 0x22, 0x02, 0x02, 0x02, 0x10, 0x03, 0x10, 0x02,
 0x11, 0x02, 0x01, 0x14, 0x02, 0x27, 0x28, 0x01, 0x01, 0x0d, 0x01, 0x01,
 0x05, 0x01, 0x01, 0x22, 0x01, 0x02, 0x27, 0x28, 0x01, 0x1a, 0x03, 0x02,
 0x27, 0x28, 0x04, 0x12, 0x07, 0x1e, 0x08, 0x03, 0x07, 0x1e, 0x12, 0x03,
 0x02, 0x13, 0x1e, 0x01, 0x0f, 0x02, 0x0e, 0x13, 0x03, 0x02, 0x02, 0x10,
 0x04, 0x01, 0x0a, 0x02, 0x10, 0x03, 0x10, 0x02, 0x11, 0x02, 0x02, 0x16,
 0x15, 0x02, 0x27, 0x28, 0x02, 0x03, 0x24, 0x11, 0x10, 0x02, 0x11, 0x10,
 0x02, 0x04, 0x21, 0x11, 0x10, 0x02, 0x02, 0x27, 0x28, 0x01, 0x02, 0x1c,
 0x25, 0x02, 0x04, 0x0a, 0x02, 0x10, 0x01, 0x04, 0x01, 0x0a, 0x02, 0x10,
 0x03, 0x02, 0x1e, 0x08, 0x02, 0x27, 0x28, 0x03, 0x08, 0x1e, 0x16, 0x02,
 0x01, 0x22, 0x02, 0x23, 0x14, 0x02, 0x03, 0x00, 0x02, 0x03, 0x02, 0x02,
 0x10, 0x01, 0x01, 0x14, 0x01, 0x03, 0x24, 0x11, 0x10, 0x01, 0x04, 0x21,
 0x11, 0x10, 0x02, 0x03, 0x02, 0x15, 0x16, 0x02, 0x16, 0x15, 0x02, 0x27,
 0x28, 0x01, 0x02, 0x1e, 0x08, 0x04, 0x04, 0x21, 0x11, 0x10, 0x02, 0x02,
 0x02, 0x10, 0x03, 0x10, 0x02, 0x11, 0x02, 0x27, 0x28, 0x01, 0x01, 0x14,
 0x02, 0x04, 0x0a, 0x02, 0x10, 0x01, 0x04, 0x01, 0x0a, 0x02, 0x10, 0x01,
 0x01, 0x22, 0x02, 0x02, 0x02, 0x10, 0x03, 0x10, 0x02, 0x11, 0x02, 0x01,
 0x14, 0x02, 0x27, 0x28, 0x01, 0x01, 0x0d, 0x01, 0x01, 0x05, 0x01, 0x01,
 0x22, 0x01, 0x02, 0x27, 0x28, 0x01, 0x11, 0x03, 0x02, 0x27, 0x28, 0x04,
 0x12, 0x07, 0x1e, 0x08, 0x03, 0x07, 0x1e, 0x12, 0x02, 0x01, 0x05, 0x02,
 0x27, 0x28, 0x01, 0x02, 0x13, 0x1e, 0x02, 0x04, 0x01, 0x0a, 0x02, 0x10,
 0x04, 0x0a, 0x02, 0x10, 0x01, 0x01, 0x02, 0x16, 0x15, 0x03, 0x02, 0x1e,
 0x08, 0x02, 0x27, 0x28, 0x03, 0x08, 0x1e, 0x16, 0x01, 0x01, 0x0f, 0x01,
 0x02, 0x11, 0x10, 0x03, 0x02, 0x1b, 0x0b, 0x02, 0x27, 0x28, 0x03, 0x0b,
 0x1b, 0x02, 0x02, 0x03, 0x24, 0x11, 0x10, 0x02, 0x11, 0x10, 0x01, 0x04,
 0x21, 0x11, 0x10, 0x02, 0x01, 0x02, 0x27, 0x28, 0x01, 0x02, 0x27, 0x28,
 0x01, 0x02, 0x27, 0x28, 0x01, 0x02, 0x27, 0x28, 0x01, 0x02, 0x27, 0x28,
 0x01, 0x02, 0x27, 0x28, 0x01, 0x12, 0x03, 0x02, 0x27, 0x28, 0x04, 0x12,
 0x07, 0x1e, 0x08, 0x03, 0x07, 0x1e, 0x12, 0x02, 0x01, 0x05, 0x02, 0x27,
 0x28, 0x01, 0x02, 0x13, 0x1e, 0x02, 0x04, 0x01, 0x0a, 0x02, 0x10, 0x04,
 0x0a, 0x02, 0x10, 0x01, 0x01, 0x02, 0x16, 0x15, 0x03, 0x03, 0x00, 0x02,
 0x03, 0x03, 0x03, 0x00, 0x02, 0x02, 0x02, 0x10, 0x03, 0x02, 0x1e, 0x08,
 0x02, 0x27, 0x28, 0x03, 0x08, 0x1e, 0x16, 0x01, 0x01, 0x0f, 0x01, 0x02,
 0x11, 0x10, 0x03, 0x02, 0x1b, 0x0b, 0x02, 0x27, 0x28, 0x03, 0x0b, 0x1b,
 0x02, 0x02, 0x03, 0x24, 0x11, 0x10, 0x02, 0x11, 0x10, 0x01, 0x04, 0x21,
 0x11, 0x10, 0x02, 0x01, 0x02, 0x27, 0x28, 0x01, 0x02, 0x27, 0x28, 0x01,
 0x02, 0x27, 0x28, 0x01, 0x02, 0x27, 0x28, 0x01, 0x02, 0x27, 0x28, 0x01,
 0x02, 0x27, 0x28, 0x01, 0x11, 0x03, 0x02, 0x27, 0x28, 0x04, 0x12, 0x07,
 0x1e, 0x08, 0x03, 0x07, 0x1e, 0x12, 0x02, 0x02, 0x1e, 0x08, 0x03, 0x08,
 0x1e, 0x16, 0x02, 0x03, 0x0b, 0x1b, 0x02, 0x02, 0x1b, 0x0b, 0x02, 0x02,
 0x16, 0x15, 0x02, 0x27, 0x28, 0x02, 0x02, 0x02, 0x10, 0x03, 0x10, 0x02,
 0x11, 0x02, 0x02, 0x1a, 0x06, 0x02, 0x27, 0x28, 0x01, 0x02, 0x09, 0x08,
 0x03, 0x02, 0x02, 0x10, 0x02, 0x27, 0x28, 0x03, 0x10, 0x02, 0x11, 0x02,
 0x01, 0x22, 0x02, 0x23, 0x14, 0x02, 0x03, 0x00, 0x02, 0x03, 0x02, 0x02,
 0x10, 0x01, 0x01, 0x14, 0x01, 0x03, 0x24, 0x11, 0x10, 0x01, 0x04, 0x21,
 0x11, 0x10, 0x02, 0x03, 0x02, 0x15, 0x16, 0x02, 0x16, 0x15, 0x02, 0x27,
 0x28, 0x01, 0x02, 0x1a, 0x06, 0x01, 0x02, 0x11, 0x10, 0x01, 0x02, 0x27,
 0x28, 0x01, 0x0f, 0x03, 0x02, 0x27, 0x28, 0x04, 0x12, 0x07, 0x1e, 0x08,
 0x03, 0x07, 0x1e, 0x12, 0x02, 0x02, 0x15, 0x16, 0x02, 0x16, 0x15, 0x02,
 0x03, 0x24, 0x11, 0x10, 0x02, 0x11, 0x10, 0x01, 0x04, 0x21, 0x11, 0x10,
 0x02, 0x02, 0x02, 0x25, 0x1c, 0x02, 0x1c, 0x25, 0x02, 0x03, 0x10, 0x02,
 0x11, 0x02, 0x02, 0x10, 0x02, 0x02, 0x13, 0x1e, 0x02, 0x27, 0x28, 0x02,
 0x03, 0x10, 0x02, 0x11, 0x02, 0x02, 0x10, 0x03, 0x02, 0x25, 0x1c, 0x02,
 0x27, 0x28, 0x02, 0x1c, 0x25, 0x02, 0x02, 0x1e, 0x08, 0x03, 0x08, 0x1e,
 0x16, 0x02, 0x04, 0x21, 0x11, 0x10, 0x02, 0x02, 0x27, 0x28, 0x01, 0x01,
 0x14, 0x02, 0x02, 0x04, 0x01, 0x04, 0x01, 0x0a, 0x02, 0x10, 0x02, 0x03,
 0x08, 0x1e, 0x16, 0x02, 0x1e, 0x08, 0x01, 0x02, 0x27, 0x28, 0x01, 0x12,
 0x03, 0x02, 0x27, 0x28, 0x04, 0x12, 0x07, 0x1e, 0x08, 0x03, 0x07, 0x1e,
 0x12, 0x02, 0x02, 0x1e, 0x08, 0x03, 0x08, 0x1e, 0x16, 0x02, 0x03, 0x0b,
 0x1b, 0x02, 0x02, 0x1b, 0x0b, 0x02, 0x02, 0x16, 0x15, 0x02, 0x27, 0x28,
 0x01, 0x03, 0x08, 0x1e, 0x16, 0x02, 0x02, 0x04, 0x01, 0x04, 0x0a, 0x02,
 0x10, 0x01, 0x02, 0x02, 0x16, 0x15, 0x02, 0x27, 0x28, 0x01, 0x02, 0x09,
 0x08, 0x03, 0x02, 0x02, 0x10, 0x02, 0x27, 0x28, 0x03, 0x10, 0x02, 0x11,
 0x02, 0x01, 0x22, 0x02, 0x23, 0x14, 0x02, 0x03, 0x00, 0x02, 0x03, 0x02,
 0x02, 0x10, 0x01, 0x01, 0x14, 0x01, 0x03, 0x24, 0x11, 0x10, 0x01, 0x04,
 0x21, 0x11, 0x10, 0x02, 0x03, 0x02, 0x15, 0x16, 0x02, 0x16, 0x15, 0x02,
 0x27, 0x28, 0x01, 0x02, 0x1a, 0x06, 0x01, 0x02, 0x11, 0x10, 0x01, 0x02,
 0x27, 0x28, 0x00, 0x00, 0x00, 0x00, 0x80, 0x3f, 0x00, 0x00, 0x80, 0x3f,
 0x00, 0x00, 0x80, 0x3f, 0x38, 0x24, 0x7c, 0x3e, 0xe9, 0x0d, 0x58, 0x3e,
 0x69, 0x7f, 0x4e, 0x3e, 0x00, 0x00, 0x80, 0x3f, 0x3b, 0xeb, 0x84, 0x3e,
 0x6b, 0xeb, 0x57, 0x3e, 0x00, 0x00, 0x80, 0x3f, 0x24, 0xf7, 0x39, 0x3e,
 0x00, 0x00, 0x80, 0x3f, 0x00, 0x00, 0x80, 0x3f, 0x99, 0x26, 0x51, 0x3e,
 0xc9, 0x39, 0x38, 0x3e, 0x00, 0x00, 0x80, 0x3f, 0x00, 0x00, 0x80, 0x3f,
 0x00, 0x00, 0x80, 0x3f, 0xb8, 0x78, 0x7b, 0x3e, 0x00, 0x00, 0x80, 0x3f,
 0xd4, 0x3c, 0x38, 0x3e, 0x00, 0x00, 0x80, 0x3f, 0x4a, 0x5b, 0xef, 0x3e,
 0x7e, 0xbc, 0x60, 0x3e, 0x00, 0x00, 0x80, 0x3f, 0x01, 0x27, 0x4f, 0x3e,
 0x00, 0x00, 0x80, 0x3f, 0xe4, 0xd8, 0x76, 0x3e, 0x36, 0x33, 0x6a, 0x3e,
 0x18, 0xea, 0x62, 0x3e, 0x00, 0x00, 0x80, 0x3f, 0x0c, 0xc7, 0xa4, 0x3e,
 0x00, 0x00, 0x80, 0x3f, 0x52, 0x23, 0x5c, 0x3e, 0x00, 0x00, 0x80, 0x3f,
 0xe6, 0x60, 0xd7, 0x3e, 0x10, 0x33, 0x53, 0x3e, 0x00, 0x00, 0x80, 0x3f,
 0x27, 0xe4, 0x95, 0x3e, 0x00, 0x00, 0x80, 0x3f, 0xce, 0x96, 0x32, 0x3e,
 0x00, 0x00, 0x80, 0x3f, 0x00, 0x00, 0x80, 0x3f, 0x00, 0x00, 0x80, 0x3f,
 0x00, 0x00, 0x80, 0x3f, 0x00, 0x00, 0x80, 0x3f, 0x00, 0x00, 0x80, 0x3f,
 0x00, 0x00, 0x80, 0x3f, 0x00, 0x00, 0x80, 0x3f, 0x00, 0x00, 0x80, 0x3f,
 0x00, 0x00, 0x80, 0x3f, 0x00, 0x00, 0x80, 0x3f, 0x00, 0x00, 0x80, 0x3f,
 0x00, 0x00, 0x80, 0x3f, 0x00, 0x00, 0x80, 0x3f, 0x00, 0x00, 0x80, 0x3f,
 0x38, 0x24, 0x7c, 0x3e, 0xe9, 0x0d, 0x58, 0x3e, 0x69, 0x7f, 0x4e, 0x3e,
 0x00, 0x00, 0x80, 0x3f, 0x3b, 0xeb, 0x84, 0x3e, 0x6b, 0xeb, 0x57, 0x3e,
 0x00, 0x00, 0x80, 0x3f, 0x24, 0xf7, 0x39, 0x3e, 0x00, 0x00, 0x80, 0x3f,
 0x00, 0x00, 0x80, 0x3f, 0x99, 0x26, 0x51, 0x3e, 0xc9, 0x39, 0x38, 0x3e,
 0x00, 0x00, 0x80, 0x3f, 0x00, 0x00, 0x80, 0x3f, 0x00, 0x00, 0x80, 0x3f,
 0x95, 0x5e, 0x85, 0x3e, 0x00, 0x00, 0x80, 0x3f, 0x31, 0x44, 0xc3, 0x3e,
 0xce, 0x6d, 0xa1, 0x3e, 0x00, 0x00, 0x80, 0x3f, 0x83, 0xaf, 0x81, 0x3e,
 0x00, 0x00, 0x80, 0x3f, 0x61, 0x86, 0x82, 0x3e, 0xfd, 0x03, 0x7f, 0x3e,
 0x00, 0x00, 0x80, 0x3f, 0x89, 0x9c, 0x9c, 0x3e, 0xa8, 0x58, 0x8b, 0x3e,
 0x48, 0x33, 0x47, 0x3e, 0x00, 0x00, 0x80, 0x3f, 0xb5, 0x72, 0x96, 0x3e,
 0x85, 0xee, 0x84, 0x3e, 0xce, 0xe4, 0x80, 0x3e, 0x00, 0x00, 0x80, 0x3f,
 0xce, 0x96, 0x32, 0x3e, 0x00, 0x00, 0x80, 0x3f, 0x00, 0x00, 0x80, 0x3f,
 0x00, 0x00, 0x80, 0x3f, 0x00, 0x00, 0x80, 0x3f, 0x00, 0x00, 0x80, 0x3f,
 0x00, 0x00, 0x80, 0x3f, 0x00, 0x00, 0x80, 0x3f, 0x00, 0x00, 0x80, 0x3f,
 0x00, 0x00, 0x80, 0x3f, 0x00, 0x00, 0x80, 0x3f, 0x00, 0x00, 0x80, 0x3f,
 0x00, 0x00, 0x80, 0x3f, 0x00, 0x00, 0x80, 0x3f, 0x00, 0x00, 0x80, 0x3f,
 0x00, 0x00, 0x80, 0x3f, 0x38, 0x24, 0x7c, 0x3e, 0xe9, 0x0d, 0x58, 0x3e,
 0x69, 0x7f, 0x4e, 0x3e, 0x00, 0x00, 0x80, 0x3f, 0x3b, 0xeb, 0x84, 0x3e,
 0x6b, 0xeb, 0x57, 0x3e, 0x00, 0x00, 0x80, 0x3f, 0x24, 0xf7, 0x39, 0x3e,
 0x00, 0x00, 0x80, 0x3f, 0x00, 0x00, 0x80, 0x3f, 0x99, 0x26, 0x51, 0x3e,
 0xc9, 0x39, 0x38, 0x3e, 0x00, 0x00, 0x80, 0x3f, 0x00, 0x00, 0x80, 0x3f,
 0x00, 0x00, 0x80, 0x3f, 0x52, 0x23, 0x5c, 0x3e, 0x00, 0x00, 0x80, 0x3f,
 0x86, 0x0a, 0x92, 0x3e, 0x46, 0x3e, 0x44, 0x3e, 0x00, 0x00, 0x80, 0x3f,
 0x53, 0xa9, 0xb1, 0x3e, 0x08, 0x3c, 0x9c, 0x3e, 0x00, 0x00, 0x80, 0x3f,
 0x4b, 0x18, 0x9e, 0x3e, 0x00, 0x00, 0x80, 0x3f, 0xd4, 0x3c, 0x38, 0x3e,
 0x00, 0x00, 0x80, 0x3f, 0x00, 0x00, 0x80, 0x3f, 0x00, 0x00, 0x80, 0x3f,
 0x00, 0x00, 0x80, 0x3f, 0x00, 0x00, 0x80, 0x3f, 0x00, 0x00, 0x80, 0x3f,
 0x00, 0x00, 0x80, 0x3f, 0x00, 0x00, 0x80, 0x3f, 0x00, 0x00, 0x80, 0x3f,
 0x00, 0x00, 0x80, 0x3f, 0x00, 0x00, 0x80, 0x3f, 0x00, 0x00, 0x80, 0x3f,
 0x00, 0x00, 0x80, 0x3f, 0x00, 0x00, 0x80, 0x3f, 0x00, 0x00, 0x80, 0x3f,
 0x38, 0x24, 0x7c, 0x3e, 0xe9, 0x0d, 0x58, 0x3e, 0x69, 0x7f, 0x4e, 0x3e,
 0x00, 0x00, 0x80, 0x3f, 0x3b, 0xeb, 0x84, 0x3e, 0x6b, 0xeb, 0x57, 0x3e,
 0x00, 0x00, 0x80, 0x3f, 0x24, 0xf7, 0x39, 0x3e, 0x00, 0x00, 0x80, 0x3f,
 0x00, 0x00, 0x80, 0x3f, 0x99, 0x26, 0x51, 0x3e, 0xc9, 0x39, 0x38, 0x3e,
 0x00, 0x00, 0x80, 0x3f, 0x00, 0x00, 0x80, 0x3f, 0x00, 0x00, 0x80, 0x3f,
 0x9b, 0x15, 0x49, 0x3e, 0x00, 0x00, 0x80, 0x3f, 0x27, 0xe4, 0x95, 0x3e,
 0x00, 0x00, 0x80, 0x3f, 0x00, 0x00, 0x80, 0x3f, 0x00, 0x00, 0x80, 0x3f,
 0xe6, 0x60, 0xd7, 0x3e, 0x10, 0x33, 0x53, 0x3e, 0x00, 0x00, 0x80, 0x3f,
 0xb8, 0x78, 0x7b, 0x3e, 0x00, 0x00, 0x80, 0x3f, 0xd4, 0x3c, 0x38, 0x3e,
 0x00, 0x00, 0x80, 0x3f, 0x4a, 0x5b, 0xef, 0x3e, 0x7e, 0xbc, 0x60, 0x3e,
 0x00, 0x00, 0x80, 0x3f, 0x01, 0x27, 0x4f, 0x3e, 0x00, 0x00, 0x80, 0x3f,
 0xe4, 0xd8, 0x76, 0x3e, 0x36, 0x33, 0x6a, 0x3e, 0x18, 0xea, 0x62, 0x3e,
 0x00, 0x00, 0x80, 0x3f, 0x0c, 0xc7, 0xa4, 0x3e, 0x00, 0x00, 0x80, 0x3f,
 0x52, 0x23, 0x5c, 0x3e, 0x00, 0x00, 0x80, 0x3f, 0xe6, 0x60, 0xd7, 0x3e,
 0x10, 0x33, 0x53, 0x3e, 0x00, 0x00, 0x80, 0x3f, 0x27, 0xe4, 0x95, 0x3e,
 0x00, 0x00, 0x80, 0x3f, 0xce, 0x96, 0x32, 0x3e, 0x00, 0x00, 0x80, 0x3f,
 0x00, 0x00, 0x80, 0x3f, 0x00, 0x00, 0x80, 0x3f, 0x00, 0x00, 0x80, 0x3f,
 0x00, 0x00, 0x80, 0x3f, 0x00, 0x00, 0x80, 0x3f, 0x00, 0x00, 0x80, 0x3f,
 0x00, 0x00, 0x80, 0x3f, 0x00, 0x00, 0x80, 0x3f, 0x00, 0x00, 0x80, 0x3f,
 0x00, 0x00, 0x80, 0x3f, 0x00, 0x00, 0x80, 0x3f, 0x00, 0x00, 0x80, 0x3f,
 0x00, 0x00, 0x80, 0x3f, 0x00, 0x00, 0x80, 0x3f, 0x38, 0x24, 0x7c, 0x3e,
 0xe9, 0x0d, 0x58, 0x3e, 0x69, 0x7f, 0x4e, 0x3e, 0x00, 0x00, 0x80, 0x3f,
 0x3b, 0xeb, 0x84, 0x3e, 0x6b, 0xeb, 0x57, 0x3e, 0x00, 0x00, 0x80, 0x3f,
 0x24, 0xf7, 0x39, 0x3e, 0x00, 0x00, 0x80, 0x3f, 0x00, 0x00, 0x80, 0x3f,
 0x99, 0x26, 0x51, 0x3e, 0xc9, 0x39, 0x38, 0x3e, 0x00, 0x00, 0x80, 0x3f,
 0x00, 0x00, 0x80, 0x3f, 0x00, 0x00, 0x80, 0x3f, 0x9b, 0x15, 0x49, 0x3e,
 0x00, 0x00, 0x80, 0x3f, 0x27, 0xe4, 0x95, 0x3e, 0x00, 0x00, 0x80, 0x3f,
 0x00, 0x00, 0x80, 0x3f, 0x00, 0x00, 0x80, 0x3f, 0xe6, 0x60, 0xd7, 0x3e,
 0x10, 0x33, 0x53, 0x3e, 0x00, 0x00, 0x80, 0x3f, 0x95, 0x5e, 0x85, 0x3e,
 0x00, 0x00, 0x80, 0x3f, 0x31, 0x44, 0xc3, 0x3e, 0xce, 0x6d, 0xa1, 0x3e,
 0x00, 0x00, 0x80, 0x3f, 0x83, 0xaf, 0x81, 0x3e, 0x00, 0x00, 0x80, 0x3f,
 0x61, 0x86, 0x82, 0x3e, 0xfd, 0x03, 0x7f, 0x3e, 0x00, 0x00, 0x80, 0x3f,
 0x89, 0x9c, 0x9c, 0x3e, 0xa8, 0x58, 0x8b, 0x3e, 0x48, 0x33, 0x47, 0x3e,
 0x00, 0x00, 0x80, 0x3f, 0xb5, 0x72, 0x96, 0x3e, 0x85, 0xee, 0x84, 0x3e,
 0xce, 0xe4, 0x80, 0x3e, 0x00, 0x00, 0x80, 0x3f, 0xce, 0x96, 0x32, 0x3e,
 0x00, 0x00, 0x80, 0x3f, 0x00, 0x00, 0x80, 0x3f, 0x00, 0x00, 0x80, 0x3f,
 0x00, 0x00, 0x80, 0x3f, 0x00, 0x00, 0x80, 0x3f, 0x00, 0x00, 0x80, 0x3f,
 0x00, 0x00, 0x80, 0x3f, 0x00, 0x00, 0x80, 0x3f, 0x00, 0x00, 0x80, 0x3f,
 0x00, 0x00, 0x80, 0x3f, 0x00, 0x00, 0x80, 0x3f, 0x00, 0x00, 0x80, 0x3f,
 0x00, 0x00, 0x80, 0x3f, 0x00, 0x00, 0x80, 0x3f, 0x00, 0x00, 0x80, 0x3f,
 0x38, 0x24, 0x7c, 0x3e, 0xe9, 0x0d, 0x58, 0x3e, 0x69, 0x7f, 0x4e, 0x3e,
 0x00, 0x00, 0x80, 0x3f, 0x3b, 0xeb, 0x84, 0x3e, 0x6b, 0xeb, 0x57, 0x3e,
 0x00, 0x00, 0x80, 0x3f, 0x24, 0xf7, 0x39, 0x3e, 0x00, 0x00, 0x80, 0x3f,
 0x00, 0x00, 0x80, 0x3f, 0x99, 0x26, 0x51, 0x3e, 0xc9, 0x39, 0x38, 0x3e,
 0x00, 0x00, 0x80, 0x3f, 0x00, 0x00, 0x80, 0x3f, 0x00, 0x00, 0x80, 0x3f,
 0x9b, 0x15, 0x49, 0x3e, 0x00, 0x00, 0x80, 0x3f, 0x27, 0xe4, 0x95, 0x3e,
 0x00, 0x00, 0x80, 0x3f, 0x00, 0x00, 0x80, 0x3f, 0x00, 0x00, 0x80, 0x3f,
 0xe6, 0x60, 0xd7, 0x3e, 0x10, 0x33, 0x53, 0x3e, 0x00, 0x00, 0x80, 0x3f,
 0x52, 0x23, 0x5c, 0x3e, 0x00, 0x00, 0x80, 0x3f, 0x86, 0x0a, 0x92, 0x3e,
 0x46, 0x3e, 0x44, 0x3e, 0x00, 0x00, 0x80, 0x3f, 0x53, 0xa9, 0xb1, 0x3e,
 0x08, 0x3c, 0x9c, 0x3e, 0x00, 0x00, 0x80, 0x3f, 0x4b, 0x18, 0x9e, 0x3e,
 0x00, 0x00, 0x80, 0x3f, 0xd4, 0x3c, 0x38, 0x3e, 0x00, 0x00, 0x80, 0x3f,
 0x00, 0x00, 0x80, 0x3f, 0x00, 0x00, 0x80, 0x3f, 0x00, 0x00, 0x80, 0x3f,
 0x00, 0x00, 0x80, 0x3f, 0x00, 0x00, 0x80, 0x3f, 0x00, 0x00, 0x80, 0x3f,
 0x00, 0x00, 0x80, 0x3f, 0x00, 0x00, 0x80, 0x3f, 0x00, 0x00, 0x80, 0x3f,
 0x00, 0x00, 0x80, 0x3f, 0x00, 0x00, 0x80, 0x3f, 0x00, 0x00, 0x80, 0x3f,
 0x00, 0x00, 0x80, 0x3f, 0x00, 0x00, 0x80, 0x3f, 0x38, 0x24, 0x7c, 0x3e,
 0xe9, 0x0d, 0x58, 0x3e, 0x69, 0x7f, 0x4e, 0x3e, 0x00, 0x00, 0x80, 0x3f,
 0x3b, 0xeb, 0x84, 0x3e, 0x6b, 0xeb, 0x57, 0x3e, 0x00, 0x00, 0x80, 0x3f,
 0x24, 0xf7, 0x39, 0x3e, 0x00, 0x00, 0x80, 0x3f, 0x00, 0x00, 0x80, 0x3f,
 0x99, 0x26, 0x51, 0x3e, 0xc9, 0x39, 0x38, 0x3e, 0x00, 0x00, 0x80, 0x3f,
 0x00, 0x00, 0x80, 0x3f, 0x00, 0x00, 0x80, 0x3f, 0xb8, 0x78, 0x7b, 0x3e,
 0x00, 0x00, 0x80, 0x3f, 0xd4, 0x3c, 0x38, 0x3e, 0x00, 0x00, 0x80, 0x3f,
 0x00, 0x00, 0x80, 0x3f, 0x00, 0x00, 0x80, 0x3f, 0x00, 0x00, 0x80, 0x3f,
 0xb8, 0x78, 0x7b, 0x3e, 0x00, 0x00, 0x80, 0x3f, 0xd4, 0x3c, 0x38, 0x3e,
 0x00, 0x00, 0x80, 0x3f, 0x4a, 0x5b, 0xef, 0x3e, 0x7e, 0xbc, 0x60, 0x3e,
 0x00, 0x00, 0x80, 0x3f, 0x01, 0x27, 0x4f, 0x3e, 0x00, 0x00, 0x80, 0x3f,
 0xe4, 0xd8, 0x76, 0x3e, 0x36, 0x33, 0x6a, 0x3e, 0x18, 0xea, 0x62, 0x3e,
 0x00, 0x00, 0x80, 0x3f, 0x0c, 0xc7, 0xa4, 0x3e, 0x00, 0x00, 0x80, 0x3f,
 0x52, 0x23, 0x5c, 0x3e, 0x00, 0x00, 0x80, 0x3f, 0xe6, 0x60, 0xd7, 0x3e,
 0x10, 0x33, 0x53, 0x3e, 0x00, 0x00, 0x80, 0x3f, 0x27, 0xe4, 0x95, 0x3e,
 0x00, 0x00, 0x80, 0x3f, 0xce, 0x96, 0x32, 0x3e, 0x00, 0x00, 0x80, 0x3f,
 0x00, 0x00, 0x80, 0x3f, 0x00, 0x00, 0x80, 0x3f, 0x00, 0x00, 0x80, 0x3f,
 0x00, 0x00, 0x80, 0x3f, 0x00, 0x00, 0x80, 0x3f, 0x00, 0x00, 0x80, 0x3f,
 0x00, 0x00, 0x80, 0x3f, 0x00, 0x00, 0x80, 0x3f, 0x00, 0x00, 0x80, 0x3f,
 0x00, 0x00, 0x80, 0x3f, 0x00, 0x00, 0x80, 0x3f, 0x00, 0x00, 0x80, 0x3f,
 0x00, 0x00, 0x80, 0x3f, 0x00, 0x00, 0x80, 0x3f, 0x38, 0x24, 0x7c, 0x3e,
 0xe9, 0x0d, 0x58, 0x3e, 0x69, 0x7f, 0x4e, 0x3e, 0x00, 0x00, 0x80, 0x3f,
 0x3b, 0xeb, 0x84, 0x3e, 0x6b, 0xeb, 0x57, 0x3e, 0x00, 0x00, 0x80, 0x3f,
 0x24, 0xf7, 0x39, 0x3e, 0x00, 0x00, 0x80, 0x3f, 0x00, 0x00, 0x80, 0x3f,
 0x99, 0x26, 0x51, 0x3e, 0xc9, 0x39, 0x38, 0x3e, 0x00, 0x00, 0x80, 0x3f,
 0x00, 0x00, 0x80, 0x3f, 0x00, 0x00, 0x80, 0x3f, 0xb8, 0x78, 0x7b, 0x3e,
 0x00, 0x00, 0x80, 0x3f, 0xd4, 0x3c, 0x38, 0x3e, 0x00, 0x00, 0x80, 0x3f,
 0x00, 0x00, 0x80, 0x3f, 0x00, 0x00, 0x80, 0x3f, 0x00, 0x00, 0x80, 0x3f,
 0x95, 0x5e, 0x85, 0x3e, 0x00, 0x00, 0x80, 0x3f, 0x31, 0x44, 0xc3, 0x3e,
 0xce, 0x6d, 0xa1, 0x3e, 0x00, 0x00, 0x80, 0x3f, 0x83, 0xaf, 0x81, 0x3e,
 0x00, 0x00, 0x80, 0x3f, 0x61, 0x86, 0x82, 0x3e, 0xfd, 0x03, 0x7f, 0x3e,
 0x00, 0x00, 0x80, 0x3f, 0x89, 0x9c, 0x9c, 0x3e, 0xa8, 0x58, 0x8b, 0x3e,
 0x48, 0x33, 0x47, 0x3e, 0x00, 0x00, 0x80, 0x3f, 0xb5, 0x72, 0x96, 0x3e,
 0x85, 0xee, 0x84, 0x3e, 0xce, 0xe4, 0x80, 0x3e, 0x00, 0x00, 0x80, 0x3f,
 0xce, 0x96, 0x32, 0x3e, 0x00, 0x00, 0x80, 0x3f, 0x00, 0x00, 0x80, 0x3f,
 0x00, 0x00, 0x80, 0x3f, 0x00, 0x00, 0x80, 0x3f, 0x00, 0x00, 0x80, 0x3f,
 0x00, 0x00, 0x80, 0x3f, 0x00, 0x00, 0x80, 0x3f, 0x00, 0x00, 0x80, 0x3f,
 0x00, 0x00, 0x80, 0x3f, 0x00, 0x00, 0x80, 0x3f, 0x00, 0x00, 0x80, 0x3f,
 0x00, 0x00, 0x80, 0x3f, 0x00, 0x00, 0x80, 0x3f, 0x00, 0x00, 0x80, 0x3f,
 0x00, 0x00, 0x80, 0x3f, 0x38, 0x24, 0x7c, 0x3e, 0xe9, 0x0d, 0x58, 0x3e,
 0x69, 0x7f, 0x4e, 0x3e, 0x00, 0x00, 0x80, 0x3f, 0x3b, 0xeb, 0x84, 0x3e,
 0x6b, 0xeb, 0x57, 0x3e, 0x00, 0x00, 0x80, 0x3f, 0x24, 0xf7, 0x39, 0x3e,
 0x00, 0x00, 0x80, 0x3f, 0x00, 0x00, 0x80, 0x3f, 0x99, 0x26, 0x51, 0x3e,
 0xc9, 0x39, 0x38, 0x3e, 0x00, 0x00, 0x80, 0x3f, 0x00, 0x00, 0x80, 0x3f,
 0x00, 0x00, 0x80, 0x3f, 0xb8, 0x78, 0x7b, 0x3e, 0x00, 0x00, 0x80, 0x3f,
 0xd4, 0x3c, 0x38, 0x3e, 0x00, 0x00, 0x80, 0x3f, 0x00, 0x00, 0x80, 0x3f,
 0x00, 0x00, 0x80, 0x3f, 0x00, 0x00, 0x80, 0x3f, 0x52, 0x23, 0x5c, 0x3e,
 0x00, 0x00, 0x80, 0x3f, 0x86, 0x0a, 0x92, 0x3e, 0x46, 0x3e, 0x44, 0x3e,
 0x00, 0x00, 0x80, 0x3f, 0x53, 0xa9, 0xb1, 0x3e, 0x08, 0x3c, 0x9c, 0x3e,
 0x00, 0x00, 0x80, 0x3f, 0x4b, 0x18, 0x9e, 0x3e, 0x00, 0x00, 0x80, 0x3f,
 0xd4, 0x3c, 0x38, 0x3e, 0x00, 0x00, 0x80, 0x3f, 0x00, 0x00, 0x80, 0x3f,
 0x00, 0x00, 0x80, 0x3f, 0x00, 0x00, 0x80, 0x3f, 0x00, 0x00, 0x80, 0x3f,
 0x00, 0x00, 0x80, 0x3f, 0x00, 0x00, 0x80, 0x3f, 0x00, 0x00, 0x80, 0x3f,
 0x00, 0x00, 0x80, 0x3f, 0x00, 0x00, 0x80, 0x3f, 0x00, 0x00, 0x80, 0x3f,
 0x00, 0x00, 0x80, 0x3f, 0x00, 0x00, 0x80, 0x3f, 0x00, 0x00, 0x80, 0x3f,
 0x00, 0x00, 0x80, 0x3f, 0x38, 0x24, 0x7c, 0x3e, 0xe9, 0x0d, 0x58, 0x3e,
 0x69, 0x7f, 0x4e, 0x3e, 0x00, 0x00, 0x80, 0x3f, 0x3b, 0xeb, 0x84, 0x3e,
 0x6b, 0xeb, 0x57, 0x3e, 0x00, 0x00, 0x80, 0x3f, 0x52, 0x23, 0x5c, 0x3e,
 0x00, 0x00, 0x80, 0x3f, 0x0c, 0xc7, 0xa4, 0x3e, 0x00, 0x00, 0x80, 0x3f,
 0x95, 0x5e, 0x85, 0x3e, 0x00, 0x00, 0x80, 0x3f, 0x53, 0xa9, 0xb1, 0x3e,
 0x08, 0x3c, 0x9c, 0x3e, 0x00, 0x00, 0x80, 0x3f, 0x61, 0x86, 0x82, 0x3e,
 0xfd, 0x03, 0x7f, 0x3e, 0x00, 0x00, 0x80, 0x3f, 0x83, 0xaf, 0x81, 0x3e,
 0x00, 0x00, 0x80, 0x3f, 0x61, 0x86, 0x82, 0x3e, 0xfd, 0x03, 0x7f, 0x3e,
 0x00, 0x00, 0x80, 0x3f, 0x95, 0x5e, 0x85, 0x3e, 0x00, 0x00, 0x80, 0x3f,
 0x00, 0x00, 0x80, 0x3f, 0x00, 0x00, 0x80, 0x3f, 0xb8, 0x78, 0x7b, 0x3e,
 0x00, 0x00, 0x80, 0x3f, 0xd4, 0x3c, 0x38, 0x3e, 0x00, 0x00, 0x80, 0x3f,
 0x4a, 0x5b, 0xef, 0x3e, 0x7e, 0xbc, 0x60, 0x3e, 0x00, 0x00, 0x80, 0x3f,
 0x01, 0x27, 0x4f, 0x3e, 0x00, 0x00, 0x80, 0x3f, 0xe4, 0xd8, 0x76, 0x3e,
 0x36, 0x33, 0x6a, 0x3e, 0x18, 0xea, 0x62, 0x3e, 0x00, 0x00, 0x80, 0x3f,
 0x0c, 0xc7, 0xa4, 0x3e, 0x00, 0x00, 0x80, 0x3f, 0x52, 0x23, 0x5c, 0x3e,
 0x00, 0x00, 0x80, 0x3f, 0xe6, 0x60, 0xd7, 0x3e, 0x10, 0x33, 0x53, 0x3e,
 0x00, 0x00, 0x80, 0x3f, 0x27, 0xe4, 0x95, 0x3e, 0x00, 0x00, 0x80, 0x3f,
 0xce, 0x96, 0x32, 0x3e, 0x00, 0x00, 0x80, 0x3f, 0x00, 0x00, 0x80, 0x3f,
 0x00, 0x00, 0x80, 0x3f, 0x00, 0x00, 0x80, 0x3f, 0x00, 0x00, 0x80, 0x3f,
 0x00, 0x00, 0x80, 0x3f, 0x00, 0x00, 0x80, 0x3f, 0x00, 0x00, 0x80, 0x3f,
 0x00, 0x00, 0x80, 0x3f, 0x00, 0x00, 0x80, 0x3f, 0x00, 0x00, 0x80, 0x3f,
 0x00, 0x00, 0x80, 0x3f, 0x00, 0x00, 0x80, 0x3f, 0x00, 0x00, 0x80, 0x3f,
 0x00, 0x00, 0x80, 0x3f, 0x38, 0x24, 0x7c, 0x3e, 0xe9, 0x0d, 0x58, 0x3e,
 0x69, 0x7f, 0x4e, 0x3e, 0x00, 0x00, 0x80, 0x3f, 0x3b, 0xeb, 0x84, 0x3e,
 0x6b, 0xeb, 0x57, 0x3e, 0x00, 0x00, 0x80, 0x3f, 0x52, 0x23, 0x5c, 0x3e,
 0x00, 0x00, 0x80, 0x3f, 0x0c, 0xc7, 0xa4, 0x3e, 0x00, 0x00, 0x80, 0x3f,
 0x95, 0x5e, 0x85, 0x3e, 0x00, 0x00, 0x80, 0x3f, 0x53, 0xa9, 0xb1, 0x3e,
 0x08, 0x3c, 0x9c, 0x3e, 0x00, 0x00, 0x80, 0x3f, 0x61, 0x86, 0x82, 0x3e,
 0xfd, 0x03, 0x7f, 0x3e, 0x00, 0x00, 0x80, 0x3f, 0x83, 0xaf, 0x81, 0x3e,
 0x00, 0x00, 0x80, 0x3f, 0x61, 0x86, 0x82, 0x3e, 0xfd, 0x03, 0x7f, 0x3e,
 0x00, 0x00, 0x80, 0x3f, 0x95, 0x5e, 0x85, 0x3e, 0x00, 0x00, 0x80, 0x3f,
 0x00, 0x00, 0x80, 0x3f, 0x00, 0x00, 0x80, 0x3f, 0x95, 0x5e, 0x85, 0x3e,
 0x00, 0x00, 0x80, 0x3f, 0x31, 0x44, 0xc3, 0x3e, 0xce, 0x6d, 0xa1, 0x3e,
 0x00, 0x00, 0x80, 0x3f, 0x83, 0xaf, 0x81, 0x3e, 0x00, 0x00, 0x80, 0x3f,
 0x61, 0x86, 0x82, 0x3e, 0xfd, 0x03, 0x7f, 0x3e, 0x00, 0x00, 0x80, 0x3f,
 0x89, 0x9c, 0x9c, 0x3e, 0xa8, 0x58, 0x8b, 0x3e, 0x48, 0x33, 0x47, 0x3e,
 0x00, 0x00, 0x80, 0x3f, 0xb5, 0x72, 0x96, 0x3e, 0x85, 0xee, 0x84, 0x3e,
 0xce, 0xe4, 0x80, 0x3e, 0x00, 0x00, 0x80, 0x3f, 0xce, 0x96, 0x32, 0x3e,
 0x00, 0x00, 0x80, 0x3f, 0x00, 0x00, 0x80, 0x3f, 0x00, 0x00, 0x80, 0x3f,
 0x00, 0x00, 0x80, 0x3f, 0x00, 0x00, 0x80, 0x3f, 0x00, 0x00, 0x80, 0x3f,
 0x00, 0x00, 0x80, 0x3f, 0x00, 0x00, 0x80, 0x3f, 0x00, 0x00, 0x80, 0x3f,
 0x00, 0x00, 0x80, 0x3f, 0x00, 0x00, 0x80, 0x3f, 0x00, 0x00, 0x80, 0x3f,
 0x00, 0x00, 0x80, 0x3f, 0x00, 0x00, 0x80, 0x3f, 0x00, 0x00, 0x80, 0x3f,
 0x38, 0x24, 0x7c, 0x3e, 0xe9, 0x0d, 0x58, 0x3e, 0x69, 0x7f, 0x4e, 0x3e,
 0x00, 0x00, 0x80, 0x3f, 0x3b, 0xeb, 0x84, 0x3e, 0x6b, 0xeb, 0x57, 0x3e,
 0x00, 0x00, 0x80, 0x3f, 0x52, 0x23, 0x5c, 0x3e, 0x00, 0x00, 0x80, 0x3f,
 0x0c, 0xc7, 0xa4, 0x3e, 0x00, 0x00, 0x80, 0x3f, 0x95, 0x5e, 0x85, 0x3e,
 0x00, 0x00, 0x80, 0x3f, 0x53, 0xa9, 0xb1, 0x3e, 0x08, 0x3c, 0x9c, 0x3e,
 0x00, 0x00, 0x80, 0x3f, 0x61, 0x86, 0x82, 0x3e, 0xfd, 0x03, 0x7f, 0x3e,
 0x00, 0x00, 0x80, 0x3f, 0x83, 0xaf, 0x81, 0x3e, 0x00, 0x00, 0x80, 0x3f,
 0x61, 0x86, 0x82, 0x3e, 0xfd, 0x03, 0x7f, 0x3e, 0x00, 0x00, 0x80, 0x3f,
 0x95, 0x5e, 0x85, 0x3e, 0x00, 0x00, 0x80, 0x3f, 0x00, 0x00, 0x80, 0x3f,
 0x00, 0x00, 0x80, 0x3f, 0x52, 0x23, 0x5c, 0x3e, 0x00, 0x00, 0x80, 0x3f,
 0x86, 0x0a, 0x92, 0x3e, 0x46, 0x3e, 0x44, 0x3e, 0x00, 0x00, 0x80, 0x3f,
 0x53, 0xa9, 0xb1, 0x3e, 0x08, 0x3c, 0x9c, 0x3e, 0x00, 0x00, 0x80, 0x3f,
 0x4b, 0x18, 0x9e, 0x3e, 0x00, 0x00, 0x80, 0x3f, 0xd4, 0x3c, 0x38, 0x3e,
 0x00, 0x00, 0x80, 0x3f, 0x00, 0x00, 0x80, 0x3f, 0x00, 0x00, 0x80, 0x3f,
 0x00, 0x00, 0x80, 0x3f, 0x00, 0x00, 0x80, 0x3f, 0x00, 0x00, 0x80, 0x3f,
 0x00, 0x00, 0x80, 0x3f, 0x00, 0x00, 0x80, 0x3f, 0x00, 0x00, 0x80, 0x3f,
 0x00, 0x00, 0x80, 0x3f, 0x00, 0x00, 0x80, 0x3f, 0x00, 0x00, 0x80, 0x3f,
 0x00, 0x00, 0x80, 0x3f, 0x00, 0x00, 0x80, 0x3f, 0x00, 0x00, 0x80, 0x3f,
 0x38, 0x24, 0x7c, 0x3e, 0xe9, 0x0d, 0x58, 0x3e, 0x69, 0x7f, 0x4e, 0x3e,
 0x00, 0x00, 0x80, 0x3f, 0x3b, 0xeb, 0x84, 0x3e, 0x6b, 0xeb, 0x57, 0x3e,
 0x00, 0x00, 0x80, 0x3f, 0x52, 0x23, 0x5c, 0x3e, 0x00, 0x00, 0x80, 0x3f,
 0x0c, 0xc7, 0xa4, 0x3e, 0x00, 0x00, 0x80, 0x3f, 0x95, 0x5e, 0x85, 0x3e,
 0x00, 0x00, 0x80, 0x3f, 0x53, 0xa9, 0xb1, 0x3e, 0x08, 0x3c, 0x9c, 0x3e,
 0x00, 0x00, 0x80, 0x3f, 0x61, 0x86, 0x82, 0x3e, 0xfd, 0x03, 0x7f, 0x3e,
 0x00, 0x00, 0x80, 0x3f, 0x83, 0xaf, 0x81, 0x3e, 0x00, 0x00, 0x80, 0x3f,
 0x61, 0x86, 0x82, 0x3e, 0xfd, 0x03, 0x7f, 0x3e, 0x00, 0x00, 0x80, 0x3f,
 0x95, 0x5e, 0x85, 0x3e, 0x00, 0x00, 0x80, 0x3f, 0x00, 0x00, 0x80, 0x3f,
 0x00, 0x00, 0x80, 0x3f, 0x9b, 0x15, 0x49, 0x3e, 0x00, 0x00, 0x80, 0x3f,
 0x27, 0xe4, 0x95, 0x3e, 0x00, 0x00, 0x80, 0x3f, 0x00, 0x00, 0x80, 0x3f,
 0x00, 0x00, 0x80, 0x3f, 0xe6, 0x60, 0xd7, 0x3e, 0x10, 0x33, 0x53, 0x3e,
 0x00, 0x00, 0x80, 0x3f, 0xb8, 0x78, 0x7b, 0x3e, 0x00, 0x00, 0x80, 0x3f,
 0xd4, 0x3c, 0x38, 0x3e, 0x00, 0x00, 0x80, 0x3f, 0x4a, 0x5b, 0xef, 0x3e,
 0x7e, 0xbc, 0x60, 0x3e, 0x00, 0x00, 0x80, 0x3f, 0x01, 0x27, 0x4f, 0x3e,
 0x00, 0x00, 0x80, 0x3f, 0xe4, 0xd8, 0x76, 0x3e, 0x36, 0x33, 0x6a, 0x3e,
 0x18, 0xea, 0x62, 0x3e, 0x00, 0x00, 0x80, 0x3f, 0x0c, 0xc7, 0xa4, 0x3e,
 0x00, 0x00, 0x80, 0x3f, 0x52, 0x23, 0x5c, 0x3e, 0x00, 0x00, 0x80, 0x3f,
 0xe6, 0x60, 0xd7, 0x3e, 0x10, 0x33, 0x53, 0x3e, 0x00, 0x00, 0x80, 0x3f,
 0x27, 0xe4, 0x95, 0x3e, 0x00, 0x00, 0x80, 0x3f, 0xce, 0x96, 0x32, 0x3e,
 0x00, 0x00, 0x80, 0x3f, 0x00, 0x00, 0x80, 0x3f, 0x00, 0x00, 0x80, 0x3f,
 0x00, 0x00, 0x80, 0x3f, 0x00, 0x00, 0x80, 0x3f, 0x38, 0x24, 0x7c, 0x3e,
 0xe9, 0x0d, 0x58, 0x3e, 0x69, 0x7f, 0x4e, 0x3e, 0x00, 0x00, 0x80, 0x3f,
 0x3b, 0xeb, 0x84, 0x3e, 0x6b, 0xeb, 0x57, 0x3e, 0x00, 0x00, 0x80, 0x3f,
 0x52, 0x23, 0x5c, 0x3e, 0x00, 0x00, 0x80, 0x3f, 0x0c, 0xc7, 0xa4, 0x3e,
 0x00, 0x00, 0x80, 0x3f, 0x95, 0x5e, 0x85, 0x3e, 0x00, 0x00, 0x80, 0x3f,
 0x53, 0xa9, 0xb1, 0x3e, 0x08, 0x3c, 0x9c, 0x3e, 0x00, 0x00, 0x80, 0x3f,
 0x61, 0x86, 0x82, 0x3e, 0xfd, 0x03, 0x7f, 0x3e, 0x00, 0x00, 0x80, 0x3f,
 0x83, 0xaf, 0x81, 0x3e, 0x00, 0x00, 0x80, 0x3f, 0x61, 0x86, 0x82, 0x3e,
 0xfd, 0x03, 0x7f, 0x3e, 0x00, 0x00, 0x80, 0x3f, 0x95, 0x5e, 0x85, 0x3e,
 0x00, 0x00, 0x80, 0x3f, 0x00, 0x00, 0x80, 0x3f, 0x00, 0x00, 0x80, 0x3f,
 0x9b, 0x15, 0x49, 0x3e, 0x00, 0x00, 0x80, 0x3f, 0x27, 0xe4, 0x95, 0x3e,
 0x00, 0x00, 0x80, 0x3f, 0x00, 0x00, 0x80, 0x3f, 0x00, 0x00, 0x80, 0x3f,
 0xe6, 0x60, 0xd7, 0x3e, 0x10, 0x33, 0x53, 0x3e, 0x00, 0x00, 0x80, 0x3f,
 0x95, 0x5e, 0x85, 0x3e, 0x00, 0x00, 0x80, 0x3f, 0x31, 0x44, 0xc3, 0x3e,
 0xce, 0x6d, 0xa1, 0x3e, 0x00, 0x00, 0x80, 0x3f, 0x83, 0xaf, 0x81, 0x3e,
 0x00, 0x00, 0x80, 0x3f, 0x61, 0x86, 0x82, 0x3e, 0xfd, 0x03, 0x7f, 0x3e,
 0x00, 0x00, 0x80, 0x3f, 0x89, 0x9c, 0x9c, 0x3e, 0xa8, 0x58, 0x8b, 0x3e,
 0x48, 0x33, 0x47, 0x3e, 0x00, 0x00, 0x80, 0x3f, 0xb5, 0x72, 0x96, 0x3e,
 0x85, 0xee, 0x84, 0x3e, 0xce, 0xe4, 0x80, 0x3e, 0x00, 0x00, 0x80, 0x3f,
 0xce, 0x96, 0x32, 0x3e, 0x00, 0x00, 0x80, 0x3f, 0x00, 0x00, 0x80, 0x3f,
 0x00, 0x00, 0x80, 0x3f, 0x00, 0x00, 0x80, 0x3f, 0x00, 0x00, 0x80, 0x3f,
 0x00, 0x00, 0x80, 0x3f, 0x00, 0x00, 0x80, 0x3f, 0x00, 0x00, 0x80, 0x3f,
 0x00, 0x00, 0x80, 0x3f, 0x00, 0x00, 0x80, 0x3f, 0x00, 0x00, 0x80, 0x3f,
 0x00, 0x00, 0x80, 0x3f, 0x00, 0x00, 0x80, 0x3f, 0x00, 0x00, 0x80, 0x3f,
 0x00, 0x00, 0x80, 0x3f, 0x38, 0x24, 0x7c, 0x3e, 0xe9, 0x0d, 0x58, 0x3e,
 0x69, 0x7f, 0x4e, 0x3e, 0x00, 0x00, 0x80, 0x3f, 0x3b, 0xeb, 0x84, 0x3e,
 0x6b, 0xeb, 0x57, 0x3e, 0x00, 0x00, 0x80, 0x3f, 0x52, 0x23, 0x5c, 0x3e,
 0x00, 0x00, 0x80, 0x3f, 0x0c, 0xc7, 0xa4, 0x3e, 0x00, 0x00, 0x80, 0x3f,
 0x95, 0x5e, 0x85, 0x3e, 0x00, 0x00, 0x80, 0x3f, 0x53, 0xa9, 0xb1, 0x3e,
 0x08, 0x3c, 0x9c, 0x3e, 0x00, 0x00, 0x80, 0x3f, 0x61, 0x86, 0x82, 0x3e,
 0xfd, 0x03, 0x7f, 0x3e, 0x00, 0x00, 0x80, 0x3f, 0x83, 0xaf, 0x81, 0x3e,
 0x00, 0x00, 0x80, 0x3f, 0x61, 0x86, 0x82, 0x3e, 0xfd, 0x03, 0x7f, 0x3e,
 0x00, 0x00, 0x80, 0x3f, 0x95, 0x5e, 0x85, 0x3e, 0x00, 0x00, 0x80, 0x3f,
 0x00, 0x00, 0x80, 0x3f, 0x00, 0x00, 0x80, 0x3f, 0x9b, 0x15, 0x49, 0x3e,
 0x00, 0x00, 0x80, 0x3f, 0x27, 0xe4, 0x95, 0x3e, 0x00, 0x00, 0x80, 0x3f,
 0x00, 0x00, 0x80, 0x3f, 0x00, 0x00, 0x80, 0x3f, 0xe6, 0x60, 0xd7, 0x3e,
 0x10, 0x33, 0x53, 0x3e, 0x00, 0x00, 0x80, 0x3f, 0x52, 0x23, 0x5c, 0x3e,
 0x00, 0x00, 0x80, 0x3f, 0x86, 0x0a, 0x92, 0x3e, 0x46, 0x3e, 0x44, 0x3e,
 0x00, 0x00, 0x80, 0x3f, 0x53, 0xa9, 0xb1, 0x3e, 0x08, 0x3c, 0x9c, 0x3e,
 0x00, 0x00, 0x80, 0x3f, 0x4b, 0x18, 0x9e, 0x3e, 0x00, 0x00, 0x80, 0x3f,
 0xd4, 0x3c, 0x38, 0x3e, 0x00, 0x00, 0x80, 0x3f, 0x00, 0x00, 0x80, 0x3f,
 0x00, 0x00, 0x80, 0x3f, 0x00, 0x00, 0x80, 0x3f, 0x00, 0x00, 0x80, 0x3f,
 0x00, 0x00, 0x80, 0x3f, 0x00, 0x00, 0x80, 0x3f, 0x00, 0x00, 0x80, 0x3f,
 0x00, 0x00, 0x80, 0x3f, 0x00, 0x00, 0x80, 0x3f, 0x00, 0x00, 0x80, 0x3f,
 0x00, 0x00, 0x80, 0x3f, 0x00, 0x00, 0x80, 0x3f, 0x00, 0x00, 0x80, 0x3f,
 0x00, 0x00, 0x80, 0x3f, 0x38, 0x24, 0x7c, 0x3e, 0xe9, 0x0d, 0x58, 0x3e,
 0x69, 0x7f, 0x4e, 0x3e, 0x00, 0x00, 0x80, 0x3f, 0x3b, 0xeb, 0x84, 0x3e,
 0x6b, 0xeb, 0x57, 0x3e, 0x00, 0x00, 0x80, 0x3f, 0x52, 0x23, 0x5c, 0x3e,
 0x00, 0x00, 0x80, 0x3f, 0x0c, 0xc7, 0xa4, 0x3e, 0x00, 0x00, 0x80, 0x3f,
 0x95, 0x5e, 0x85, 0x3e, 0x00, 0x00, 0x80, 0x3f, 0x53, 0xa9, 0xb1, 0x3e,
 0x08, 0x3c, 0x9c, 0x3e, 0x00, 0x00, 0x80, 0x3f, 0x61, 0x86, 0x82, 0x3e,
 0xfd, 0x03, 0x7f, 0x3e, 0x00, 0x00, 0x80, 0x3f, 0x83, 0xaf, 0x81, 0x3e,
 0x00, 0x00, 0x80, 0x3f, 0x61, 0x86, 0x82, 0x3e, 0xfd, 0x03, 0x7f, 0x3e,
 0x00, 0x00, 0x80, 0x3f, 0x95, 0x5e, 0x85, 0x3e, 0x00, 0x00, 0x80, 0x3f,
 0x00, 0x00, 0x80, 0x3f, 0x00, 0x00, 0x80, 0x3f, 0xb8, 0x78, 0x7b, 0x3e,
 0x00, 0x00, 0x80, 0x3f, 0xd4, 0x3c, 0x38, 0x3e, 0x00, 0x00, 0x80, 0x3f,
 0x00, 0x00, 0x80, 0x3f, 0x00, 0x00, 0x80, 0x3f, 0x00, 0x00, 0x80, 0x3f,
 0xb8, 0x78, 0x7b, 0x3e, 0x00, 0x00, 0x80, 0x3f, 0xd4, 0x3c, 0x38, 0x3e,
 0x00, 0x00, 0x80, 0x3f, 0x4a, 0x5b, 0xef, 0x3e, 0x7e, 0xbc, 0x60, 0x3e,
 0x00, 0x00, 0x80, 0x3f, 0x01, 0x27, 0x4f, 0x3e, 0x00, 0x00, 0x80, 0x3f,
 0xe4, 0xd8, 0x76, 0x3e, 0x36, 0x33, 0x6a, 0x3e, 0x18, 0xea, 0x62, 0x3e,
 0x00, 0x00, 0x80, 0x3f, 0x0c, 0xc7, 0xa4, 0x3e, 0x00, 0x00, 0x80, 0x3f,
 0x52, 0x23, 0x5c, 0x3e, 0x00, 0x00, 0x80, 0x3f, 0xe6, 0x60, 0xd7, 0x3e,
 0x10, 0x33, 0x53, 0x3e, 0x00, 0x00, 0x80, 0x3f, 0x27, 0xe4, 0x95, 0x3e,
 0x00, 0x00, 0x80, 0x3f, 0xce, 0x96, 0x32, 0x3e, 0x00, 0x00, 0x80, 0x3f,
 0x00, 0x00, 0x80, 0x3f, 0x00, 0x00, 0x80, 0x3f, 0x00, 0x00, 0x80, 0x3f,
 0x00, 0x00, 0x80, 0x3f, 0x38, 0x24, 0x7c, 0x3e, 0xe9, 0x0d, 0x58, 0x3e,
 0x69, 0x7f, 0x4e, 0x3e, 0x00, 0x00, 0x80, 0x3f, 0x3b, 0xeb, 0x84, 0x3e,
 0x6b, 0xeb, 0x57, 0x3e, 0x00, 0x00, 0x80, 0x3f, 0x52, 0x23, 0x5c, 0x3e,
 0x00, 0x00, 0x80, 0x3f, 0x0c, 0xc7, 0xa4, 0x3e, 0x00, 0x00, 0x80, 0x3f,
 0x95, 0x5e, 0x85, 0x3e, 0x00, 0x00, 0x80, 0x3f, 0x53, 0xa9, 0xb1, 0x3e,
 0x08, 0x3c, 0x9c, 0x3e, 0x00, 0x00, 0x80, 0x3f, 0x61, 0x86, 0x82, 0x3e,
 0xfd, 0x03, 0x7f, 0x3e, 0x00, 0x00, 0x80, 0x3f, 0x83, 0xaf, 0x81, 0x3e,
 0x00, 0x00, 0x80, 0x3f, 0x61, 0x86, 0x82, 0x3e, 0xfd, 0x03, 0x7f, 0x3e,
 0x00, 0x00, 0x80, 0x3f, 0x95, 0x5e, 0x85, 0x3e, 0x00, 0x00, 0x80, 0x3f,
 0x00, 0x00, 0x80, 0x3f, 0x00, 0x00, 0x80, 0x3f, 0xb8, 0x78, 0x7b, 0x3e,
 0x00, 0x00, 0x80, 0x3f, 0xd4, 0x3c, 0x38, 0x3e, 0x00, 0x00, 0x80, 0x3f,
 0x00, 0x00, 0x80, 0x3f, 0x00, 0x00, 0x80, 0x3f, 0x00, 0x00, 0x80, 0x3f,
 0x95, 0x5e, 0x85, 0x3e, 0x00, 0x00, 0x80, 0x3f, 0x31, 0x44, 0xc3, 0x3e,
 0xce, 0x6d, 0xa1, 0x3e, 0x00, 0x00, 0x80, 0x3f, 0x83, 0xaf, 0x81, 0x3e,
 0x00, 0x00, 0x80, 0x3f, 0x61, 0x86, 0x82, 0x3e, 0xfd, 0x03, 0x7f, 0x3e,
 0x00, 0x00, 0x80, 0x3f, 0x89, 0x9c, 0x9c, 0x3e, 0xa8, 0x58, 0x8b, 0x3e,
 0x48, 0x33, 0x47, 0x3e, 0x00, 0x00, 0x80, 0x3f, 0xb5, 0x72, 0x96, 0x3e,
 0x85, 0xee, 0x84, 0x3e, 0xce, 0xe4, 0x80, 0x3e, 0x00, 0x00, 0x80, 0x3f,
 0xce, 0x96, 0x32, 0x3e, 0x00, 0x00, 0x80, 0x3f, 0x00, 0x00, 0x80, 0x3f,
 0x00, 0x00, 0x80, 0x3f, 0x00, 0x00, 0x80, 0x3f, 0x00, 0x00, 0x80, 0x3f,
 0x00, 0x00, 0x80, 0x3f, 0x00, 0x00, 0x80, 0x3f, 0x00, 0x00, 0x80, 0x3f,
 0x00, 0x00, 0x80, 0x3f, 0x00, 0x00, 0x80, 0x3f, 0x00, 0x00, 0x80, 0x3f,
 0x00, 0x00, 0x80, 0x3f, 0x00, 0x00, 0x80, 0x3f, 0x00, 0x00, 0x80, 0x3f,
 0x00, 0x00, 0x80, 0x3f, 0x38, 0x24, 0x7c, 0x3e, 0xe9, 0x0d, 0x58, 0x3e,
 0x69, 0x7f, 0x4e, 0x3e, 0x00, 0x00, 0x80, 0x3f, 0x3b, 0xeb, 0x84, 0x3e,
 0x6b, 0xeb, 0x57, 0x3e, 0x00, 0x00, 0x80, 0x3f, 0x52, 0x23, 0x5c, 0x3e,
 0x00, 0x00, 0x80, 0x3f, 0x0c, 0xc7, 0xa4, 0x3e, 0x00, 0x00, 0x80, 0x3f,
 0x95, 0x5e, 0x85, 0x3e, 0x00, 0x00, 0x80, 0x3f, 0x53, 0xa9, 0xb1, 0x3e,
 0x08, 0x3c, 0x9c, 0x3e, 0x00, 0x00, 0x80, 0x3f, 0x61, 0x86, 0x82, 0x3e,
 0xfd, 0x03, 0x7f, 0x3e, 0x00, 0x00, 0x80, 0x3f, 0x83, 0xaf, 0x81, 0x3e,
 0x00, 0x00, 0x80, 0x3f, 0x61, 0x86, 0x82, 0x3e, 0xfd, 0x03, 0x7f, 0x3e,
 0x00, 0x00, 0x80, 0x3f, 0x95, 0x5e, 0x85, 0x3e, 0x00, 0x00, 0x80, 0x3f,
 0x00, 0x00, 0x80, 0x3f, 0x00, 0x00, 0x80, 0x3f, 0xb8, 0x78, 0x7b, 0x3e,
 0x00, 0x00, 0x80, 0x3f, 0xd4, 0x3c, 0x38, 0x3e, 0x00, 0x00, 0x80, 0x3f,
 0x00, 0x00, 0x80, 0x3f, 0x00, 0x00, 0x80, 0x3f, 0x00, 0x00, 0x80, 0x3f,
 0x52, 0x23, 0x5c, 0x3e, 0x00, 0x00, 0x80, 0x3f, 0x86, 0x0a, 0x92, 0x3e,
 0x46, 0x3e, 0x44, 0x3e, 0x00, 0x00, 0x80, 0x3f, 0x53, 0xa9, 0xb1, 0x3e,
 0x08, 0x3c, 0x9c, 0x3e, 0x00, 0x00, 0x80, 0x3f, 0x4b, 0x18, 0x9e, 0x3e,
 0x00, 0x00, 0x80, 0x3f, 0xd4, 0x3c, 0x38, 0x3e, 0x00, 0x00, 0x80, 0x3f,
 0x00, 0x00, 0x80, 0x3f, 0x00, 0x00, 0x80, 0x3f, 0x00, 0x00, 0x80, 0x3f,
 0x00, 0x00, 0x80, 0x3f, 0x00, 0x00, 0x80, 0x3f, 0x00, 0x00, 0x80, 0x3f,
 0x00, 0x00, 0x80, 0x3f, 0x00, 0x00, 0x80, 0x3f, 0x00, 0x00, 0x80, 0x3f,
 0x00, 0x00, 0x80, 0x3f, 0x00, 0x00, 0x80, 0x3f, 0x00, 0x00, 0x80, 0x3f,
 0x00, 0x00, 0x80, 0x3f, 0x00, 0x00, 0x80, 0x3f, 0x38, 0x24, 0x7c, 0x3e,
 0xe9, 0x0d, 0x58, 0x3e, 0x69, 0x7f, 0x4e, 0x3e, 0x00, 0x00, 0x80, 0x3f,
 0x3b, 0xeb, 0x84, 0x3e, 0x6b, 0xeb, 0x57, 0x3e, 0x00, 0x00, 0x80, 0x3f,
 0xce, 0x96, 0x32, 0x3e, 0x00, 0x00, 0x80, 0x3f, 0x00, 0x00, 0x80, 0x3f,
 0x48, 0x97, 0x99, 0x3e, 0x00, 0x00, 0x80, 0x3f, 0x27, 0xe4, 0x95, 0x3e,
 0x00, 0x00, 0x80, 0x3f, 0x89, 0x9c, 0x9c, 0x3e, 0xa8, 0x58, 0x8b, 0x3e,
 0x48, 0x33, 0x47, 0x3e, 0x00, 0x00, 0x80, 0x3f, 0xe6, 0x60, 0xd7, 0x3e,
 0x10, 0x33, 0x53, 0x3e, 0x00, 0x00, 0x80, 0x3f, 0xd4, 0x3c, 0x38, 0x3e,
 0x00, 0x00, 0x80, 0x3f, 0x00, 0x00, 0x80, 0x3f, 0x00, 0x00, 0x80, 0x3f,
 0x4a, 0x5b, 0xef, 0x3e, 0x7e, 0xbc, 0x60, 0x3e, 0x00, 0x00, 0x80, 0x3f,
 0x01, 0x27, 0x4f, 0x3e, 0x00, 0x00, 0x80, 0x3f, 0xe4, 0xd8, 0x76, 0x3e,
 0x36, 0x33, 0x6a, 0x3e, 0x18, 0xea, 0x62, 0x3e, 0x00, 0x00, 0x80, 0x3f,
 0x00, 0x00, 0x80, 0x3f, 0x00, 0x00, 0x80, 0x3f, 0x24, 0xf7, 0x39, 0x3e,
 0x00, 0x00, 0x80, 0x3f, 0x00, 0x00, 0x80, 0x3f, 0x99, 0x26, 0x51, 0x3e,
 0xc9, 0x39, 0x38, 0x3e, 0x00, 0x00, 0x80, 0x3f, 0x00, 0x00, 0x80, 0x3f,
 0x00, 0x00, 0x80, 0x3f, 0xb8, 0x78, 0x7b, 0x3e, 0x00, 0x00, 0x80, 0x3f,
 0xd4, 0x3c, 0x38, 0x3e, 0x00, 0x00, 0x80, 0x3f, 0x4a, 0x5b, 0xef, 0x3e,
 0x7e, 0xbc, 0x60, 0x3e, 0x00, 0x00, 0x80, 0x3f, 0x01, 0x27, 0x4f, 0x3e,
 0x00, 0x00, 0x80, 0x3f, 0xe4, 0xd8, 0x76, 0x3e, 0x36, 0x33, 0x6a, 0x3e,
 0x18, 0xea, 0x62, 0x3e, 0x00, 0x00, 0x80, 0x3f, 0x0c, 0xc7, 0xa4, 0x3e,
 0x00, 0x00, 0x80, 0x3f, 0x52, 0x23, 0x5c, 0x3e, 0x00, 0x00, 0x80, 0x3f,
 0xe6, 0x60, 0xd7, 0x3e, 0x10, 0x33, 0x53, 0x3e, 0x00, 0x00, 0x80, 0x3f,
 0x27, 0xe4, 0x95, 0x3e, 0x00, 0x00, 0x80, 0x3f, 0xce, 0x96, 0x32, 0x3e,
 0x00, 0x00, 0x80, 0x3f, 0x00, 0x00, 0x80, 0x3f, 0x00, 0x00, 0x80, 0x3f,
 0x00, 0x00, 0x80, 0x3f, 0x00, 0x00, 0x80, 0x3f, 0x38, 0x24, 0x7c, 0x3e,
 0xe9, 0x0d, 0x58, 0x3e, 0x69, 0x7f, 0x4e, 0x3e, 0x00, 0x00, 0x80, 0x3f,
 0x3b, 0xeb, 0x84, 0x3e, 0x6b, 0xeb, 0x57, 0x3e, 0x00, 0x00, 0x80, 0x3f,
 0xce, 0x96, 0x32, 0x3e, 0x00, 0x00, 0x80, 0x3f, 0x00, 0x00, 0x80, 0x3f,
 0x48, 0x97, 0x99, 0x3e, 0x00, 0x00, 0x80, 0x3f, 0x27, 0xe4, 0x95, 0x3e,
 0x00, 0x00, 0x80, 0x3f, 0x89, 0x9c, 0x9c, 0x3e, 0xa8, 0x58, 0x8b, 0x3e,
 0x48, 0x33, 0x47, 0x3e, 0x00, 0x00, 0x80, 0x3f, 0xe6, 0x60, 0xd7, 0x3e,
 0x10, 0x33, 0x53, 0x3e, 0x00, 0x00, 0x80, 0x3f, 0xd4, 0x3c, 0x38, 0x3e,
 0x00, 0x00, 0x80, 0x3f, 0x00, 0x00, 0x80, 0x3f, 0x00, 0x00, 0x80, 0x3f,
 0x4a, 0x5b, 0xef, 0x3e, 0x7e, 0xbc, 0x60, 0x3e, 0x00, 0x00, 0x80, 0x3f,
 0x01, 0x27, 0x4f, 0x3e, 0x00, 0x00, 0x80, 0x3f, 0xe4, 0xd8, 0x76, 0x3e,
 0x36, 0x33, 0x6a, 0x3e, 0x18, 0xea, 0x62, 0x3e, 0x00, 0x00, 0x80, 0x3f,
 0x00, 0x00, 0x80, 0x3f, 0x00, 0x00, 0x80, 0x3f, 0x24, 0xf7, 0x39, 0x3e,
 0x00, 0x00, 0x80, 0x3f, 0x00, 0x00, 0x80, 0x3f, 0x99, 0x26, 0x51, 0x3e,
 0xc9, 0x39, 0x38, 0x3e, 0x00, 0x00, 0x80, 0x3f, 0x00, 0x00, 0x80, 0x3f,
 0x00, 0x00, 0x80, 0x3f, 0x95, 0x5e, 0x85, 0x3e, 0x00, 0x00, 0x80, 0x3f,
 0x31, 0x44, 0xc3, 0x3e, 0xce, 0x6d, 0xa1, 0x3e, 0x00, 0x00, 0x80, 0x3f,
 0x83, 0xaf, 0x81, 0x3e, 0x00, 0x00, 0x80, 0x3f, 0x61, 0x86, 0x82, 0x3e,
 0xfd, 0x03, 0x7f, 0x3e, 0x00, 0x00, 0x80, 0x3f, 0x89, 0x9c, 0x9c, 0x3e,
 0xa8, 0x58, 0x8b, 0x3e, 0x48, 0x33, 0x47, 0x3e, 0x00, 0x00, 0x80, 0x3f,
 0xb5, 0x72, 0x96, 0x3e, 0x85, 0xee, 0x84, 0x3e, 0xce, 0xe4, 0x80, 0x3e,
 0x00, 0x00, 0x80, 0x3f, 0xce, 0x96, 0x32, 0x3e, 0x00, 0x00, 0x80, 0x3f,
 0x00, 0x00, 0x80, 0x3f, 0x00, 0x00, 0x80, 0x3f, 0x00, 0x00, 0x80, 0x3f,
 0x00, 0x00, 0x80, 0x3f, 0x00, 0x00, 0x80, 0x3f, 0x00, 0x00, 0x80, 0x3f,
 0x00, 0x00, 0x80, 0x3f, 0x00, 0x00, 0x80, 0x3f, 0x00, 0x00, 0x80, 0x3f,
 0x00, 0x00, 0x80, 0x3f, 0x00, 0x00, 0x80, 0x3f, 0x00, 0x00, 0x80, 0x3f,
 0x00, 0x00, 0x80, 0x3f, 0x00, 0x00, 0x80, 0x3f, 0x38, 0x24, 0x7c, 0x3e,
 0xe9, 0x0d, 0x58, 0x3e, 0x69, 0x7f, 0x4e, 0x3e, 0x00, 0x00, 0x80, 0x3f,
 0x3b, 0xeb, 0x84, 0x3e, 0x6b, 0xeb, 0x57, 0x3e, 0x00, 0x00, 0x80, 0x3f,
 0xce, 0x96, 0x32, 0x3e, 0x00, 0x00, 0x80, 0x3f, 0x00, 0x00, 0x80, 0x3f,
 0x48, 0x97, 0x99, 0x3e, 0x00, 0x00, 0x80, 0x3f, 0x27, 0xe4, 0x95, 0x3e,
 0x00, 0x00, 0x80, 0x3f, 0x89, 0x9c, 0x9c, 0x3e, 0xa8, 0x58, 0x8b, 0x3e,
 0x48, 0x33, 0x47, 0x3e, 0x00, 0x00, 0x80, 0x3f, 0xe6, 0x60, 0xd7, 0x3e,
 0x10, 0x33, 0x53, 0x3e, 0x00, 0x00, 0x80, 0x3f, 0xd4, 0x3c, 0x38, 0x3e,
 0x00, 0x00, 0x80, 0x3f, 0x00, 0x00, 0x80, 0x3f, 0x00, 0x00, 0x80, 0x3f,
 0x4a, 0x5b, 0xef, 0x3e, 0x7e, 0xbc, 0x60, 0x3e, 0x00, 0x00, 0x80, 0x3f,
 0x01, 0x27, 0x4f, 0x3e, 0x00, 0x00, 0x80, 0x3f, 0xe4, 0xd8, 0x76, 0x3e,
 0x36, 0x33, 0x6a, 0x3e, 0x18, 0xea, 0x62, 0x3e, 0x00, 0x00, 0x80, 0x3f,
 0x00, 0x00, 0x80, 0x3f, 0x00, 0x00, 0x80, 0x3f, 0x24, 0xf7, 0x39, 0x3e,
 0x00, 0x00, 0x80, 0x3f, 0x00, 0x00, 0x80, 0x3f, 0x99, 0x26, 0x51, 0x3e,
 0xc9, 0x39, 0x38, 0x3e, 0x00, 0x00, 0x80, 0x3f, 0x00, 0x00, 0x80, 0x3f,
 0x00, 0x00, 0x80, 0x3f, 0x52, 0x23, 0x5c, 0x3e, 0x00, 0x00, 0x80, 0x3f,
 0x86, 0x0a, 0x92, 0x3e, 0x46, 0x3e, 0x44, 0x3e, 0x00, 0x00, 0x80, 0x3f,
 0x53, 0xa9, 0xb1, 0x3e, 0x08, 0x3c, 0x9c, 0x3e, 0x00, 0x00, 0x80, 0x3f,
 0x4b, 0x18, 0x9e, 0x3e, 0x00, 0x00, 0x80, 0x3f, 0xd4, 0x3c, 0x38, 0x3e,
 0x00, 0x00, 0x80, 0x3f, 0x00, 0x00, 0x80, 0x3f, 0x00, 0x00, 0x80, 0x3f,
 0x00, 0x00, 0x80, 0x3f, 0x00, 0x00, 0x80, 0x3f, 0x00, 0x00, 0x80, 0x3f,
 0x00, 0x00, 0x80, 0x3f, 0x00, 0x00, 0x80, 0x3f, 0x00, 0x00, 0x80, 0x3f,
 0x00, 0x00, 0x80, 0x3f, 0x00, 0x00, 0x80, 0x3f, 0x00, 0x00, 0x80, 0x3f,
 0x00, 0x00, 0x80, 0x3f, 0x00, 0x00, 0x80, 0x3f, 0x00, 0x00, 0x80, 0x3f,
 0x38, 0x24, 0x7c, 0x3e, 0xe9, 0x0d, 0x58, 0x3e, 0x69, 0x7f, 0x4e, 0x3e,
 0x00, 0x00, 0x80, 0x3f, 0x3b, 0xeb, 0x84, 0x3e, 0x6b, 0xeb, 0x57, 0x3e,
 0x00, 0x00, 0x80, 0x3f, 0xce, 0x96, 0x32, 0x3e, 0x00, 0x00, 0x80, 0x3f,
 0x00, 0x00, 0x80, 0x3f, 0x48, 0x97, 0x99, 0x3e, 0x00, 0x00, 0x80, 0x3f,
 0x27, 0xe4, 0x95, 0x3e, 0x00, 0x00, 0x80, 0x3f, 0x89, 0x9c, 0x9c, 0x3e,
 0xa8, 0x58, 0x8b, 0x3e, 0x48, 0x33, 0x47, 0x3e, 0x00, 0x00, 0x80, 0x3f,
 0xe6, 0x60, 0xd7, 0x3e, 0x10, 0x33, 0x53, 0x3e, 0x00, 0x00, 0x80, 0x3f,
 0xd4, 0x3c, 0x38, 0x3e, 0x00, 0x00, 0x80, 0x3f, 0x00, 0x00, 0x80, 0x3f,
 0x00, 0x00, 0x80, 0x3f, 0x4a, 0x5b, 0xef, 0x3e, 0x7e, 0xbc, 0x60, 0x3e,
 0x00, 0x00, 0x80, 0x3f, 0x01, 0x27, 0x4f, 0x3e, 0x00, 0x00, 0x80, 0x3f,
 0xe4, 0xd8, 0x76, 0x3e, 0x36, 0x33, 0x6a, 0x3e, 0x18, 0xea, 0x62, 0x3e,
 0x00, 0x00, 0x80, 0x3f, 0x00, 0x00, 0x80, 0x3f, 0x00, 0x00, 0x80, 0x3f,
 0x24, 0xf7, 0x39, 0x3e, 0x00, 0x00, 0x80, 0x3f, 0x00, 0x00, 0x80, 0x3f,
 0x99, 0x26, 0x51, 0x3e, 0xc9, 0x39, 0x38, 0x3e, 0x00, 0x00, 0x80, 0x3f,
 0x00, 0x00, 0x80, 0x3f, 0x00, 0x00, 0x80, 0x3f, 0x9b, 0x15, 0x49, 0x3e,
 0x00, 0x00, 0x80, 0x3f, 0x27, 0xe4, 0x95, 0x3e, 0x00, 0x00, 0x80, 0x3f,
 0x00, 0x00, 0x80, 0x3f, 0x00, 0x00, 0x80, 0x3f, 0xe6, 0x60, 0xd7, 0x3e,
 0x10, 0x33, 0x53, 0x3e, 0x00, 0x00, 0x80, 0x3f, 0xb8, 0x78, 0x7b, 0x3e,
 0x00, 0x00, 0x80, 0x3f, 0xd4, 0x3c, 0x38, 0x3e, 0x00, 0x00, 0x80, 0x3f,
 0x4a, 0x5b, 0xef, 0x3e, 0x7e, 0xbc, 0x60, 0x3e, 0x00, 0x00, 0x80, 0x3f,
 0x01, 0x27, 0x4f, 0x3e, 0x00, 0x00, 0x80, 0x3f, 0xe4, 0xd8, 0x76, 0x3e,
 0x36, 0x33, 0x6a, 0x3e, 0x18, 0xea, 0x62, 0x3e, 0x00, 0x00, 0x80, 0x3f,
 0x0c, 0xc7, 0xa4, 0x3e, 0x00, 0x00, 0x80, 0x3f, 0x52, 0x23, 0x5c, 0x3e,
 0x00, 0x00, 0x80, 0x3f, 0xe6, 0x60, 0xd7, 0x3e, 0x10, 0x33, 0x53, 0x3e,
 0x00, 0x00, 0x80, 0x3f, 0x27, 0xe4, 0x95, 0x3e, 0x00, 0x00, 0x80, 0x3f,
 0xce, 0x96, 0x32, 0x3e, 0x00, 0x00, 0x80, 0x3f, 0x00, 0x00, 0x80, 0x3f,
 0x00, 0x00, 0x80, 0x3f, 0x00, 0x00, 0x80, 0x3f, 0x00, 0x00, 0x80, 0x3f,
 0x38, 0x24, 0x7c, 0x3e, 0xe9, 0x0d, 0x58, 0x3e, 0x69, 0x7f, 0x4e, 0x3e,
 0x00, 0x00, 0x80, 0x3f, 0x3b, 0xeb, 0x84, 0x3e, 0x6b, 0xeb, 0x57, 0x3e,
 0x00, 0x00, 0x80, 0x3f, 0xce, 0x96, 0x32, 0x3e, 0x00, 0x00, 0x80, 0x3f,
 0x00, 0x00, 0x80, 0x3f, 0x48, 0x97, 0x99, 0x3e, 0x00, 0x00, 0x80, 0x3f,
 0x27, 0xe4, 0x95, 0x3e, 0x00, 0x00, 0x80, 0x3f, 0x89, 0x9c, 0x9c, 0x3e,
 0xa8, 0x58, 0x8b, 0x3e, 0x48, 0x33, 0x47, 0x3e, 0x00, 0x00, 0x80, 0x3f,
 0xe6, 0x60, 0xd7, 0x3e, 0x10, 0x33, 0x53, 0x3e, 0x00, 0x00, 0x80, 0x3f,
 0xd4, 0x3c, 0x38, 0x3e, 0x00, 0x00, 0x80, 0x3f, 0x00, 0x00, 0x80, 0x3f,
 0x00, 0x00, 0x80, 0x3f, 0x4a, 0x5b, 0xef, 0x3e, 0x7e, 0xbc, 0x60, 0x3e,
 0x00, 0x00, 0x80, 0x3f, 0x01, 0x27, 0x4f, 0x3e, 0x00, 0x00, 0x80, 0x3f,
 0xe4, 0xd8, 0x76, 0x3e, 0x36, 0x33, 0x6a, 0x3e, 0x18, 0xea, 0x62, 0x3e,
 0x00, 0x00, 0x80, 0x3f, 0x00, 0x00, 0x80, 0x3f, 0x00, 0x00, 0x80, 0x3f,
 0x24, 0xf7, 0x39, 0x3e, 0x00, 0x00, 0x80, 0x3f, 0x00, 0x00, 0x80, 0x3f,
 0x99, 0x26, 0x51, 0x3e, 0xc9, 0x39, 0x38, 0x3e, 0x00, 0x00, 0x80, 0x3f,
 0x00, 0x00, 0x80, 0x3f, 0x00, 0x00, 0x80, 0x3f, 0x9b, 0x15, 0x49, 0x3e,
 0x00, 0x00, 0x80, 0x3f, 0x27, 0xe4, 0x95, 0x3e, 0x00, 0x00, 0x80, 0x3f,
 0x00, 0x00, 0x80, 0x3f, 0x00, 0x00, 0x80, 0x3f, 0xe6, 0x60, 0xd7, 0x3e,
 0x10, 0x33, 0x53, 0x3e, 0x00, 0x00, 0x80, 0x3f, 0x95, 0x5e, 0x85, 0x3e,
 0x00, 0x00, 0x80, 0x3f, 0x31, 0x44, 0xc3, 0x3e, 0xce, 0x6d, 0xa1, 0x3e,
 0x00, 0x00, 0x80, 0x3f, 0x83, 0xaf, 0x81, 0x3e, 0x00, 0x00, 0x80, 0x3f,
 0x61, 0x86, 0x82, 0x3e, 0xfd, 0x03, 0x7f, 0x3e, 0x00, 0x00, 0x80, 0x3f,
 0x89, 0x9c, 0x9c, 0x3e, 0xa8, 0x58, 0x8b, 0x3e, 0x48, 0x33, 0x47, 0x3e,
 0x00, 0x00, 0x80, 0x3f, 0xb5, 0x72, 0x96, 0x3e, 0x85, 0xee, 0x84, 0x3e,
 0xce, 0xe4, 0x80, 0x3e, 0x00, 0x00, 0x80, 0x3f, 0xce, 0x96, 0x32, 0x3e,
 0x00, 0x00, 0x80, 0x3f, 0x00, 0x00, 0x80, 0x3f, 0x00, 0x00, 0x80, 0x3f,
 0x00, 0x00, 0x80, 0x3f, 0x00, 0x00, 0x80, 0x3f, 0x38, 0x24, 0x7c, 0x3e,
 0xe9, 0x0d, 0x58, 0x3e, 0x69, 0x7f, 0x4e, 0x3e, 0x00, 0x00, 0x80, 0x3f,
 0x3b, 0xeb, 0x84, 0x3e, 0x6b, 0xeb, 0x57, 0x3e, 0x00, 0x00, 0x80, 0x3f,
 0xce, 0x96, 0x32, 0x3e, 0x00, 0x00, 0x80, 0x3f, 0x00, 0x00, 0x80, 0x3f,
 0x48, 0x97, 0x99, 0x3e, 0x00, 0x00, 0x80, 0x3f, 0x27, 0xe4, 0x95, 0x3e,
 0x00, 0x00, 0x80, 0x3f, 0x89, 0x9c, 0x9c, 0x3e, 0xa8, 0x58, 0x8b, 0x3e,
 0x48, 0x33, 0x47, 0x3e, 0x00, 0x00, 0x80, 0x3f, 0xe6, 0x60, 0xd7, 0x3e,
 0x10, 0x33, 0x53, 0x3e, 0x00, 0x00, 0x80, 0x3f, 0xd4, 0x3c, 0x38, 0x3e,
 0x00, 0x00, 0x80, 0x3f, 0x00, 0x00, 0x80, 0x3f, 0x00, 0x00, 0x80, 0x3f,
 0x4a, 0x5b, 0xef, 0x3e, 0x7e, 0xbc, 0x60, 0x3e, 0x00, 0x00, 0x80, 0x3f,
 0x01, 0x27, 0x4f, 0x3e, 0x00, 0x00, 0x80, 0x3f, 0xe4, 0xd8, 0x76, 0x3e,
 0x36, 0x33, 0x6a, 0x3e, 0x18, 0xea, 0x62, 0x3e, 0x00, 0x00, 0x80, 0x3f,
 0x00, 0x00, 0x80, 0x3f, 0x00, 0x00, 0x80, 0x3f, 0x24, 0xf7, 0x39, 0x3e,
 0x00, 0x00, 0x80, 0x3f, 0x00, 0x00, 0x80, 0x3f, 0x99, 0x26, 0x51, 0x3e,
 0xc9, 0x39, 0x38, 0x3e, 0x00, 0x00, 0x80, 0x3f, 0x00, 0x00, 0x80, 0x3f,
 0x00, 0x00, 0x80, 0x3f, 0x9b, 0x15, 0x49, 0x3e, 0x00, 0x00, 0x80, 0x3f,
 0x27, 0xe4, 0x95, 0x3e, 0x00, 0x00, 0x80, 0x3f, 0x00, 0x00, 0x80, 0x3f,
 0x00, 0x00, 0x80, 0x3f, 0xe6, 0x60, 0xd7, 0x3e, 0x10, 0x33, 0x53, 0x3e,
 0x00, 0x00, 0x80, 0x3f, 0x52, 0x23, 0x5c, 0x3e, 0x00, 0x00, 0x80, 0x3f,
 0x86, 0x0a, 0x92, 0x3e, 0x46, 0x3e, 0x44, 0x3e, 0x00, 0x00, 0x80, 0x3f,
 0x53, 0xa9, 0xb1, 0x3e, 0x08, 0x3c, 0x9c, 0x3e, 0x00, 0x00, 0x80, 0x3f,
 0x4b, 0x18, 0x9e, 0x3e, 0x00, 0x00, 0x80, 0x3f, 0xd4, 0x3c, 0x38, 0x3e,
 0x00, 0x00, 0x80, 0x3f, 0x00, 0x00, 0x80, 0x3f, 0x00, 0x00, 0x80, 0x3f,
 0x00, 0x00, 0x80, 0x3f, 0x00, 0x00, 0x80, 0x3f, 0x38, 0x24, 0x7c, 0x3e,
 0xe9, 0x0d, 0x58, 0x3e, 0x69, 0x7f, 0x4e, 0x3e, 0x00, 0x00, 0x80, 0x3f,
 0x3b, 0xeb, 0x84, 0x3e, 0x6b, 0xeb, 0x57, 0x3e, 0x00, 0x00, 0x80, 0x3f,
 0xce, 0x96, 0x32, 0x3e, 0x00, 0x00, 0x80, 0x3f, 0x00, 0x00, 0x80, 0x3f,
 0x48, 0x97, 0x99, 0x3e, 0x00, 0x00, 0x80, 0x3f, 0x27, 0xe4, 0x95, 0x3e,
 0x00, 0x00, 0x80, 0x3f, 0x89, 0x9c, 0x9c, 0x3e, 0xa8, 0x58, 0x8b, 0x3e,
 0x48, 0x33, 0x47, 0x3e, 0x00, 0x00, 0x80, 0x3f, 0xe6, 0x60, 0xd7, 0x3e,
 0x10, 0x33, 0x53, 0x3e, 0x00, 0x00, 0x80, 0x3f, 0xd4, 0x3c, 0x38, 0x3e,
 0x00, 0x00, 0x80, 0x3f, 0x00, 0x00, 0x80, 0x3f, 0x00, 0x00, 0x80, 0x3f,
 0x4a, 0x5b, 0xef, 0x3e, 0x7e, 0xbc, 0x60, 0x3e, 0x00, 0x00, 0x80, 0x3f,
 0x01, 0x27, 0x4f, 0x3e, 0x00, 0x00, 0x80, 0x3f, 0xe4, 0xd8, 0x76, 0x3e,
 0x36, 0x33, 0x6a, 0x3e, 0x18, 0xea, 0x62, 0x3e, 0x00, 0x00, 0x80, 0x3f,
 0x00, 0x00, 0x80, 0x3f, 0x00, 0x00, 0x80, 0x3f, 0x24, 0xf7, 0x39, 0x3e,
 0x00, 0x00, 0x80, 0x3f, 0x00, 0x00, 0x80, 0x3f, 0x99, 0x26, 0x51, 0x3e,
 0xc9, 0x39, 0x38, 0x3e, 0x00, 0x00, 0x80, 0x3f, 0x00, 0x00, 0x80, 0x3f,
 0x00, 0x00, 0x80, 0x3f, 0xb8, 0x78, 0x7b, 0x3e, 0x00, 0x00, 0x80, 0x3f,
 0xd4, 0x3c, 0x38, 0x3e, 0x00, 0x00, 0x80, 0x3f, 0x00, 0x00, 0x80, 0x3f,
 0x00, 0x00, 0x80, 0x3f, 0x00, 0x00, 0x80, 0x3f, 0xb8, 0x78, 0x7b, 0x3e,
 0x00, 0x00, 0x80, 0x3f, 0xd4, 0x3c, 0x38, 0x3e, 0x00, 0x00, 0x80, 0x3f,
 0x4a, 0x5b, 0xef, 0x3e, 0x7e, 0xbc, 0x60, 0x3e, 0x00, 0x00, 0x80, 0x3f,
 0x01, 0x27, 0x4f, 0x3e, 0x00, 0x00, 0x80, 0x3f, 0xe4, 0xd8, 0x76, 0x3e,
 0x36, 0x33, 0x6a, 0x3e, 0x18, 0xea, 0x62, 0x3e, 0x00, 0x00, 0x80, 0x3f,
 0x0c, 0xc7, 0xa4, 0x3e, 0x00, 0x00, 0x80, 0x3f, 0x52, 0x23, 0x5c, 0x3e,
 0x00, 0x00, 0x80, 0x3f, 0xe6, 0x60, 0xd7, 0x3e, 0x10, 0x33, 0x53, 0x3e,
 0x00, 0x00, 0x80, 0x3f, 0x27, 0xe4, 0x95, 0x3e, 0x00, 0x00, 0x80, 0x3f,
 0xce, 0x96, 0x32, 0x3e, 0x00, 0x00, 0x80, 0x3f, 0x00, 0x00, 0x80, 0x3f,
 0x00, 0x00, 0x80, 0x3f, 0x00, 0x00, 0x80, 0x3f, 0x00, 0x00, 0x80, 0x3f,
 0x38, 0x24, 0x7c, 0x3e, 0xe9, 0x0d, 0x58, 0x3e, 0x69, 0x7f, 0x4e, 0x3e,
 0x00, 0x00, 0x80, 0x3f, 0x3b, 0xeb, 0x84, 0x3e, 0x6b, 0xeb, 0x57, 0x3e,
 0x00, 0x00, 0x80, 0x3f, 0xce, 0x96, 0x32, 0x3e, 0x00, 0x00, 0x80, 0x3f,
 0x00, 0x00, 0x80, 0x3f, 0x48, 0x97, 0x99, 0x3e, 0x00, 0x00, 0x80, 0x3f,
 0x27, 0xe4, 0x95, 0x3e, 0x00, 0x00, 0x80, 0x3f, 0x89, 0x9c, 0x9c, 0x3e,
 0xa8, 0x58, 0x8b, 0x3e, 0x48, 0x33, 0x47, 0x3e, 0x00, 0x00, 0x80, 0x3f,
 0xe6, 0x60, 0xd7, 0x3e, 0x10, 0x33, 0x53, 0x3e, 0x00, 0x00, 0x80, 0x3f,
 0xd4, 0x3c, 0x38, 0x3e, 0x00, 0x00, 0x80, 0x3f, 0x00, 0x00, 0x80, 0x3f,
 0x00, 0x00, 0x80, 0x3f, 0x4a, 0x5b, 0xef, 0x3e, 0x7e, 0xbc, 0x60, 0x3e,
 0x00, 0x00, 0x80, 0x3f, 0x01, 0x27, 0x4f, 0x3e, 0x00, 0x00, 0x80, 0x3f,
 0xe4, 0xd8, 0x76, 0x3e, 0x36, 0x33, 0x6a, 0x3e, 0x18, 0xea, 0x62, 0x3e,
 0x00, 0x00, 0x80, 0x3f, 0x00, 0x00, 0x80, 0x3f, 0x00, 0x00, 0x80, 0x3f,
 0x24, 0xf7, 0x39, 0x3e, 0x00, 0x00, 0x80, 0x3f, 0x00, 0x00, 0x80, 0x3f,
 0x99, 0x26, 0x51, 0x3e, 0xc9, 0x39, 0x38, 0x3e, 0x00, 0x00, 0x80, 0x3f,
 0x00, 0x00, 0x80, 0x3f, 0x00, 0x00, 0x80, 0x3f, 0xb8, 0x78, 0x7b, 0x3e,
 0x00, 0x00, 0x80, 0x3f, 0xd4, 0x3c, 0x38, 0x3e, 0x00, 0x00, 0x80, 0x3f,
 0x00, 0x00, 0x80, 0x3f, 0x00, 0x00, 0x80, 0x3f, 0x00, 0x00, 0x80, 0x3f,
 0x95, 0x5e, 0x85, 0x3e, 0x00, 0x00, 0x80, 0x3f, 0x31, 0x44, 0xc3, 0x3e,
 0xce, 0x6d, 0xa1, 0x3e, 0x00, 0x00, 0x80, 0x3f, 0x83, 0xaf, 0x81, 0x3e,
 0x00, 0x00, 0x80, 0x3f, 0x61, 0x86, 0x82, 0x3e, 0xfd, 0x03, 0x7f, 0x3e,
 0x00, 0x00, 0x80, 0x3f, 0x89, 0x9c, 0x9c, 0x3e, 0xa8, 0x58, 0x8b, 0x3e,
 0x48, 0x33, 0x47, 0x3e, 0x00, 0x00, 0x80, 0x3f, 0xb5, 0x72, 0x96, 0x3e,
 0x85, 0xee, 0x84, 0x3e, 0xce, 0xe4, 0x80, 0x3e, 0x00, 0x00, 0x80, 0x3f,
 0xce, 0x96, 0x32, 0x3e, 0x00, 0x00, 0x80, 0x3f, 0x00, 0x00, 0x80, 0x3f,
 0x00, 0x00, 0x80, 0x3f, 0x00, 0x00, 0x80, 0x3f, 0x00, 0x00, 0x80, 0x3f,
 0x38, 0x24, 0x7c, 0x3e, 0xe9, 0x0d, 0x58, 0x3e, 0x69, 0x7f, 0x4e, 0x3e,
 0x00, 0x00, 0x80, 0x3f, 0x3b, 0xeb, 0x84, 0x3e, 0x6b, 0xeb, 0x57, 0x3e,
 0x00, 0x00, 0x80, 0x3f, 0xce, 0x96, 0x32, 0x3e, 0x00, 0x00, 0x80, 0x3f,
 0x00, 0x00, 0x80, 0x3f, 0x48, 0x97, 0x99, 0x3e, 0x00, 0x00, 0x80, 0x3f,
 0x27, 0xe4, 0x95, 0x3e, 0x00, 0x00, 0x80, 0x3f, 0x89, 0x9c, 0x9c, 0x3e,
 0xa8, 0x58, 0x8b, 0x3e, 0x48, 0x33, 0x47, 0x3e, 0x00, 0x00, 0x80, 0x3f,
 0xe6, 0x60, 0xd7, 0x3e, 0x10, 0x33, 0x53, 0x3e, 0x00, 0x00, 0x80, 0x3f,
 0xd4, 0x3c, 0x38, 0x3e, 0x00, 0x00, 0x80, 0x3f, 0x00, 0x00, 0x80, 0x3f,
 0x00, 0x00, 0x80, 0x3f, 0x4a, 0x5b, 0xef, 0x3e, 0x7e, 0xbc, 0x60, 0x3e,
 0x00, 0x00, 0x80, 0x3f, 0x01, 0x27, 0x4f, 0x3e, 0x00, 0x00, 0x80, 0x3f,
 0xe4, 0xd8, 0x76, 0x3e, 0x36, 0x33, 0x6a, 0x3e, 0x18, 0xea, 0x62, 0x3e,
 0x00, 0x00, 0x80, 0x3f, 0x00, 0x00, 0x80, 0x3f, 0x00, 0x00, 0x80, 0x3f,
 0x24, 0xf7, 0x39, 0x3e, 0x00, 0x00, 0x80, 0x3f, 0x00, 0x00, 0x80, 0x3f,
 0x99, 0x26, 0x51, 0x3e, 0xc9, 0x39, 0x38, 0x3e, 0x00, 0x00, 0x80, 0x3f,
 0x00, 0x00, 0x80, 0x3f, 0x00, 0x00, 0x80, 0x3f, 0xb8, 0x78, 0x7b, 0x3e,
 0x00, 0x00, 0x80, 0x3f, 0xd4, 0x3c, 0x38, 0x3e, 0x00, 0x00, 0x80, 0x3f,
 0x00, 0x00, 0x80, 0x3f, 0x00, 0x00, 0x80, 0x3f, 0x00, 0x00, 0x80, 0x3f,
 0x52, 0x23, 0x5c, 0x3e, 0x00, 0x00, 0x80, 0x3f, 0x86, 0x0a, 0x92, 0x3e,
 0x46, 0x3e, 0x44, 0x3e, 0x00, 0x00, 0x80, 0x3f, 0x53, 0xa9, 0xb1, 0x3e,
 0x08, 0x3c, 0x9c, 0x3e, 0x00, 0x00, 0x80, 0x3f, 0x4b, 0x18, 0x9e, 0x3e,
 0x00, 0x00, 0x80, 0x3f, 0xd4, 0x3c, 0x38, 0x3e, 0x00, 0x00, 0x80, 0x3f,
 0x00, 0x00, 0x80, 0x3f, 0x00, 0x00, 0x80, 0x3f, 0x00, 0x00, 0x80, 0x3f,
 0x00, 0x00, 0x80, 0x3f, 0x38, 0x24, 0x7c, 0x3e, 0xe9, 0x0d, 0x58, 0x3e,
 0x69, 0x7f, 0x4e, 0x3e, 0x00, 0x00, 0x80, 0x3f, 0x3b, 0xeb, 0x84, 0x3e,
 0x6b, 0xeb, 0x57, 0x3e, 0x00, 0x00, 0x80, 0x3f, 0xce, 0x96, 0x32, 0x3e,
 0x00, 0x00, 0x80, 0x3f, 0x00, 0x00, 0x80, 0x3f, 0x48, 0x97, 0x99, 0x3e,
 0x00, 0x00, 0x80, 0x3f, 0x27, 0xe4, 0x95, 0x3e, 0x00, 0x00, 0x80, 0x3f,
 0x89, 0x9c, 0x9c, 0x3e, 0xa8, 0x58, 0x8b, 0x3e, 0x48, 0x33, 0x47, 0x3e,
 0x00, 0x00, 0x80, 0x3f, 0xe6, 0x60, 0xd7, 0x3e, 0x10, 0x33, 0x53, 0x3e,
 0x00, 0x00, 0x80, 0x3f, 0xd4, 0x3c, 0x38, 0x3e, 0x00, 0x00, 0x80, 0x3f,
 0x00, 0x00, 0x80, 0x3f, 0x00, 0x00, 0x80, 0x3f, 0x4a, 0x5b, 0xef, 0x3e,
 0x7e, 0xbc, 0x60, 0x3e, 0x00, 0x00, 0x80, 0x3f, 0x01, 0x27, 0x4f, 0x3e,
 0x00, 0x00, 0x80, 0x3f, 0xe4, 0xd8, 0x76, 0x3e, 0x36, 0x33, 0x6a, 0x3e,
 0x18, 0xea, 0x62, 0x3e, 0x00, 0x00, 0x80, 0x3f, 0x00, 0x00, 0x80, 0x3f,
 0x00, 0x00, 0x80, 0x3f, 0x52, 0x23, 0x5c, 0x3e, 0x00, 0x00, 0x80, 0x3f,
 0x0c, 0xc7, 0xa4, 0x3e, 0x00, 0x00, 0x80, 0x3f, 0x95, 0x5e, 0x85, 0x3e,
 0x00, 0x00, 0x80, 0x3f, 0x53, 0xa9, 0xb1, 0x3e, 0x08, 0x3c, 0x9c, 0x3e,
 0x00, 0x00, 0x80, 0x3f, 0x61, 0x86, 0x82, 0x3e, 0xfd, 0x03, 0x7f, 0x3e,
 0x00, 0x00, 0x80, 0x3f, 0x83, 0xaf, 0x81, 0x3e, 0x00, 0x00, 0x80, 0x3f,
 0x61, 0x86, 0x82, 0x3e, 0xfd, 0x03, 0x7f, 0x3e, 0x00, 0x00, 0x80, 0x3f,
 0x95, 0x5e, 0x85, 0x3e, 0x00, 0x00, 0x80, 0x3f, 0x00, 0x00, 0x80, 0x3f,
 0x00, 0x00, 0x80, 0x3f, 0xb8, 0x78, 0x7b, 0x3e, 0x00, 0x00, 0x80, 0x3f,
 0xd4, 0x3c, 0x38, 0x3e, 0x00, 0x00, 0x80, 0x3f, 0x4a, 0x5b, 0xef, 0x3e,
 0x7e, 0xbc, 0x60, 0x3e, 0x00, 0x00, 0x80, 0x3f, 0x01, 0x27, 0x4f, 0x3e,
 0x00, 0x00, 0x80, 0x3f, 0xe4, 0xd8, 0x76, 0x3e, 0x36, 0x33, 0x6a, 0x3e,
 0x18, 0xea, 0x62, 0x3e, 0x00, 0x00, 0x80, 0x3f, 0x0c, 0xc7, 0xa4, 0x3e,
 0x00, 0x00, 0x80, 0x3f, 0x52, 0x23, 0x5c, 0x3e, 0x00, 0x00, 0x80, 0x3f,
 0xe6, 0x60, 0xd7, 0x3e, 0x10, 0x33, 0x53, 0x3e, 0x00, 0x00, 0x80, 0x3f,
 0x27, 0xe4, 0x95, 0x3e, 0x00, 0x00, 0x80, 0x3f, 0xce, 0x96, 0x32, 0x3e,
 0x00, 0x00, 0x80, 0x3f, 0x00, 0x00, 0x80, 0x3f, 0x00, 0x00, 0x80, 0x3f,
 0x00, 0x00, 0x80, 0x3f, 0x00, 0x00, 0x80, 0x3f, 0x38, 0x24, 0x7c, 0x3e,
 0xe9, 0x0d, 0x58, 0x3e, 0x69, 0x7f, 0x4e, 0x3e, 0x00, 0x00, 0x80, 0x3f,
 0x3b, 0xeb, 0x84, 0x3e, 0x6b, 0xeb, 0x57, 0x3e, 0x00, 0x00, 0x80, 0x3f,
 0xce, 0x96, 0x32, 0x3e, 0x00, 0x00, 0x80, 0x3f, 0x00, 0x00, 0x80, 0x3f,
 0x48, 0x97, 0x99, 0x3e, 0x00, 0x00, 0x80, 0x3f, 0x27, 0xe4, 0x95, 0x3e,
 0x00, 0x00, 0x80, 0x3f, 0x89, 0x9c, 0x9c, 0x3e, 0xa8, 0x58, 0x8b, 0x3e,
 0x48, 0x33, 0x47, 0x3e, 0x00, 0x00, 0x80, 0x3f, 0xe6, 0x60, 0xd7, 0x3e,
 0x10, 0x33, 0x53, 0x3e, 0x00, 0x00, 0x80, 0x3f, 0xd4, 0x3c, 0x38, 0x3e,
 0x00, 0x00, 0x80, 0x3f, 0x00, 0x00, 0x80, 0x3f, 0x00, 0x00, 0x80, 0x3f,
 0x4a, 0x5b, 0xef, 0x3e, 0x7e, 0xbc, 0x60, 0x3e, 0x00, 0x00, 0x80, 0x3f,
 0x01, 0x27, 0x4f, 0x3e, 0x00, 0x00, 0x80, 0x3f, 0xe4, 0xd8, 0x76, 0x3e,
 0x36, 0x33, 0x6a, 0x3e, 0x18, 0xea, 0x62, 0x3e, 0x00, 0x00, 0x80, 0x3f,
 0x00, 0x00, 0x80, 0x3f, 0x00, 0x00, 0x80, 0x3f, 0x52, 0x23, 0x5c, 0x3e,
 0x00, 0x00, 0x80, 0x3f, 0x0c, 0xc7, 0xa4, 0x3e, 0x00, 0x00, 0x80, 0x3f,
 0x95, 0x5e, 0x85, 0x3e, 0x00, 0x00, 0x80, 0x3f, 0x53, 0xa9, 0xb1, 0x3e,
 0x08, 0x3c, 0x9c, 0x3e, 0x00, 0x00, 0x80, 0x3f, 0x61, 0x86, 0x82, 0x3e,
 0xfd, 0x03, 0x7f, 0x3e, 0x00, 0x00, 0x80, 0x3f, 0x83, 0xaf, 0x81, 0x3e,
 0x00, 0x00, 0x80, 0x3f, 0x61, 0x86, 0x82, 0x3e, 0xfd, 0x03, 0x7f, 0x3e,
 0x00, 0x00, 0x80, 0x3f, 0x95, 0x5e, 0x85, 0x3e, 0x00, 0x00, 0x80, 0x3f,
 0x00, 0x00, 0x80, 0x3f, 0x00, 0x00, 0x80, 0x3f, 0x95, 0x5e, 0x85, 0x3e,
 0x00, 0x00, 0x80, 0x3f, 0x31, 0x44, 0xc3, 0x3e, 0xce, 0x6d, 0xa1, 0x3e,
 0x00, 0x00, 0x80, 0x3f, 0x83, 0xaf, 0x81, 0x3e, 0x00, 0x00, 0x80, 0x3f,
 0x61, 0x86, 0x82, 0x3e, 0xfd, 0x03, 0x7f, 0x3e, 0x00, 0x00, 0x80, 0x3f,
 0x89, 0x9c, 0x9c, 0x3e, 0xa8, 0x58, 0x8b, 0x3e, 0x48, 0x33, 0x47, 0x3e,
 0x00, 0x00, 0x80, 0x3f, 0xb5, 0x72, 0x96, 0x3e, 0x85, 0xee, 0x84, 0x3e,
 0xce, 0xe4, 0x80, 0x3e, 0x00, 0x00, 0x80, 0x3f, 0xce, 0x96, 0x32, 0x3e,
 0x00, 0x00, 0x80, 0x3f, 0x00, 0x00, 0x80, 0x3f, 0x00, 0x00, 0x80, 0x3f,
 0x00, 0x00, 0x80, 0x3f, 0x00, 0x00, 0x80, 0x3f, 0x38, 0x24, 0x7c, 0x3e,
 0xe9, 0x0d, 0x58, 0x3e, 0x69, 0x7f, 0x4e, 0x3e, 0x00, 0x00, 0x80, 0x3f,
 0x3b, 0xeb, 0x84, 0x3e, 0x6b, 0xeb, 0x57, 0x3e, 0x00, 0x00, 0x80, 0x3f,
 0xce, 0x96, 0x32, 0x3e, 0x00, 0x00, 0x80, 0x3f, 0x00, 0x00, 0x80, 0x3f,
 0x48, 0x97, 0x99, 0x3e, 0x00, 0x00, 0x80, 0x3f, 0x27, 0xe4, 0x95, 0x3e,
 0x00, 0x00, 0x80, 0x3f, 0x89, 0x9c, 0x9c, 0x3e, 0xa8, 0x58, 0x8b, 0x3e,
 0x48, 0x33, 0x47, 0x3e, 0x00, 0x00, 0x80, 0x3f, 0xe6, 0x60, 0xd7, 0x3e,
 0x10, 0x33, 0x53, 0x3e, 0x00, 0x00, 0x80, 0x3f, 0xd4, 0x3c, 0x38, 0x3e,
 0x00, 0x00, 0x80, 0x3f, 0x00, 0x00, 0x80, 0x3f, 0x00, 0x00, 0x80, 0x3f,
 0x4a, 0x5b, 0xef, 0x3e, 0x7e, 0xbc, 0x60, 0x3e, 0x00, 0x00, 0x80, 0x3f,
 0x01, 0x27, 0x4f, 0x3e, 0x00, 0x00, 0x80, 0x3f, 0xe4, 0xd8, 0x76, 0x3e,
 0x36, 0x33, 0x6a, 0x3e, 0x18, 0xea, 0x62, 0x3e, 0x00, 0x00, 0x80, 0x3f,
 0x00, 0x00, 0x80, 0x3f, 0x00, 0x00, 0x80, 0x3f, 0x52, 0x23, 0x5c, 0x3e,
 0x00, 0x00, 0x80, 0x3f, 0x0c, 0xc7, 0xa4, 0x3e, 0x00, 0x00, 0x80, 0x3f,
 0x95, 0x5e, 0x85, 0x3e, 0x00, 0x00, 0x80, 0x3f, 0x53, 0xa9, 0xb1, 0x3e,
 0x08, 0x3c, 0x9c, 0x3e, 0x00, 0x00, 0x80, 0x3f, 0x61, 0x86, 0x82, 0x3e,
 0xfd, 0x03, 0x7f, 0x3e, 0x00, 0x00, 0x80, 0x3f, 0x83, 0xaf, 0x81, 0x3e,
 0x00, 0x00, 0x80, 0x3f, 0x61, 0x86, 0x82, 0x3e, 0xfd, 0x03, 0x7f, 0x3e,
 0x00, 0x00, 0x80, 0x3f, 0x95, 0x5e, 0x85, 0x3e, 0x00, 0x00, 0x80, 0x3f,
 0x00, 0x00, 0x80, 0x3f, 0x00, 0x00, 0x80, 0x3f, 0x52, 0x23, 0x5c, 0x3e,
 0x00, 0x00, 0x80, 0x3f, 0x86, 0x0a, 0x92, 0x3e, 0x46, 0x3e, 0x44, 0x3e,
 0x00, 0x00, 0x80, 0x3f, 0x53, 0xa9, 0xb1, 0x3e, 0x08, 0x3c, 0x9c, 0x3e,
 0x00, 0x00, 0x80, 0x3f, 0x4b, 0x18, 0x9e, 0x3e, 0x00, 0x00, 0x80, 0x3f,
 0xd4, 0x3c, 0x38, 0x3e, 0x00, 0x00, 0x80, 0x3f, 0x00, 0x00, 0x80, 0x3f,
 0x00, 0x00, 0x80, 0x3f, 0x00, 0x00, 0x80, 0x3f, 0x00, 0x00, 0x80, 0x3f,
 0x38, 0x24, 0x7c, 0x3e, 0xe9, 0x0d, 0x58, 0x3e, 0x69, 0x7f, 0x4e, 0x3e,
 0x00, 0x00, 0x80, 0x3f, 0x3b, 0xeb, 0x84, 0x3e, 0x6b, 0xeb, 0x57, 0x3e,
 0x00, 0x00, 0x80, 0x3f, 0xce, 0x96, 0x32, 0x3e, 0x00, 0x00, 0x80, 0x3f,
 0x00, 0x00, 0x80, 0x3f, 0x48, 0x97, 0x99, 0x3e, 0x00, 0x00, 0x80, 0x3f,
 0x27, 0xe4, 0x95, 0x3e, 0x00, 0x00, 0x80, 0x3f, 0x89, 0x9c, 0x9c, 0x3e,
 0xa8, 0x58, 0x8b, 0x3e, 0x48, 0x33, 0x47, 0x3e, 0x00, 0x00, 0x80, 0x3f,
 0xe6, 0x60, 0xd7, 0x3e, 0x10, 0x33, 0x53, 0x3e, 0x00, 0x00, 0x80, 0x3f,
 0xd4, 0x3c, 0x38, 0x3e, 0x00, 0x00, 0x80, 0x3f, 0x00, 0x00, 0x80, 0x3f,
 0x00, 0x00, 0x80, 0x3f, 0x4a, 0x5b, 0xef, 0x3e, 0x7e, 0xbc, 0x60, 0x3e,
 0x00, 0x00, 0x80, 0x3f, 0x01, 0x27, 0x4f, 0x3e, 0x00, 0x00, 0x80, 0x3f,
 0xe4, 0xd8, 0x76, 0x3e, 0x36, 0x33, 0x6a, 0x3e, 0x18, 0xea, 0x62, 0x3e,
 0x00, 0x00, 0x80, 0x3f, 0x00, 0x00, 0x80, 0x3f, 0x00, 0x00, 0x80, 0x3f,
 0x52, 0x23, 0x5c, 0x3e, 0x00, 0x00, 0x80, 0x3f, 0x0c, 0xc7, 0xa4, 0x3e,
 0x00, 0x00, 0x80, 0x3f, 0x95, 0x5e, 0x85, 0x3e, 0x00, 0x00, 0x80, 0x3f,
 0x53, 0xa9, 0xb1, 0x3e, 0x08, 0x3c, 0x9c, 0x3e, 0x00, 0x00, 0x80, 0x3f,
 0x61, 0x86, 0x82, 0x3e, 0xfd, 0x03, 0x7f, 0x3e, 0x00, 0x00, 0x80, 0x3f,
 0x83, 0xaf, 0x81, 0x3e, 0x00, 0x00, 0x80, 0x3f, 0x61, 0x86, 0x82, 0x3e,
 0xfd, 0x03, 0x7f, 0x3e, 0x00, 0x00, 0x80, 0x3f, 0x95, 0x5e, 0x85, 0x3e,
 0x00, 0x00, 0x80, 0x3f, 0x00, 0x00, 0x80, 0x3f, 0x00, 0x00, 0x80, 0x3f,
 0x9b, 0x15, 0x49, 0x3e, 0x00, 0x00, 0x80, 0x3f, 0x27, 0xe4, 0x95, 0x3e,
 0x00, 0x00, 0x80, 0x3f, 0x00, 0x00, 0x80, 0x3f, 0x00, 0x00, 0x80, 0x3f,
 0xe6, 0x60, 0xd7, 0x3e, 0x10, 0x33, 0x53, 0x3e, 0x00, 0x00, 0x80, 0x3f,
 0xb8, 0x78, 0x7b, 0x3e, 0x00, 0x00, 0x80, 0x3f, 0xd4, 0x3c, 0x38, 0x3e,
 0x00, 0x00, 0x80, 0x3f, 0x4a, 0x5b, 0xef, 0x3e, 0x7e, 0xbc, 0x60, 0x3e,
 0x00, 0x00, 0x80, 0x3f, 0x01, 0x27, 0x4f, 0x3e, 0x00, 0x00, 0x80, 0x3f,
 0xe4, 0xd8, 0x76, 0x3e, 0x36, 0x33, 0x6a, 0x3e, 0x18, 0xea, 0x62, 0x3e,
 0x00, 0x00, 0x80, 0x3f, 0x0c, 0xc7, 0xa4, 0x3e, 0x00, 0x00, 0x80, 0x3f,
 0x52, 0x23, 0x5c, 0x3e, 0x00, 0x00, 0x80, 0x3f, 0xe6, 0x60, 0xd7, 0x3e,
 0x10, 0x33, 0x53, 0x3e, 0x00, 0x00, 0x80, 0x3f, 0x27, 0xe4, 0x95, 0x3e,
 0x00, 0x00, 0x80, 0x3f, 0xce, 0x96, 0x32, 0x3e, 0x00, 0x00, 0x80, 0x3f,
 0x00, 0x00, 0x80, 0x3f, 0x00, 0x00, 0x80, 0x3f, 0x00, 0x00, 0x80, 0x3f,
 0x00, 0x00, 0x80, 0x3f, 0x38, 0x24, 0x7c, 0x3e, 0xe9, 0x0d, 0x58, 0x3e,
 0x69, 0x7f, 0x4e, 0x3e, 0x00, 0x00, 0x80, 0x3f, 0x3b, 0xeb, 0x84, 0x3e,
 0x6b, 0xeb, 0x57, 0x3e, 0x00, 0x00, 0x80, 0x3f, 0xce, 0x96, 0x32, 0x3e,
 0x00, 0x00, 0x80, 0x3f, 0x00, 0x00, 0x80, 0x3f, 0x48, 0x97, 0x99, 0x3e,
 0x00, 0x00, 0x80, 0x3f, 0x27, 0xe4, 0x95, 0x3e, 0x00, 0x00, 0x80, 0x3f,
 0x89, 0x9c, 0x9c, 0x3e, 0xa8, 0x58, 0x8b, 0x3e, 0x48, 0x33, 0x47, 0x3e,
 0x00, 0x00, 0x80, 0x3f, 0xe6, 0x60, 0xd7, 0x3e, 0x10, 0x33, 0x53, 0x3e,
 0x00, 0x00, 0x80, 0x3f, 0xd4, 0x3c, 0x38, 0x3e, 0x00, 0x00, 0x80, 0x3f,
 0x00, 0x00, 0x80, 0x3f, 0x00, 0x00, 0x80, 0x3f, 0x4a, 0x5b, 0xef, 0x3e,
 0x7e, 0xbc, 0x60, 0x3e, 0x00, 0x00, 0x80, 0x3f, 0x01, 0x27, 0x4f, 0x3e,
 0x00, 0x00, 0x80, 0x3f, 0xe4, 0xd8, 0x76, 0x3e, 0x36, 0x33, 0x6a, 0x3e,
 0x18, 0xea, 0x62, 0x3e, 0x00, 0x00, 0x80, 0x3f, 0x00, 0x00, 0x80, 0x3f,
 0x00, 0x00, 0x80, 0x3f, 0x52, 0x23, 0x5c, 0x3e, 0x00, 0x00, 0x80, 0x3f,
 0x0c, 0xc7, 0xa4, 0x3e, 0x00, 0x00, 0x80, 0x3f, 0x95, 0x5e, 0x85, 0x3e,
 0x00, 0x00, 0x80, 0x3f, 0x53, 0xa9, 0xb1, 0x3e, 0x08, 0x3c, 0x9c, 0x3e,
 0x00, 0x00, 0x80, 0x3f, 0x61, 0x86, 0x82, 0x3e, 0xfd, 0x03, 0x7f, 0x3e,
 0x00, 0x00, 0x80, 0x3f, 0x83, 0xaf, 0x81, 0x3e, 0x00, 0x00, 0x80, 0x3f,
 0x61, 0x86, 0x82, 0x3e, 0xfd, 0x03, 0x7f, 0x3e, 0x00, 0x00, 0x80, 0x3f,
 0x95, 0x5e, 0x85, 0x3e, 0x00, 0x00, 0x80, 0x3f, 0x00, 0x00, 0x80, 0x3f,
 0x00, 0x00, 0x80, 0x3f, 0x9b, 0x15, 0x49, 0x3e, 0x00, 0x00, 0x80, 0x3f,
 0x27, 0xe4, 0x95, 0x3e, 0x00, 0x00, 0x80, 0x3f, 0x00, 0x00, 0x80, 0x3f,
 0x00, 0x00, 0x80, 0x3f, 0xe6, 0x60, 0xd7, 0x3e, 0x10, 0x33, 0x53, 0x3e,
 0x00, 0x00, 0x80, 0x3f, 0x95, 0x5e, 0x85, 0x3e, 0x00, 0x00, 0x80, 0x3f,
 0x31, 0x44, 0xc3, 0x3e, 0xce, 0x6d, 0xa1, 0x3e, 0x00, 0x00, 0x80, 0x3f,
 0x83, 0xaf, 0x81, 0x3e, 0x00, 0x00, 0x80, 0x3f, 0x61, 0x86, 0x82, 0x3e,
 0xfd, 0x03, 0x7f, 0x3e, 0x00, 0x00, 0x80, 0x3f, 0x89, 0x9c, 0x9c, 0x3e,
 0xa8, 0x58, 0x8b, 0x3e, 0x48, 0x33, 0x47, 0x3e, 0x00, 0x00, 0x80, 0x3f,
 0xb5, 0x72, 0x96, 0x3e, 0x85, 0xee, 0x84, 0x3e, 0xce, 0xe4, 0x80, 0x3e,
 0x00, 0x00, 0x80, 0x3f, 0xce, 0x96, 0x32, 0x3e, 0x00, 0x00, 0x80, 0x3f,
 0x00, 0x00, 0x80, 0x3f, 0x00, 0x00, 0x80, 0x3f, 0x00, 0x00, 0x80, 0x3f,
 0x00, 0x00, 0x80, 0x3f, 0x38, 0x24, 0x7c, 0x3e, 0xe9, 0x0d, 0x58, 0x3e,
 0x69, 0x7f, 0x4e, 0x3e, 0x00, 0x00, 0x80, 0x3f, 0x3b, 0xeb, 0x84, 0x3e,
 0x6b, 0xeb, 0x57, 0x3e, 0x00, 0x00, 0x80, 0x3f, 0xce, 0x96, 0x32, 0x3e,
 0x00, 0x00, 0x80, 0x3f, 0x00, 0x00, 0x80, 0x3f, 0x48, 0x97, 0x99, 0x3e,
 0x00, 0x00, 0x80, 0x3f, 0x27, 0xe4, 0x95, 0x3e, 0x00, 0x00, 0x80, 0x3f,
 0x89, 0x9c, 0x9c, 0x3e, 0xa8, 0x58, 0x8b, 0x3e, 0x48, 0x33, 0x47, 0x3e,
 0x00, 0x00, 0x80, 0x3f, 0xe6, 0x60, 0xd7, 0x3e, 0x10, 0x33, 0x53, 0x3e,
 0x00, 0x00, 0x80, 0x3f, 0xd4, 0x3c, 0x38, 0x3e, 0x00, 0x00, 0x80, 0x3f,
 0x00, 0x00, 0x80, 0x3f, 0x00, 0x00, 0x80, 0x3f, 0x4a, 0x5b, 0xef, 0x3e,
 0x7e, 0xbc, 0x60, 0x3e, 0x00, 0x00, 0x80, 0x3f, 0x01, 0x27, 0x4f, 0x3e,
 0x00, 0x00, 0x80, 0x3f, 0xe4, 0xd8, 0x76, 0x3e, 0x36, 0x33, 0x6a, 0x3e,
 0x18, 0xea, 0x62, 0x3e, 0x00, 0x00, 0x80, 0x3f, 0x00, 0x00, 0x80, 0x3f,
 0x00, 0x00, 0x80, 0x3f, 0x52, 0x23, 0x5c, 0x3e, 0x00, 0x00, 0x80, 0x3f,
 0x0c, 0xc7, 0xa4, 0x3e, 0x00, 0x00, 0x80, 0x3f, 0x95, 0x5e, 0x85, 0x3e,
 0x00, 0x00, 0x80, 0x3f, 0x53, 0xa9, 0xb1, 0x3e, 0x08, 0x3c, 0x9c, 0x3e,
 0x00, 0x00, 0x80, 0x3f, 0x61, 0x86, 0x82, 0x3e, 0xfd, 0x03, 0x7f, 0x3e,
 0x00, 0x00, 0x80, 0x3f, 0x83, 0xaf, 0x81, 0x3e, 0x00, 0x00, 0x80, 0x3f,
 0x61, 0x86, 0x82, 0x3e, 0xfd, 0x03, 0x7f, 0x3e, 0x00, 0x00, 0x80, 0x3f,
 0x95, 0x5e, 0x85, 0x3e, 0x00, 0x00, 0x80, 0x3f, 0x00, 0x00, 0x80, 0x3f,
 0x00, 0x00, 0x80, 0x3f, 0x9b, 0x15, 0x49, 0x3e, 0x00, 0x00, 0x80, 0x3f,
 0x27, 0xe4, 0x95, 0x3e, 0x00, 0x00, 0x80, 0x3f, 0x00, 0x00, 0x80, 0x3f,
 0x00, 0x00, 0x80, 0x3f, 0xe6, 0x60, 0xd7, 0x3e, 0x10, 0x33, 0x53, 0x3e,
 0x00, 0x00, 0x80, 0x3f, 0x52, 0x23, 0x5c, 0x3e, 0x00, 0x00, 0x80, 0x3f,
 0x86, 0x0a, 0x92, 0x3e, 0x46, 0x3e, 0x44, 0x3e, 0x00, 0x00, 0x80, 0x3f,
 0x53, 0xa9, 0xb1, 0x3e, 0x08, 0x3c, 0x9c, 0x3e, 0x00, 0x00, 0x80, 0x3f,
 0x4b, 0x18, 0x9e, 0x3e, 0x00, 0x00, 0x80, 0x3f, 0xd4, 0x3c, 0x38, 0x3e,
 0x00, 0x00, 0x80, 0x3f, 0x00, 0x00, 0x80, 0x3f, 0x00, 0x00, 0x80, 0x3f,
 0x00, 0x00, 0x80, 0x3f, 0x00, 0x00, 0x80, 0x3f, 0x38, 0x24, 0x7c, 0x3e,
 0xe9, 0x0d, 0x58, 0x3e, 0x69, 0x7f, 0x4e, 0x3e, 0x00, 0x00, 0x80, 0x3f,
 0x3b, 0xeb, 0x84, 0x3e, 0x6b, 0xeb, 0x57, 0x3e, 0x00, 0x00, 0x80, 0x3f,
 0xce, 0x96, 0x32, 0x3e, 0x00, 0x00, 0x80, 0x3f, 0x00, 0x00, 0x80, 0x3f,
 0x48, 0x97, 0x99, 0x3e, 0x00, 0x00, 0x80, 0x3f, 0x27, 0xe4, 0x95, 0x3e,
 0x00, 0x00, 0x80, 0x3f, 0x89, 0x9c, 0x9c, 0x3e, 0xa8, 0x58, 0x8b, 0x3e,
 0x48, 0x33, 0x47, 0x3e, 0x00, 0x00, 0x80, 0x3f, 0xe6, 0x60, 0xd7, 0x3e,
 0x10, 0x33, 0x53, 0x3e, 0x00, 0x00, 0x80, 0x3f, 0xd4, 0x3c, 0x38, 0x3e,
 0x00, 0x00, 0x80, 0x3f, 0x00, 0x00, 0x80, 0x3f, 0x00, 0x00, 0x80, 0x3f,
 0x4a, 0x5b, 0xef, 0x3e, 0x7e, 0xbc, 0x60, 0x3e, 0x00, 0x00, 0x80, 0x3f,
 0x01, 0x27, 0x4f, 0x3e, 0x00, 0x00, 0x80, 0x3f, 0xe4, 0xd8, 0x76, 0x3e,
 0x36, 0x33, 0x6a, 0x3e, 0x18, 0xea, 0x62, 0x3e, 0x00, 0x00, 0x80, 0x3f,
 0x00, 0x00, 0x80, 0x3f, 0x00, 0x00, 0x80, 0x3f, 0x52, 0x23, 0x5c, 0x3e,
 0x00, 0x00, 0x80, 0x3f, 0x0c, 0xc7, 0xa4, 0x3e, 0x00, 0x00, 0x80, 0x3f,
 0x95, 0x5e, 0x85, 0x3e, 0x00, 0x00, 0x80, 0x3f, 0x53, 0xa9, 0xb1, 0x3e,
 0x08, 0x3c, 0x9c, 0x3e, 0x00, 0x00, 0x80, 0x3f, 0x61, 0x86, 0x82, 0x3e,
 0xfd, 0x03, 0x7f, 0x3e, 0x00, 0x00, 0x80, 0x3f, 0x83, 0xaf, 0x81, 0x3e,
 0x00, 0x00, 0x80, 0x3f, 0x61, 0x86, 0x82, 0x3e, 0xfd, 0x03, 0x7f, 0x3e,
 0x00, 0x00, 0x80, 0x3f, 0x95, 0x5e, 0x85, 0x3e, 0x00, 0x00, 0x80, 0x3f,
 0x00, 0x00, 0x80, 0x3f, 0x00, 0x00, 0x80, 0x3f, 0xb8, 0x78, 0x7b, 0x3e,
 0x00, 0x00, 0x80, 0x3f, 0xd4, 0x3c, 0x38, 0x3e, 0x00, 0x00, 0x80, 0x3f,
 0x00, 0x00, 0x80, 0x3f, 0x00, 0x00, 0x80, 0x3f, 0x00, 0x00, 0x80, 0x3f,
 0xb8, 0x78, 0x7b, 0x3e, 0x00, 0x00, 0x80, 0x3f, 0xd4, 0x3c, 0x38, 0x3e,
 0x00, 0x00, 0x80, 0x3f, 0x4a, 0x5b, 0xef, 0x3e, 0x7e, 0xbc, 0x60, 0x3e,
 0x00, 0x00, 0x80, 0x3f, 0x01, 0x27, 0x4f, 0x3e, 0x00, 0x00, 0x80, 0x3f,
 0xe4, 0xd8, 0x76, 0x3e, 0x36, 0x33, 0x6a, 0x3e, 0x18, 0xea, 0x62, 0x3e,
 0x00, 0x00, 0x80, 0x3f, 0x0c, 0xc7, 0xa4, 0x3e, 0x00, 0x00, 0x80, 0x3f,
 0x52, 0x23, 0x5c, 0x3e, 0x00, 0x00, 0x80, 0x3f, 0xe6, 0x60, 0xd7, 0x3e,
 0x10, 0x33, 0x53, 0x3e, 0x00, 0x00, 0x80, 0x3f, 0x27, 0xe4, 0x95, 0x3e,
 0x00, 0x00, 0x80, 0x3f, 0xce, 0x96, 0x32, 0x3e, 0x00, 0x00, 0x80, 0x3f,
 0x00, 0x00, 0x80, 0x3f, 0x00, 0x00, 0x80, 0x3f, 0x00, 0x00, 0x80, 0x3f,
 0x00, 0x00, 0x80, 0x3f, 0x38, 0x24, 0x7c, 0x3e, 0xe9, 0x0d, 0x58, 0x3e,
 0x69, 0x7f, 0x4e, 0x3e, 0x00, 0x00, 0x80, 0x3f, 0x3b, 0xeb, 0x84, 0x3e,
 0x6b, 0xeb, 0x57, 0x3e, 0x00, 0x00, 0x80, 0x3f, 0xce, 0x96, 0x32, 0x3e,
 0x00, 0x00, 0x80, 0x3f, 0x00, 0x00, 0x80, 0x3f, 0x48, 0x97, 0x99, 0x3e,
 0x00, 0x00, 0x80, 0x3f, 0x27, 0xe4, 0x95, 0x3e, 0x00, 0x00, 0x80, 0x3f,
 0x89, 0x9c, 0x9c, 0x3e, 0xa8, 0x58, 0x8b, 0x3e, 0x48, 0x33, 0x47, 0x3e,
 0x00, 0x00, 0x80, 0x3f, 0xe6, 0x60, 0xd7, 0x3e, 0x10, 0x33, 0x53, 0x3e,
 0x00, 0x00, 0x80, 0x3f, 0xd4, 0x3c, 0x38, 0x3e, 0x00, 0x00, 0x80, 0x3f,
 0x00, 0x00, 0x80, 0x3f, 0x00, 0x00, 0x80, 0x3f, 0x4a, 0x5b, 0xef, 0x3e,
 0x7e, 0xbc, 0x60, 0x3e, 0x00, 0x00, 0x80, 0x3f, 0x01, 0x27, 0x4f, 0x3e,
 0x00, 0x00, 0x80, 0x3f, 0xe4, 0xd8, 0x76, 0x3e, 0x36, 0x33, 0x6a, 0x3e,
 0x18, 0xea, 0x62, 0x3e, 0x00, 0x00, 0x80, 0x3f, 0x00, 0x00, 0x80, 0x3f,
 0x00, 0x00, 0x80, 0x3f, 0x52, 0x23, 0x5c, 0x3e, 0x00, 0x00, 0x80, 0x3f,
 0x0c, 0xc7, 0xa4, 0x3e, 0x00, 0x00, 0x80, 0x3f, 0x95, 0x5e, 0x85, 0x3e,
 0x00, 0x00, 0x80, 0x3f, 0x53, 0xa9, 0xb1, 0x3e, 0x08, 0x3c, 0x9c, 0x3e,
 0x00, 0x00, 0x80, 0x3f, 0x61, 0x86, 0x82, 0x3e, 0xfd, 0x03, 0x7f, 0x3e,
 0x00, 0x00, 0x80, 0x3f, 0x83, 0xaf, 0x81, 0x3e, 0x00, 0x00, 0x80, 0x3f,
 0x61, 0x86, 0x82, 0x3e, 0xfd, 0x03, 0x7f, 0x3e, 0x00, 0x00, 0x80, 0x3f,
 0x95, 0x5e, 0x85, 0x3e, 0x00, 0x00, 0x80, 0x3f, 0x00, 0x00, 0x80, 0x3f,
 0x00, 0x00, 0x80, 0x3f, 0xb8, 0x78, 0x7b, 0x3e, 0x00, 0x00, 0x80, 0x3f,
 0xd4, 0x3c, 0x38, 0x3e, 0x00, 0x00, 0x80, 0x3f, 0x00, 0x00, 0x80, 0x3f,
 0x00, 0x00, 0x80, 0x3f, 0x00, 0x00, 0x80, 0x3f, 0x95, 0x5e, 0x85, 0x3e,
 0x00, 0x00, 0x80, 0x3f, 0x31, 0x44, 0xc3, 0x3e, 0xce, 0x6d, 0xa1, 0x3e,
 0x00, 0x00, 0x80, 0x3f, 0x83, 0xaf, 0x81, 0x3e, 0x00, 0x00, 0x80, 0x3f,
 0x61, 0x86, 0x82, 0x3e, 0xfd, 0x03, 0x7f, 0x3e, 0x00, 0x00, 0x80, 0x3f,
 0x89, 0x9c, 0x9c, 0x3e, 0xa8, 0x58, 0x8b, 0x3e, 0x48, 0x33, 0x47, 0x3e,
 0x00, 0x00, 0x80, 0x3f, 0xb5, 0x72, 0x96, 0x3e, 0x85, 0xee, 0x84, 0x3e,
 0xce, 0xe4, 0x80, 0x3e, 0x00, 0x00, 0x80, 0x3f, 0xce, 0x96, 0x32, 0x3e,
 0x00, 0x00, 0x80, 0x3f, 0x00, 0x00, 0x80, 0x3f, 0x00, 0x00, 0x80, 0x3f,
 0x00, 0x00, 0x80, 0x3f, 0x00, 0x00, 0x80, 0x3f, 0x38, 0x24, 0x7c, 0x3e,
 0xe9, 0x0d, 0x58, 0x3e, 0x69, 0x7f, 0x4e, 0x3e, 0x00, 0x00, 0x80, 0x3f,
 0x3b, 0xeb, 0x84, 0x3e, 0x6b, 0xeb, 0x57, 0x3e, 0x00, 0x00, 0x80, 0x3f,
 0xce, 0x96, 0x32, 0x3e, 0x00, 0x00, 0x80, 0x3f, 0x00, 0x00, 0x80, 0x3f,
 0x48, 0x97, 0x99, 0x3e, 0x00, 0x00, 0x80, 0x3f, 0x27, 0xe4, 0x95, 0x3e,
 0x00, 0x00, 0x80, 0x3f, 0x89, 0x9c, 0x9c, 0x3e, 0xa8, 0x58, 0x8b, 0x3e,
 0x48, 0x33, 0x47, 0x3e, 0x00, 0x00, 0x80, 0x3f, 0xe6, 0x60, 0xd7, 0x3e,
 0x10, 0x33, 0x53, 0x3e, 0x00, 0x00, 0x80, 0x3f, 0xd4, 0x3c, 0x38, 0x3e,
 0x00, 0x00, 0x80, 0x3f, 0x00, 0x00, 0x80, 0x3f, 0x00, 0x00, 0x80, 0x3f,
 0x4a, 0x5b, 0xef, 0x3e, 0x7e, 0xbc, 0x60, 0x3e, 0x00, 0x00, 0x80, 0x3f,
 0x01, 0x27, 0x4f, 0x3e, 0x00, 0x00, 0x80, 0x3f, 0xe4, 0xd8, 0x76, 0x3e,
 0x36, 0x33, 0x6a, 0x3e, 0x18, 0xea, 0x62, 0x3e, 0x00, 0x00, 0x80, 0x3f,
 0x00, 0x00, 0x80, 0x3f, 0x00, 0x00, 0x80, 0x3f, 0x52, 0x23, 0x5c, 0x3e,
 0x00, 0x00, 0x80, 0x3f, 0x0c, 0xc7, 0xa4, 0x3e, 0x00, 0x00, 0x80, 0x3f,
 0x95, 0x5e, 0x85, 0x3e, 0x00, 0x00, 0x80, 0x3f, 0x53, 0xa9, 0xb1, 0x3e,
 0x08, 0x3c, 0x9c, 0x3e, 0x00, 0x00, 0x80, 0x3f, 0x61, 0x86, 0x82, 0x3e,
 0xfd, 0x03, 0x7f, 0x3e, 0x00, 0x00, 0x80, 0x3f, 0x83, 0xaf, 0x81, 0x3e,
 0x00, 0x00, 0x80, 0x3f, 0x61, 0x86, 0x82, 0x3e, 0xfd, 0x03, 0x7f, 0x3e,
 0x00, 0x00, 0x80, 0x3f, 0x95, 0x5e, 0x85, 0x3e, 0x00, 0x00, 0x80, 0x3f,
 0x00, 0x00, 0x80, 0x3f, 0x00, 0x00, 0x80, 0x3f, 0xb8, 0x78, 0x7b, 0x3e,
 0x00, 0x00, 0x80, 0x3f, 0xd4, 0x3c, 0x38, 0x3e, 0x00, 0x00, 0x80, 0x3f,
 0x00, 0x00, 0x80, 0x3f, 0x00, 0x00, 0x80, 0x3f, 0x00, 0x00, 0x80, 0x3f,
 0x52, 0x23, 0x5c, 0x3e, 0x00, 0x00, 0x80, 0x3f, 0x86, 0x0a, 0x92, 0x3e,
 0x46, 0x3e, 0x44, 0x3e, 0x00, 0x00, 0x80, 0x3f, 0x53, 0xa9, 0xb1, 0x3e,
 0x08, 0x3c, 0x9c, 0x3e, 0x00, 0x00, 0x80, 0x3f, 0x4b, 0x18, 0x9e, 0x3e,
 0x00, 0x00, 0x80, 0x3f, 0xd4, 0x3c, 0x38, 0x3e, 0x00, 0x00, 0x80, 0x3f,
 0x00, 0x00, 0x80, 0x3f, 0x00, 0x00, 0x80, 0x3f, 0x00, 0x00, 0x80, 0x3f,
 0x00, 0x00, 0x80, 0x3f, 0x38, 0x24, 0x7c, 0x3e, 0xe9, 0x0d, 0x58, 0x3e,
 0x69, 0x7f, 0x4e, 0x3e, 0x00, 0x00, 0x80, 0x3f, 0x3b, 0xeb, 0x84, 0x3e,
 0x6b, 0xeb, 0x57, 0x3e, 0x00, 0x00, 0x80, 0x3f, 0xb5, 0x72, 0x96, 0x3e,
 0x85, 0xee, 0x84, 0x3e, 0xce, 0xe4, 0x80, 0x3e, 0x00, 0x00, 0x80, 0x3f,
 0x89, 0x9c, 0x9c, 0x3e, 0xa8, 0x58, 0x8b, 0x3e, 0x48, 0x33, 0x47, 0x3e,
 0x00, 0x00, 0x80, 0x3f, 0xd4, 0x3c, 0x38, 0x3e, 0x00, 0x00, 0x80, 0x3f,
 0x31, 0x44, 0xc3, 0x3e, 0xce, 0x6d, 0xa1, 0x3e, 0x00, 0x00, 0x80, 0x3f,
 0x00, 0x00, 0x80, 0x3f, 0x00, 0x00, 0x80, 0x3f, 0x95, 0x5e, 0x85, 0x3e,
 0x00, 0x00, 0x80, 0x3f, 0xb8, 0x78, 0x7b, 0x3e, 0x00, 0x00, 0x80, 0x3f,
 0xd4, 0x3c, 0x38, 0x3e, 0x00, 0x00, 0x80, 0x3f, 0x4a, 0x5b, 0xef, 0x3e,
 0x7e, 0xbc, 0x60, 0x3e, 0x00, 0x00, 0x80, 0x3f, 0x01, 0x27, 0x4f, 0x3e,
 0x00, 0x00, 0x80, 0x3f, 0xe4, 0xd8, 0x76, 0x3e, 0x36, 0x33, 0x6a, 0x3e,
 0x18, 0xea, 0x62, 0x3e, 0x00, 0x00, 0x80, 0x3f, 0x0c, 0xc7, 0xa4, 0x3e,
 0x00, 0x00, 0x80, 0x3f, 0x52, 0x23, 0x5c, 0x3e, 0x00, 0x00, 0x80, 0x3f,
 0xe6, 0x60, 0xd7, 0x3e, 0x10, 0x33, 0x53, 0x3e, 0x00, 0x00, 0x80, 0x3f,
 0x27, 0xe4, 0x95, 0x3e, 0x00, 0x00, 0x80, 0x3f, 0xce, 0x96, 0x32, 0x3e,
 0x00, 0x00, 0x80, 0x3f, 0x00, 0x00, 0x80, 0x3f, 0x00, 0x00, 0x80, 0x3f,
 0x00, 0x00, 0x80, 0x3f, 0x00, 0x00, 0x80, 0x3f, 0x00, 0x00, 0x80, 0x3f,
 0x00, 0x00, 0x80, 0x3f, 0x00, 0x00, 0x80, 0x3f, 0x00, 0x00, 0x80, 0x3f,
 0x00, 0x00, 0x80, 0x3f, 0x00, 0x00, 0x80, 0x3f, 0x00, 0x00, 0x80, 0x3f,
 0x00, 0x00, 0x80, 0x3f, 0x00, 0x00, 0x80, 0x3f, 0x00, 0x00, 0x80, 0x3f,
 0x38, 0x24, 0x7c, 0x3e, 0xe9, 0x0d, 0x58, 0x3e, 0x69, 0x7f, 0x4e, 0x3e,
 0x00, 0x00, 0x80, 0x3f, 0x3b, 0xeb, 0x84, 0x3e, 0x6b, 0xeb, 0x57, 0x3e,
 0x00, 0x00, 0x80, 0x3f, 0xb5, 0x72, 0x96, 0x3e, 0x85, 0xee, 0x84, 0x3e,
 0xce, 0xe4, 0x80, 0x3e, 0x00, 0x00, 0x80, 0x3f, 0x89, 0x9c, 0x9c, 0x3e,
 0xa8, 0x58, 0x8b, 0x3e, 0x48, 0x33, 0x47, 0x3e, 0x00, 0x00, 0x80, 0x3f,
 0xd4, 0x3c, 0x38, 0x3e, 0x00, 0x00, 0x80, 0x3f, 0x31, 0x44, 0xc3, 0x3e,
 0xce, 0x6d, 0xa1, 0x3e, 0x00, 0x00, 0x80, 0x3f, 0x00, 0x00, 0x80, 0x3f,
 0x00, 0x00, 0x80, 0x3f, 0x95, 0x5e, 0x85, 0x3e, 0x00, 0x00, 0x80, 0x3f,
 0x95, 0x5e, 0x85, 0x3e, 0x00, 0x00, 0x80, 0x3f, 0x31, 0x44, 0xc3, 0x3e,
 0xce, 0x6d, 0xa1, 0x3e, 0x00, 0x00, 0x80, 0x3f, 0x83, 0xaf, 0x81, 0x3e,
 0x00, 0x00, 0x80, 0x3f, 0x61, 0x86, 0x82, 0x3e, 0xfd, 0x03, 0x7f, 0x3e,
 0x00, 0x00, 0x80, 0x3f, 0x89, 0x9c, 0x9c, 0x3e, 0xa8, 0x58, 0x8b, 0x3e,
 0x48, 0x33, 0x47, 0x3e, 0x00, 0x00, 0x80, 0x3f, 0xb5, 0x72, 0x96, 0x3e,
 0x85, 0xee, 0x84, 0x3e, 0xce, 0xe4, 0x80, 0x3e, 0x00, 0x00, 0x80, 0x3f,
 0xce, 0x96, 0x32, 0x3e, 0x00, 0x00, 0x80, 0x3f, 0x00, 0x00, 0x80, 0x3f,
 0x00, 0x00, 0x80, 0x3f, 0x00, 0x00, 0x80, 0x3f, 0x00, 0x00, 0x80, 0x3f,
 0x00, 0x00, 0x80, 0x3f, 0x00, 0x00, 0x80, 0x3f, 0x00, 0x00, 0x80, 0x3f,
 0x00, 0x00, 0x80, 0x3f, 0x00, 0x00, 0x80, 0x3f, 0x00, 0x00, 0x80, 0x3f,
 0x00, 0x00, 0x80, 0x3f, 0x00, 0x00, 0x80, 0x3f, 0x00, 0x00, 0x80, 0x3f,
 0x00, 0x00, 0x80, 0x3f, 0x38, 0x24, 0x7c, 0x3e, 0xe9, 0x0d, 0x58, 0x3e,
 0x69, 0x7f, 0x4e, 0x3e, 0x00, 0x00, 0x80, 0x3f, 0x3b, 0xeb, 0x84, 0x3e,
 0x6b, 0xeb, 0x57, 0x3e, 0x00, 0x00, 0x80, 0x3f, 0xb5, 0x72, 0x96, 0x3e,
 0x85, 0xee, 0x84, 0x3e, 0xce, 0xe4, 0x80, 0x3e, 0x00, 0x00, 0x80, 0x3f,
 0x89, 0x9c, 0x9c, 0x3e, 0xa8, 0x58, 0x8b, 0x3e, 0x48, 0x33, 0x47, 0x3e,
 0x00, 0x00, 0x80, 0x3f, 0xd4, 0x3c, 0x38, 0x3e, 0x00, 0x00, 0x80, 0x3f,
 0x31, 0x44, 0xc3, 0x3e, 0xce, 0x6d, 0xa1, 0x3e, 0x00, 0x00, 0x80, 0x3f,
 0x00, 0x00, 0x80, 0x3f, 0x00, 0x00, 0x80, 0x3f, 0x95, 0x5e, 0x85, 0x3e,
 0x00, 0x00, 0x80, 0x3f, 0x9b, 0x15, 0x49, 0x3e, 0x00, 0x00, 0x80, 0x3f,
 0x27, 0xe4, 0x95, 0x3e, 0x00, 0x00, 0x80, 0x3f, 0x00, 0x00, 0x80, 0x3f,
 0x00, 0x00, 0x80, 0x3f, 0xe6, 0x60, 0xd7, 0x3e, 0x10, 0x33, 0x53, 0x3e,
 0x00, 0x00, 0x80, 0x3f, 0xb8, 0x78, 0x7b, 0x3e, 0x00, 0x00, 0x80, 0x3f,
 0xd4, 0x3c, 0x38, 0x3e, 0x00, 0x00, 0x80, 0x3f, 0x4a, 0x5b, 0xef, 0x3e,
 0x7e, 0xbc, 0x60, 0x3e, 0x00, 0x00, 0x80, 0x3f, 0x01, 0x27, 0x4f, 0x3e,
 0x00, 0x00, 0x80, 0x3f, 0xe4, 0xd8, 0x76, 0x3e, 0x36, 0x33, 0x6a, 0x3e,
 0x18, 0xea, 0x62, 0x3e, 0x00, 0x00, 0x80, 0x3f, 0x0c, 0xc7, 0xa4, 0x3e,
 0x00, 0x00, 0x80, 0x3f, 0x52, 0x23, 0x5c, 0x3e, 0x00, 0x00, 0x80, 0x3f,
 0xe6, 0x60, 0xd7, 0x3e, 0x10, 0x33, 0x53, 0x3e, 0x00, 0x00, 0x80, 0x3f,
 0x27, 0xe4, 0x95, 0x3e, 0x00, 0x00, 0x80, 0x3f, 0xce, 0x96, 0x32, 0x3e,
 0x00, 0x00, 0x80, 0x3f, 0x00, 0x00, 0x80, 0x3f, 0x00, 0x00, 0x80, 0x3f,
 0x00, 0x00, 0x80, 0x3f, 0x00, 0x00, 0x80, 0x3f, 0x00, 0x00, 0x80, 0x3f,
 0x00, 0x00, 0x80, 0x3f, 0x00, 0x00, 0x80, 0x3f, 0x00, 0x00, 0x80, 0x3f,
 0x00, 0x00, 0x80, 0x3f, 0x00, 0x00, 0x80, 0x3f, 0x00, 0x00, 0x80, 0x3f,
 0x00, 0x00, 0x80, 0x3f, 0x00, 0x00, 0x80, 0x3f, 0x00, 0x00, 0x80, 0x3f,
 0x38, 0x24, 0x7c, 0x3e, 0xe9, 0x0d, 0x58, 0x3e, 0x69, 0x7f, 0x4e, 0x3e,
 0x00, 0x00, 0x80, 0x3f, 0x3b, 0xeb, 0x84, 0x3e, 0x6b, 0xeb, 0x57, 0x3e,
 0x00, 0x00, 0x80, 0x3f, 0xb5, 0x72, 0x96, 0x3e, 0x85, 0xee, 0x84, 0x3e,
 0xce, 0xe4, 0x80, 0x3e, 0x00, 0x00, 0x80, 0x3f, 0x89, 0x9c, 0x9c, 0x3e,
 0xa8, 0x58, 0x8b, 0x3e, 0x48, 0x33, 0x47, 0x3e, 0x00, 0x00, 0x80, 0x3f,
 0xd4, 0x3c, 0x38, 0x3e, 0x00, 0x00, 0x80, 0x3f, 0x31, 0x44, 0xc3, 0x3e,
 0xce, 0x6d, 0xa1, 0x3e, 0x00, 0x00, 0x80, 0x3f, 0x00, 0x00, 0x80, 0x3f,
 0x00, 0x00, 0x80, 0x3f, 0x95, 0x5e, 0x85, 0x3e, 0x00, 0x00, 0x80, 0x3f,
 0x9b, 0x15, 0x49, 0x3e, 0x00, 0x00, 0x80, 0x3f, 0x27, 0xe4, 0x95, 0x3e,
 0x00, 0x00, 0x80, 0x3f, 0x00, 0x00, 0x80, 0x3f, 0x00, 0x00, 0x80, 0x3f,
 0xe6, 0x60, 0xd7, 0x3e, 0x10, 0x33, 0x53, 0x3e, 0x00, 0x00, 0x80, 0x3f,
 0x95, 0x5e, 0x85, 0x3e, 0x00, 0x00, 0x80, 0x3f, 0x31, 0x44, 0xc3, 0x3e,
 0xce, 0x6d, 0xa1, 0x3e, 0x00, 0x00, 0x80, 0x3f, 0x83, 0xaf, 0x81, 0x3e,
 0x00, 0x00, 0x80, 0x3f, 0x61, 0x86, 0x82, 0x3e, 0xfd, 0x03, 0x7f, 0x3e,
 0x00, 0x00, 0x80, 0x3f, 0x89, 0x9c, 0x9c, 0x3e, 0xa8, 0x58, 0x8b, 0x3e,
 0x48, 0x33, 0x47, 0x3e, 0x00, 0x00, 0x80, 0x3f, 0xb5, 0x72, 0x96, 0x3e,
 0x85, 0xee, 0x84, 0x3e, 0xce, 0xe4, 0x80, 0x3e, 0x00, 0x00, 0x80, 0x3f,
 0xce, 0x96, 0x32, 0x3e, 0x00, 0x00, 0x80, 0x3f, 0x00, 0x00, 0x80, 0x3f,
 0x00, 0x00, 0x80, 0x3f, 0x00, 0x00, 0x80, 0x3f, 0x00, 0x00, 0x80, 0x3f,
 0x00, 0x00, 0x80, 0x3f, 0x00, 0x00, 0x80, 0x3f, 0x00, 0x00, 0x80, 0x3f,
 0x00, 0x00, 0x80, 0x3f, 0x00, 0x00, 0x80, 0x3f, 0x00, 0x00, 0x80, 0x3f,
 0x00, 0x00, 0x80, 0x3f, 0x00, 0x00, 0x80, 0x3f, 0x00, 0x00, 0x80, 0x3f,
 0x00, 0x00, 0x80, 0x3f, 0x38, 0x24, 0x7c, 0x3e, 0xe9, 0x0d, 0x58, 0x3e,
 0x69, 0x7f, 0x4e, 0x3e, 0x00, 0x00, 0x80, 0x3f, 0x3b, 0xeb, 0x84, 0x3e,
 0x6b, 0xeb, 0x57, 0x3e, 0x00, 0x00, 0x80, 0x3f, 0xce, 0x96, 0x32, 0x3e,
 0x00, 0x00, 0x80, 0x3f, 0x00, 0x00, 0x80, 0x3f, 0x48, 0x97, 0x99, 0x3e,
 0x00, 0x00, 0x80, 0x3f, 0x27, 0xe4, 0x95, 0x3e, 0x00, 0x00, 0x80, 0x3f,
 0x89, 0x9c, 0x9c, 0x3e, 0xa8, 0x58, 0x8b, 0x3e, 0x48, 0x33, 0x47, 0x3e,
 0x00, 0x00, 0x80, 0x3f, 0xe6, 0x60, 0xd7, 0x3e, 0x10, 0x33, 0x53, 0x3e,
 0x00, 0x00, 0x80, 0x3f, 0xd4, 0x3c, 0x38, 0x3e, 0x00, 0x00, 0x80, 0x3f,
 0x00, 0x00, 0x80, 0x3f, 0x00, 0x00, 0x80, 0x3f, 0x4a, 0x5b, 0xef, 0x3e,
 0x7e, 0xbc, 0x60, 0x3e, 0x00, 0x00, 0x80, 0x3f, 0x01, 0x27, 0x4f, 0x3e,
 0x00, 0x00, 0x80, 0x3f, 0xe4, 0xd8, 0x76, 0x3e, 0x36, 0x33, 0x6a, 0x3e,
 0x18, 0xea, 0x62, 0x3e, 0x00, 0x00, 0x80, 0x3f, 0x00, 0x00, 0x80, 0x3f,
 0x00, 0x00, 0x80, 0x3f, 0xb5, 0x72, 0x96, 0x3e, 0x85, 0xee, 0x84, 0x3e,
 0xce, 0xe4, 0x80, 0x3e, 0x00, 0x00, 0x80, 0x3f, 0x89, 0x9c, 0x9c, 0x3e,
 0xa8, 0x58, 0x8b, 0x3e, 0x48, 0x33, 0x47, 0x3e, 0x00, 0x00, 0x80, 0x3f,
 0xd4, 0x3c, 0x38, 0x3e, 0x00, 0x00, 0x80, 0x3f, 0x31, 0x44, 0xc3, 0x3e,
 0xce, 0x6d, 0xa1, 0x3e, 0x00, 0x00, 0x80, 0x3f, 0x00, 0x00, 0x80, 0x3f,
 0x00, 0x00, 0x80, 0x3f, 0x95, 0x5e, 0x85, 0x3e, 0x00, 0x00, 0x80, 0x3f,
 0xb8, 0x78, 0x7b, 0x3e, 0x00, 0x00, 0x80, 0x3f, 0xd4, 0x3c, 0x38, 0x3e,
 0x00, 0x00, 0x80, 0x3f, 0x4a, 0x5b, 0xef, 0x3e, 0x7e, 0xbc, 0x60, 0x3e,
 0x00, 0x00, 0x80, 0x3f, 0x01, 0x27, 0x4f, 0x3e, 0x00, 0x00, 0x80, 0x3f,
 0xe4, 0xd8, 0x76, 0x3e, 0x36, 0x33, 0x6a, 0x3e, 0x18, 0xea, 0x62, 0x3e,
 0x00, 0x00, 0x80, 0x3f, 0x0c, 0xc7, 0xa4, 0x3e, 0x00, 0x00, 0x80, 0x3f,
 0x52, 0x23, 0x5c, 0x3e, 0x00, 0x00, 0x80, 0x3f, 0xe6, 0x60, 0xd7, 0x3e,
 0x10, 0x33, 0x53, 0x3e, 0x00, 0x00, 0x80, 0x3f, 0x27, 0xe4, 0x95, 0x3e,
 0x00, 0x00, 0x80, 0x3f, 0xce, 0x96, 0x32, 0x3e, 0x00, 0x00, 0x80, 0x3f,
 0x00, 0x00, 0x80, 0x3f, 0x00, 0x00, 0x80, 0x3f, 0x00, 0x00, 0x80, 0x3f,
 0x00, 0x00, 0x80, 0x3f, 0x38, 0x24, 0x7c, 0x3e, 0xe9, 0x0d, 0x58, 0x3e,
 0x69, 0x7f, 0x4e, 0x3e, 0x00, 0x00, 0x80, 0x3f, 0x3b, 0xeb, 0x84, 0x3e,
 0x6b, 0xeb, 0x57, 0x3e, 0x00, 0x00, 0x80, 0x3f, 0xce, 0x96, 0x32, 0x3e,
 0x00, 0x00, 0x80, 0x3f, 0x00, 0x00, 0x80, 0x3f, 0x48, 0x97, 0x99, 0x3e,
 0x00, 0x00, 0x80, 0x3f, 0x27, 0xe4, 0x95, 0x3e, 0x00, 0x00, 0x80, 0x3f,
 0x89, 0x9c, 0x9c, 0x3e, 0xa8, 0x58, 0x8b, 0x3e, 0x48, 0x33, 0x47, 0x3e,
 0x00, 0x00, 0x80, 0x3f, 0xe6, 0x60, 0xd7, 0x3e, 0x10, 0x33, 0x53, 0x3e,
 0x00, 0x00, 0x80, 0x3f, 0xd4, 0x3c, 0x38, 0x3e, 0x00, 0x00, 0x80, 0x3f,
 0x00, 0x00, 0x80, 0x3f, 0x00, 0x00, 0x80, 0x3f, 0x4a, 0x5b, 0xef, 0x3e,
 0x7e, 0xbc, 0x60, 0x3e, 0x00, 0x00, 0x80, 0x3f, 0x01, 0x27, 0x4f, 0x3e,
 0x00, 0x00, 0x80, 0x3f, 0xe4, 0xd8, 0x76, 0x3e, 0x36, 0x33, 0x6a, 0x3e,
 0x18, 0xea, 0x62, 0x3e, 0x00, 0x00, 0x80, 0x3f, 0x00, 0x00, 0x80, 0x3f,
 0x00, 0x00, 0x80, 0x3f, 0xb5, 0x72, 0x96, 0x3e, 0x85, 0xee, 0x84, 0x3e,
 0xce, 0xe4, 0x80, 0x3e, 0x00, 0x00, 0x80, 0x3f, 0x89, 0x9c, 0x9c, 0x3e,
 0xa8, 0x58, 0x8b, 0x3e, 0x48, 0x33, 0x47, 0x3e, 0x00, 0x00, 0x80, 0x3f,
 0xd4, 0x3c, 0x38, 0x3e, 0x00, 0x00, 0x80, 0x3f, 0x31, 0x44, 0xc3, 0x3e,
 0xce, 0x6d, 0xa1, 0x3e, 0x00, 0x00, 0x80, 0x3f, 0x00, 0x00, 0x80, 0x3f,
 0x00, 0x00, 0x80, 0x3f, 0x95, 0x5e, 0x85, 0x3e, 0x00, 0x00, 0x80, 0x3f,
 0x95, 0x5e, 0x85, 0x3e, 0x00, 0x00, 0x80, 0x3f, 0x31, 0x44, 0xc3, 0x3e,
 0xce, 0x6d, 0xa1, 0x3e, 0x00, 0x00, 0x80, 0x3f, 0x83, 0xaf, 0x81, 0x3e,
 0x00, 0x00, 0x80, 0x3f, 0x61, 0x86, 0x82, 0x3e, 0xfd, 0x03, 0x7f, 0x3e,
 0x00, 0x00, 0x80, 0x3f, 0x89, 0x9c, 0x9c, 0x3e, 0xa8, 0x58, 0x8b, 0x3e,
 0x48, 0x33, 0x47, 0x3e, 0x00, 0x00, 0x80, 0x3f, 0xb5, 0x72, 0x96, 0x3e,
 0x85, 0xee, 0x84, 0x3e, 0xce, 0xe4, 0x80, 0x3e, 0x00, 0x00, 0x80, 0x3f,
 0xce, 0x96, 0x32, 0x3e, 0x00, 0x00, 0x80, 0x3f, 0x00, 0x00, 0x80, 0x3f,
 0x00, 0x00, 0x80, 0x3f, 0x00, 0x00, 0x80, 0x3f, 0x00, 0x00, 0x80, 0x3f,
 0x00, 0x00, 0x80, 0x3f, 0x00, 0x00, 0x80, 0x3f, 0x00, 0x00, 0x80, 0x3f,
 0x00, 0x00, 0x80, 0x3f, 0x00, 0x00, 0x80, 0x3f, 0x00, 0x00, 0x80, 0x3f,
 0x00, 0x00, 0x80, 0x3f, 0x00, 0x00, 0x80, 0x3f, 0x00, 0x00, 0x80, 0x3f,
 0x00, 0x00, 0x80, 0x3f, 0x38, 0x24, 0x7c, 0x3e, 0xe9, 0x0d, 0x58, 0x3e,
 0x69, 0x7f, 0x4e, 0x3e, 0x00, 0x00, 0x80, 0x3f, 0x3b, 0xeb, 0x84, 0x3e,
 0x6b, 0xeb, 0x57, 0x3e, 0x00, 0x00, 0x80, 0x3f, 0xce, 0x96, 0x32, 0x3e,
 0x00, 0x00, 0x80, 0x3f, 0x00, 0x00, 0x80, 0x3f, 0x48, 0x97, 0x99, 0x3e,
 0x00, 0x00, 0x80, 0x3f, 0x27, 0xe4, 0x95, 0x3e, 0x00, 0x00, 0x80, 0x3f,
 0x89, 0x9c, 0x9c, 0x3e, 0xa8, 0x58, 0x8b, 0x3e, 0x48, 0x33, 0x47, 0x3e,
 0x00, 0x00, 0x80, 0x3f, 0xe6, 0x60, 0xd7, 0x3e, 0x10, 0x33, 0x53, 0x3e,
 0x00, 0x00, 0x80, 0x3f, 0xd4, 0x3c, 0x38, 0x3e, 0x00, 0x00, 0x80, 0x3f,
 0x00, 0x00, 0x80, 0x3f, 0x00, 0x00, 0x80, 0x3f, 0x4a, 0x5b, 0xef, 0x3e,
 0x7e, 0xbc, 0x60, 0x3e, 0x00, 0x00, 0x80, 0x3f, 0x01, 0x27, 0x4f, 0x3e,
 0x00, 0x00, 0x80, 0x3f, 0xe4, 0xd8, 0x76, 0x3e, 0x36, 0x33, 0x6a, 0x3e,
 0x18, 0xea, 0x62, 0x3e, 0x00, 0x00, 0x80, 0x3f, 0x00, 0x00, 0x80, 0x3f,
 0x00, 0x00, 0x80, 0x3f, 0xb5, 0x72, 0x96, 0x3e, 0x85, 0xee, 0x84, 0x3e,
 0xce, 0xe4, 0x80, 0x3e, 0x00, 0x00, 0x80, 0x3f, 0x89, 0x9c, 0x9c, 0x3e,
 0xa8, 0x58, 0x8b, 0x3e, 0x48, 0x33, 0x47, 0x3e, 0x00, 0x00, 0x80, 0x3f,
 0xd4, 0x3c, 0x38, 0x3e, 0x00, 0x00, 0x80, 0x3f, 0x31, 0x44, 0xc3, 0x3e,
 0xce, 0x6d, 0xa1, 0x3e, 0x00, 0x00, 0x80, 0x3f, 0x00, 0x00, 0x80, 0x3f,
 0x00, 0x00, 0x80, 0x3f, 0x95, 0x5e, 0x85, 0x3e, 0x00, 0x00, 0x80, 0x3f,
 0x9b, 0x15, 0x49, 0x3e, 0x00, 0x00, 0x80, 0x3f, 0x27, 0xe4, 0x95, 0x3e,
 0x00, 0x00, 0x80, 0x3f, 0x00, 0x00, 0x80, 0x3f, 0x00, 0x00, 0x80, 0x3f,
 0xe6, 0x60, 0xd7, 0x3e, 0x10, 0x33, 0x53, 0x3e, 0x00, 0x00, 0x80, 0x3f,
 0xb8, 0x78, 0x7b, 0x3e, 0x00, 0x00, 0x80, 0x3f, 0xd4, 0x3c, 0x38, 0x3e,
 0x00, 0x00, 0x80, 0x3f, 0x4a, 0x5b, 0xef, 0x3e, 0x7e, 0xbc, 0x60, 0x3e,
 0x00, 0x00, 0x80, 0x3f, 0x01, 0x27, 0x4f, 0x3e, 0x00, 0x00, 0x80, 0x3f,
 0xe4, 0xd8, 0x76, 0x3e, 0x36, 0x33, 0x6a, 0x3e, 0x18, 0xea, 0x62, 0x3e,
 0x00, 0x00, 0x80, 0x3f, 0x0c, 0xc7, 0xa4, 0x3e, 0x00, 0x00, 0x80, 0x3f,
 0x52, 0x23, 0x5c, 0x3e, 0x00, 0x00, 0x80, 0x3f, 0xe6, 0x60, 0xd7, 0x3e,
 0x10, 0x33, 0x53, 0x3e, 0x00, 0x00, 0x80, 0x3f, 0x27, 0xe4, 0x95, 0x3e,
 0x00, 0x00, 0x80, 0x3f, 0xce, 0x96, 0x32, 0x3e, 0x00, 0x00, 0x80, 0x3f,
 0x00, 0x00, 0x80, 0x3f, 0x00, 0x00, 0x80, 0x3f, 0x00, 0x00, 0x80, 0x3f,
 0x00, 0x00, 0x80, 0x3f, 0x38, 0x24, 0x7c, 0x3e, 0xe9, 0x0d, 0x58, 0x3e,
 0x69, 0x7f, 0x4e, 0x3e, 0x00, 0x00, 0x80, 0x3f, 0x3b, 0xeb, 0x84, 0x3e,
 0x6b, 0xeb, 0x57, 0x3e, 0x00, 0x00, 0x80, 0x3f, 0xce, 0x96, 0x32, 0x3e,
 0x00, 0x00, 0x80, 0x3f, 0x00, 0x00, 0x80, 0x3f, 0x48, 0x97, 0x99, 0x3e,
 0x00, 0x00, 0x80, 0x3f, 0x27, 0xe4, 0x95, 0x3e, 0x00, 0x00, 0x80, 0x3f,
 0x89, 0x9c, 0x9c, 0x3e, 0xa8, 0x58, 0x8b, 0x3e, 0x48, 0x33, 0x47, 0x3e,
 0x00, 0x00, 0x80, 0x3f, 0xe6, 0x60, 0xd7, 0x3e, 0x10, 0x33, 0x53, 0x3e,
 0x00, 0x00, 0x80, 0x3f, 0xd4, 0x3c, 0x38, 0x3e, 0x00, 0x00, 0x80, 0x3f,
 0x00, 0x00, 0x80, 0x3f, 0x00, 0x00, 0x80, 0x3f, 0x4a, 0x5b, 0xef, 0x3e,
 0x7e, 0xbc, 0x60, 0x3e, 0x00, 0x00, 0x80, 0x3f, 0x01, 0x27, 0x4f, 0x3e,
 0x00, 0x00, 0x80, 0x3f, 0xe4, 0xd8, 0x76, 0x3e, 0x36, 0x33, 0x6a, 0x3e,
 0x18, 0xea, 0x62, 0x3e, 0x00, 0x00, 0x80, 0x3f, 0x00, 0x00, 0x80, 0x3f,
 0x00, 0x00, 0x80, 0x3f, 0xb5, 0x72, 0x96, 0x3e, 0x85, 0xee, 0x84, 0x3e,
 0xce, 0xe4, 0x80, 0x3e, 0x00, 0x00, 0x80, 0x3f, 0x89, 0x9c, 0x9c, 0x3e,
 0xa8, 0x58, 0x8b, 0x3e, 0x48, 0x33, 0x47, 0x3e, 0x00, 0x00, 0x80, 0x3f,
 0xd4, 0x3c, 0x38, 0x3e, 0x00, 0x00, 0x80, 0x3f, 0x31, 0x44, 0xc3, 0x3e,
 0xce, 0x6d, 0xa1, 0x3e, 0x00, 0x00, 0x80, 0x3f, 0x00, 0x00, 0x80, 0x3f,
 0x00, 0x00, 0x80, 0x3f, 0x95, 0x5e, 0x85, 0x3e, 0x00, 0x00, 0x80, 0x3f,
 0x9b, 0x15, 0x49, 0x3e, 0x00, 0x00, 0x80, 0x3f, 0x27, 0xe4, 0x95, 0x3e,
 0x00, 0x00, 0x80, 0x3f, 0x00, 0x00, 0x80, 0x3f, 0x00, 0x00, 0x80, 0x3f,
 0xe6, 0x60, 0xd7, 0x3e, 0x10, 0x33, 0x53, 0x3e, 0x00, 0x00, 0x80, 0x3f,
 0x95, 0x5e, 0x85, 0x3e, 0x00, 0x00, 0x80, 0x3f, 0x31, 0x44, 0xc3, 0x3e,
 0xce, 0x6d, 0xa1, 0x3e, 0x00, 0x00, 0x80, 0x3f, 0x83, 0xaf, 0x81, 0x3e,
 0x00, 0x00, 0x80, 0x3f, 0x61, 0x86, 0x82, 0x3e, 0xfd, 0x03, 0x7f, 0x3e,
 0x00, 0x00, 0x80, 0x3f, 0x89, 0x9c, 0x9c, 0x3e, 0xa8, 0x58, 0x8b, 0x3e,
 0x48, 0x33, 0x47, 0x3e, 0x00, 0x00, 0x80, 0x3f, 0xb5, 0x72, 0x96, 0x3e,
 0x85, 0xee, 0x84, 0x3e, 0xce, 0xe4, 0x80, 0x3e, 0x00, 0x00, 0x80, 0x3f,
 0xce, 0x96, 0x32, 0x3e, 0x00, 0x00, 0x80, 0x3f, 0x00, 0x00, 0x80, 0x3f,
 0x00, 0x00, 0x80, 0x3f, 0x00, 0x00, 0x80, 0x3f, 0x00, 0x00, 0x80, 0x3f,
 0x38, 0x24, 0x7c, 0x3e, 0xe9, 0x0d, 0x58, 0x3e, 0x69, 0x7f, 0x4e, 0x3e,
 0x00, 0x00, 0x80, 0x3f, 0x3b, 0xeb, 0x84, 0x3e, 0x6b, 0xeb, 0x57, 0x3e,
 0x00, 0x00, 0x80, 0x3f, 0x24, 0xf7, 0x39, 0x3e, 0x00, 0x00, 0x80, 0x3f,
 0x86, 0x0a, 0x92, 0x3e, 0x46, 0x3e, 0x44, 0x3e, 0x00, 0x00, 0x80, 0x3f,
 0x53, 0xa9, 0xb1, 0x3e, 0x08, 0x3c, 0x9c, 0x3e, 0x00, 0x00, 0x80, 0x3f,
 0x0c, 0xc7, 0xa4, 0x3e, 0x00, 0x00, 0x80, 0x3f, 0x00, 0x00, 0x80, 0x3f,
 0x00, 0x00, 0x80, 0x3f, 0x52, 0x23, 0x5c, 0x3e, 0x00, 0x00, 0x80, 0x3f,
 0xb8, 0x78, 0x7b, 0x3e, 0x00, 0x00, 0x80, 0x3f, 0xd4, 0x3c, 0x38, 0x3e,
 0x00, 0x00, 0x80, 0x3f, 0x4a, 0x5b, 0xef, 0x3e, 0x7e, 0xbc, 0x60, 0x3e,
 0x00, 0x00, 0x80, 0x3f, 0x01, 0x27, 0x4f, 0x3e, 0x00, 0x00, 0x80, 0x3f,
 0xe4, 0xd8, 0x76, 0x3e, 0x36, 0x33, 0x6a, 0x3e, 0x18, 0xea, 0x62, 0x3e,
 0x00, 0x00, 0x80, 0x3f, 0x0c, 0xc7, 0xa4, 0x3e, 0x00, 0x00, 0x80, 0x3f,
 0x52, 0x23, 0x5c, 0x3e, 0x00, 0x00, 0x80, 0x3f, 0xe6, 0x60, 0xd7, 0x3e,
 0x10, 0x33, 0x53, 0x3e, 0x00, 0x00, 0x80, 0x3f, 0x27, 0xe4, 0x95, 0x3e,
 0x00, 0x00, 0x80, 0x3f, 0xce, 0x96, 0x32, 0x3e, 0x00, 0x00, 0x80, 0x3f,
 0x00, 0x00, 0x80, 0x3f, 0x00, 0x00, 0x80, 0x3f, 0x00, 0x00, 0x80, 0x3f,
 0x00, 0x00, 0x80, 0x3f, 0x00, 0x00, 0x80, 0x3f, 0x00, 0x00, 0x80, 0x3f,
 0x00, 0x00, 0x80, 0x3f, 0x00, 0x00, 0x80, 0x3f, 0x00, 0x00, 0x80, 0x3f,
 0x00, 0x00, 0x80, 0x3f, 0x00, 0x00, 0x80, 0x3f, 0x00, 0x00, 0x80, 0x3f,
 0x00, 0x00, 0x80, 0x3f, 0x00, 0x00, 0x80, 0x3f, 0x38, 0x24, 0x7c, 0x3e,
 0xe9, 0x0d, 0x58, 0x3e, 0x69, 0x7f, 0x4e, 0x3e, 0x00, 0x00, 0x80, 0x3f,
 0x3b, 0xeb, 0x84, 0x3e, 0x6b, 0xeb, 0x57, 0x3e, 0x00, 0x00, 0x80, 0x3f,
 0x24, 0xf7, 0x39, 0x3e, 0x00, 0x00, 0x80, 0x3f, 0x86, 0x0a, 0x92, 0x3e,
 0x46, 0x3e, 0x44, 0x3e, 0x00, 0x00, 0x80, 0x3f, 0x53, 0xa9, 0xb1, 0x3e,
 0x08, 0x3c, 0x9c, 0x3e, 0x00, 0x00, 0x80, 0x3f, 0x0c, 0xc7, 0xa4, 0x3e,
 0x00, 0x00, 0x80, 0x3f, 0x00, 0x00, 0x80, 0x3f, 0x00, 0x00, 0x80, 0x3f,
 0x52, 0x23, 0x5c, 0x3e, 0x00, 0x00, 0x80, 0x3f, 0x95, 0x5e, 0x85, 0x3e,
 0x00, 0x00, 0x80, 0x3f, 0x31, 0x44, 0xc3, 0x3e, 0xce, 0x6d, 0xa1, 0x3e,
 0x00, 0x00, 0x80, 0x3f, 0x83, 0xaf, 0x81, 0x3e, 0x00, 0x00, 0x80, 0x3f,
 0x61, 0x86, 0x82, 0x3e, 0xfd, 0x03, 0x7f, 0x3e, 0x00, 0x00, 0x80, 0x3f,
 0x89, 0x9c, 0x9c, 0x3e, 0xa8, 0x58, 0x8b, 0x3e, 0x48, 0x33, 0x47, 0x3e,
 0x00, 0x00, 0x80, 0x3f, 0xb5, 0x72, 0x96, 0x3e, 0x85, 0xee, 0x84, 0x3e,
 0xce, 0xe4, 0x80, 0x3e, 0x00, 0x00, 0x80, 0x3f, 0xce, 0x96, 0x32, 0x3e,
 0x00, 0x00, 0x80, 0x3f, 0x00, 0x00, 0x80, 0x3f, 0x00, 0x00, 0x80, 0x3f,
 0x00, 0x00, 0x80, 0x3f, 0x00, 0x00, 0x80, 0x3f, 0x00, 0x00, 0x80, 0x3f,
 0x00, 0x00, 0x80, 0x3f, 0x00, 0x00, 0x80, 0x3f, 0x00, 0x00, 0x80, 0x3f,
 0x00, 0x00, 0x80, 0x3f, 0x00, 0x00, 0x80, 0x3f, 0x00, 0x00, 0x80, 0x3f,
 0x00, 0x00, 0x80, 0x3f, 0x00, 0x00, 0x80, 0x3f, 0x00, 0x00, 0x80, 0x3f,
 0x38, 0x24, 0x7c, 0x3e, 0xe9, 0x0d, 0x58, 0x3e, 0x69, 0x7f, 0x4e, 0x3e,
 0x00, 0x00, 0x80, 0x3f, 0x3b, 0xeb, 0x84, 0x3e, 0x6b, 0xeb, 0x57, 0x3e,
 0x00, 0x00, 0x80, 0x3f, 0x24, 0xf7, 0x39, 0x3e, 0x00, 0x00, 0x80, 0x3f,
 0x86, 0x0a, 0x92, 0x3e, 0x46, 0x3e, 0x44, 0x3e, 0x00, 0x00, 0x80, 0x3f,
 0x53, 0xa9, 0xb1, 0x3e, 0x08, 0x3c, 0x9c, 0x3e, 0x00, 0x00, 0x80, 0x3f,
 0x0c, 0xc7, 0xa4, 0x3e, 0x00, 0x00, 0x80, 0x3f, 0x00, 0x00, 0x80, 0x3f,
 0x00, 0x00, 0x80, 0x3f, 0x52, 0x23, 0x5c, 0x3e, 0x00, 0x00, 0x80, 0x3f,
 0x9b, 0x15, 0x49, 0x3e, 0x00, 0x00, 0x80, 0x3f, 0x27, 0xe4, 0x95, 0x3e,
 0x00, 0x00, 0x80, 0x3f, 0x00, 0x00, 0x80, 0x3f, 0x00, 0x00, 0x80, 0x3f,
 0xe6, 0x60, 0xd7, 0x3e, 0x10, 0x33, 0x53, 0x3e, 0x00, 0x00, 0x80, 0x3f,
 0xb8, 0x78, 0x7b, 0x3e, 0x00, 0x00, 0x80, 0x3f, 0xd4, 0x3c, 0x38, 0x3e,
 0x00, 0x00, 0x80, 0x3f, 0x4a, 0x5b, 0xef, 0x3e, 0x7e, 0xbc, 0x60, 0x3e,
 0x00, 0x00, 0x80, 0x3f, 0x01, 0x27, 0x4f, 0x3e, 0x00, 0x00, 0x80, 0x3f,
 0xe4, 0xd8, 0x76, 0x3e, 0x36, 0x33, 0x6a, 0x3e, 0x18, 0xea, 0x62, 0x3e,
 0x00, 0x00, 0x80, 0x3f, 0x0c, 0xc7, 0xa4, 0x3e, 0x00, 0x00, 0x80, 0x3f,
 0x52, 0x23, 0x5c, 0x3e, 0x00, 0x00, 0x80, 0x3f, 0xe6, 0x60, 0xd7, 0x3e,
 0x10, 0x33, 0x53, 0x3e, 0x00, 0x00, 0x80, 0x3f, 0x27, 0xe4, 0x95, 0x3e,
 0x00, 0x00, 0x80, 0x3f, 0xce, 0x96, 0x32, 0x3e, 0x00, 0x00, 0x80, 0x3f,
 0x00, 0x00, 0x80, 0x3f, 0x00, 0x00, 0x80, 0x3f, 0x00, 0x00, 0x80, 0x3f,
 0x00, 0x00, 0x80, 0x3f, 0x00, 0x00, 0x80, 0x3f, 0x00, 0x00, 0x80, 0x3f,
 0x00, 0x00, 0x80, 0x3f, 0x00, 0x00, 0x80, 0x3f, 0x00, 0x00, 0x80, 0x3f,
 0x00, 0x00, 0x80, 0x3f, 0x00, 0x00, 0x80, 0x3f, 0x00, 0x00, 0x80, 0x3f,
 0x00, 0x00, 0x80, 0x3f, 0x00, 0x00, 0x80, 0x3f, 0x38, 0x24, 0x7c, 0x3e,
 0xe9, 0x0d, 0x58, 0x3e, 0x69, 0x7f, 0x4e, 0x3e, 0x00, 0x00, 0x80, 0x3f,
 0x3b, 0xeb, 0x84, 0x3e, 0x6b, 0xeb, 0x57, 0x3e, 0x00, 0x00, 0x80, 0x3f,
 0x24, 0xf7, 0x39, 0x3e, 0x00, 0x00, 0x80, 0x3f, 0x86, 0x0a, 0x92, 0x3e,
 0x46, 0x3e, 0x44, 0x3e, 0x00, 0x00, 0x80, 0x3f, 0x53, 0xa9, 0xb1, 0x3e,
 0x08, 0x3c, 0x9c, 0x3e, 0x00, 0x00, 0x80, 0x3f, 0x0c, 0xc7, 0xa4, 0x3e,
 0x00, 0x00, 0x80, 0x3f, 0x00, 0x00, 0x80, 0x3f, 0x00, 0x00, 0x80, 0x3f,
 0x52, 0x23, 0x5c, 0x3e, 0x00, 0x00, 0x80, 0x3f, 0x9b, 0x15, 0x49, 0x3e,
 0x00, 0x00, 0x80, 0x3f, 0x27, 0xe4, 0x95, 0x3e, 0x00, 0x00, 0x80, 0x3f,
 0x00, 0x00, 0x80, 0x3f, 0x00, 0x00, 0x80, 0x3f, 0xe6, 0x60, 0xd7, 0x3e,
 0x10, 0x33, 0x53, 0x3e, 0x00, 0x00, 0x80, 0x3f, 0x95, 0x5e, 0x85, 0x3e,
 0x00, 0x00, 0x80, 0x3f, 0x31, 0x44, 0xc3, 0x3e, 0xce, 0x6d, 0xa1, 0x3e,
 0x00, 0x00, 0x80, 0x3f, 0x83, 0xaf, 0x81, 0x3e, 0x00, 0x00, 0x80, 0x3f,
 0x61, 0x86, 0x82, 0x3e, 0xfd, 0x03, 0x7f, 0x3e, 0x00, 0x00, 0x80, 0x3f,
 0x89, 0x9c, 0x9c, 0x3e, 0xa8, 0x58, 0x8b, 0x3e, 0x48, 0x33, 0x47, 0x3e,
 0x00, 0x00, 0x80, 0x3f, 0xb5, 0x72, 0x96, 0x3e, 0x85, 0xee, 0x84, 0x3e,
 0xce, 0xe4, 0x80, 0x3e, 0x00, 0x00, 0x80, 0x3f, 0xce, 0x96, 0x32, 0x3e,
 0x00, 0x00, 0x80, 0x3f, 0x00, 0x00, 0x80, 0x3f, 0x00, 0x00, 0x80, 0x3f,
 0x00, 0x00, 0x80, 0x3f, 0x00, 0x00, 0x80, 0x3f, 0x00, 0x00, 0x80, 0x3f,
 0x00, 0x00, 0x80, 0x3f, 0x00, 0x00, 0x80, 0x3f, 0x00, 0x00, 0x80, 0x3f,
 0x00, 0x00, 0x80, 0x3f, 0x00, 0x00, 0x80, 0x3f, 0x00, 0x00, 0x80, 0x3f,
 0x00, 0x00, 0x80, 0x3f, 0x00, 0x00, 0x80, 0x3f, 0x00, 0x00, 0x80, 0x3f,
 0x38, 0x24, 0x7c, 0x3e, 0xe9, 0x0d, 0x58, 0x3e, 0x69, 0x7f, 0x4e, 0x3e,
 0x00, 0x00, 0x80, 0x3f, 0x3b, 0xeb, 0x84, 0x3e, 0x6b, 0xeb, 0x57, 0x3e,
 0x00, 0x00, 0x80, 0x3f, 0xce, 0x96, 0x32, 0x3e, 0x00, 0x00, 0x80, 0x3f,
 0x00, 0x00, 0x80, 0x3f, 0x48, 0x97, 0x99, 0x3e, 0x00, 0x00, 0x80, 0x3f,
 0x27, 0xe4, 0x95, 0x3e, 0x00, 0x00, 0x80, 0x3f, 0x89, 0x9c, 0x9c, 0x3e,
 0xa8, 0x58, 0x8b, 0x3e, 0x48, 0x33, 0x47, 0x3e, 0x00, 0x00, 0x80, 0x3f,
 0xe6, 0x60, 0xd7, 0x3e, 0x10, 0x33, 0x53, 0x3e, 0x00, 0x00, 0x80, 0x3f,
 0xd4, 0x3c, 0x38, 0x3e, 0x00, 0x00, 0x80, 0x3f, 0x00, 0x00, 0x80, 0x3f,
 0x00, 0x00, 0x80, 0x3f, 0x4a, 0x5b, 0xef, 0x3e, 0x7e, 0xbc, 0x60, 0x3e,
 0x00, 0x00, 0x80, 0x3f, 0x01, 0x27, 0x4f, 0x3e, 0x00, 0x00, 0x80, 0x3f,
 0xe4, 0xd8, 0x76, 0x3e, 0x36, 0x33, 0x6a, 0x3e, 0x18, 0xea, 0x62, 0x3e,
 0x00, 0x00, 0x80, 0x3f, 0x00, 0x00, 0x80, 0x3f, 0x00, 0x00, 0x80, 0x3f,
 0x24, 0xf7, 0x39, 0x3e, 0x00, 0x00, 0x80, 0x3f, 0x86, 0x0a, 0x92, 0x3e,
 0x46, 0x3e, 0x44, 0x3e, 0x00, 0x00, 0x80, 0x3f, 0x53, 0xa9, 0xb1, 0x3e,
 0x08, 0x3c, 0x9c, 0x3e, 0x00, 0x00, 0x80, 0x3f, 0x0c, 0xc7, 0xa4, 0x3e,
 0x00, 0x00, 0x80, 0x3f, 0x00, 0x00, 0x80, 0x3f, 0x00, 0x00, 0x80, 0x3f,
 0x52, 0x23, 0x5c, 0x3e, 0x00, 0x00, 0x80, 0x3f, 0xb8, 0x78, 0x7b, 0x3e,
 0x00, 0x00, 0x80, 0x3f, 0xd4, 0x3c, 0x38, 0x3e, 0x00, 0x00, 0x80, 0x3f,
 0x4a, 0x5b, 0xef, 0x3e, 0x7e, 0xbc, 0x60, 0x3e, 0x00, 0x00, 0x80, 0x3f,
 0x01, 0x27, 0x4f, 0x3e, 0x00, 0x00, 0x80, 0x3f, 0xe4, 0xd8, 0x76, 0x3e,
 0x36, 0x33, 0x6a, 0x3e, 0x18, 0xea, 0x62, 0x3e, 0x00, 0x00, 0x80, 0x3f,
 0x0c, 0xc7, 0xa4, 0x3e, 0x00, 0x00, 0x80, 0x3f, 0x52, 0x23, 0x5c, 0x3e,
 0x00, 0x00, 0x80, 0x3f, 0xe6, 0x60, 0xd7, 0x3e, 0x10, 0x33, 0x53, 0x3e,
 0x00, 0x00, 0x80, 0x3f, 0x27, 0xe4, 0x95, 0x3e, 0x00, 0x00, 0x80, 0x3f,
 0xce, 0x96, 0x32, 0x3e, 0x00, 0x00, 0x80, 0x3f, 0x00, 0x00, 0x80, 0x3f,
 0x00, 0x00, 0x80, 0x3f, 0x00, 0x00, 0x80, 0x3f, 0x00, 0x00, 0x80, 0x3f,
 0x38, 0x24, 0x7c, 0x3e, 0xe9, 0x0d, 0x58, 0x3e, 0x69, 0x7f, 0x4e, 0x3e,
 0x00, 0x00, 0x80, 0x3f, 0x3b, 0xeb, 0x84, 0x3e, 0x6b, 0xeb, 0x57, 0x3e,
 0x00, 0x00, 0x80, 0x3f, 0xce, 0x96, 0x32, 0x3e, 0x00, 0x00, 0x80, 0x3f,
 0x00, 0x00, 0x80, 0x3f, 0x48, 0x97, 0x99, 0x3e, 0x00, 0x00, 0x80, 0x3f,
 0x27, 0xe4, 0x95, 0x3e, 0x00, 0x00, 0x80, 0x3f, 0x89, 0x9c, 0x9c, 0x3e,
 0xa8, 0x58, 0x8b, 0x3e, 0x48, 0x33, 0x47, 0x3e, 0x00, 0x00, 0x80, 0x3f,
 0xe6, 0x60, 0xd7, 0x3e, 0x10, 0x33, 0x53, 0x3e, 0x00, 0x00, 0x80, 0x3f,
 0xd4, 0x3c, 0x38, 0x3e, 0x00, 0x00, 0x80, 0x3f, 0x00, 0x00, 0x80, 0x3f,
 0x00, 0x00, 0x80, 0x3f, 0x4a, 0x5b, 0xef, 0x3e, 0x7e, 0xbc, 0x60, 0x3e,
 0x00, 0x00, 0x80, 0x3f, 0x01, 0x27, 0x4f, 0x3e, 0x00, 0x00, 0x80, 0x3f,
 0xe4, 0xd8, 0x76, 0x3e, 0x36, 0x33, 0x6a, 0x3e, 0x18, 0xea, 0x62, 0x3e,
 0x00, 0x00, 0x80, 0x3f, 0x00, 0x00, 0x80, 0x3f, 0x00, 0x00, 0x80, 0x3f,
 0x24, 0xf7, 0x39, 0x3e, 0x00, 0x00, 0x80, 0x3f, 0x86, 0x0a, 0x92, 0x3e,
 0x46, 0x3e, 0x44, 0x3e, 0x00, 0x00, 0x80, 0x3f, 0x53, 0xa9, 0xb1, 0x3e,
 0x08, 0x3c, 0x9c, 0x3e, 0x00, 0x00, 0x80, 0x3f, 0x0c, 0xc7, 0xa4, 0x3e,
 0x00, 0x00, 0x80, 0x3f, 0x00, 0x00, 0x80, 0x3f, 0x00, 0x00, 0x80, 0x3f,
 0x52, 0x23, 0x5c, 0x3e, 0x00, 0x00, 0x80, 0x3f, 0x95, 0x5e, 0x85, 0x3e,
 0x00, 0x00, 0x80, 0x3f, 0x31, 0x44, 0xc3, 0x3e, 0xce, 0x6d, 0xa1, 0x3e,
 0x00, 0x00, 0x80, 0x3f, 0x83, 0xaf, 0x81, 0x3e, 0x00, 0x00, 0x80, 0x3f,
 0x61, 0x86, 0x82, 0x3e, 0xfd, 0x03, 0x7f, 0x3e, 0x00, 0x00, 0x80, 0x3f,
 0x89, 0x9c, 0x9c, 0x3e, 0xa8, 0x58, 0x8b, 0x3e, 0x48, 0x33, 0x47, 0x3e,
 0x00, 0x00, 0x80, 0x3f, 0xb5, 0x72, 0x96, 0x3e, 0x85, 0xee, 0x84, 0x3e,
 0xce, 0xe4, 0x80, 0x3e, 0x00, 0x00, 0x80, 0x3f, 0xce, 0x96, 0x32, 0x3e,
 0x00, 0x00, 0x80, 0x3f, 0x00, 0x00, 0x80, 0x3f, 0x00, 0x00, 0x80, 0x3f,
 0x00, 0x00, 0x80, 0x3f, 0x00, 0x00, 0x80, 0x3f, 0x00, 0x00, 0x80, 0x3f,
 0x00, 0x00, 0x80, 0x3f, 0x00, 0x00, 0x80, 0x3f, 0x00, 0x00, 0x80, 0x3f,
 0x00, 0x00, 0x80, 0x3f, 0x00, 0x00, 0x80, 0x3f, 0x00, 0x00, 0x80, 0x3f,
 0x00, 0x00, 0x80, 0x3f, 0x00, 0x00, 0x80, 0x3f, 0x00, 0x00, 0x80, 0x3f,
 0x38, 0x24, 0x7c, 0x3e, 0xe9, 0x0d, 0x58, 0x3e, 0x69, 0x7f, 0x4e, 0x3e,
 0x00, 0x00, 0x80, 0x3f, 0x3b, 0xeb, 0x84, 0x3e, 0x6b, 0xeb, 0x57, 0x3e,
 0x00, 0x00, 0x80, 0x3f, 0xce, 0x96, 0x32, 0x3e, 0x00, 0x00, 0x80, 0x3f,
 0x00, 0x00, 0x80, 0x3f, 0x48, 0x97, 0x99, 0x3e, 0x00, 0x00, 0x80, 0x3f,
 0x27, 0xe4, 0x95, 0x3e, 0x00, 0x00, 0x80, 0x3f, 0x89, 0x9c, 0x9c, 0x3e,
 0xa8, 0x58, 0x8b, 0x3e, 0x48, 0x33, 0x47, 0x3e, 0x00, 0x00, 0x80, 0x3f,
 0xe6, 0x60, 0xd7, 0x3e, 0x10, 0x33, 0x53, 0x3e, 0x00, 0x00, 0x80, 0x3f,
 0xd4, 0x3c, 0x38, 0x3e, 0x00, 0x00, 0x80, 0x3f, 0x00, 0x00, 0x80, 0x3f,
 0x00, 0x00, 0x80, 0x3f, 0x4a, 0x5b, 0xef, 0x3e, 0x7e, 0xbc, 0x60, 0x3e,
 0x00, 0x00, 0x80, 0x3f, 0x01, 0x27, 0x4f, 0x3e, 0x00, 0x00, 0x80, 0x3f,
 0xe4, 0xd8, 0x76, 0x3e, 0x36, 0x33, 0x6a, 0x3e, 0x18, 0xea, 0x62, 0x3e,
 0x00, 0x00, 0x80, 0x3f, 0x00, 0x00, 0x80, 0x3f, 0x00, 0x00, 0x80, 0x3f,
 0x24, 0xf7, 0x39, 0x3e, 0x00, 0x00, 0x80, 0x3f, 0x86, 0x0a, 0x92, 0x3e,
 0x46, 0x3e, 0x44, 0x3e, 0x00, 0x00, 0x80, 0x3f, 0x53, 0xa9, 0xb1, 0x3e,
 0x08, 0x3c, 0x9c, 0x3e, 0x00, 0x00, 0x80, 0x3f, 0x0c, 0xc7, 0xa4, 0x3e,
 0x00, 0x00, 0x80, 0x3f, 0x00, 0x00, 0x80, 0x3f, 0x00, 0x00, 0x80, 0x3f,
 0x52, 0x23, 0x5c, 0x3e, 0x00, 0x00, 0x80, 0x3f, 0x9b, 0x15, 0x49, 0x3e,
 0x00, 0x00, 0x80, 0x3f, 0x27, 0xe4, 0x95, 0x3e, 0x00, 0x00, 0x80, 0x3f,
 0x00, 0x00, 0x80, 0x3f, 0x00, 0x00, 0x80, 0x3f, 0xe6, 0x60, 0xd7, 0x3e,
 0x10, 0x33, 0x53, 0x3e, 0x00, 0x00, 0x80, 0x3f, 0xb8, 0x78, 0x7b, 0x3e,
 0x00, 0x00, 0x80, 0x3f, 0xd4, 0x3c, 0x38, 0x3e, 0x00, 0x00, 0x80, 0x3f,
 0x4a, 0x5b, 0xef, 0x3e, 0x7e, 0xbc, 0x60, 0x3e, 0x00, 0x00, 0x80, 0x3f,
 0x01, 0x27, 0x4f, 0x3e, 0x00, 0x00, 0x80, 0x3f, 0xe4, 0xd8, 0x76, 0x3e,
 0x36, 0x33, 0x6a, 0x3e, 0x18, 0xea, 0x62, 0x3e, 0x00, 0x00, 0x80, 0x3f,
 0x0c, 0xc7, 0xa4, 0x3e, 0x00, 0x00, 0x80, 0x3f, 0x52, 0x23, 0x5c, 0x3e,
 0x00, 0x00, 0x80, 0x3f, 0xe6, 0x60, 0xd7, 0x3e, 0x10, 0x33, 0x53, 0x3e,
 0x00, 0x00, 0x80, 0x3f, 0x27, 0xe4, 0x95, 0x3e, 0x00, 0x00, 0x80, 0x3f,
 0xce, 0x96, 0x32, 0x3e, 0x00, 0x00, 0x80, 0x3f, 0x00, 0x00, 0x80, 0x3f,
 0x00, 0x00, 0x80, 0x3f, 0x00, 0x00, 0x80, 0x3f, 0x00, 0x00, 0x80, 0x3f,
 0x38, 0x24, 0x7c, 0x3e, 0xe9, 0x0d, 0x58, 0x3e, 0x69, 0x7f, 0x4e, 0x3e,
 0x00, 0x00, 0x80, 0x3f, 0x3b, 0xeb, 0x84, 0x3e, 0x6b, 0xeb, 0x57, 0x3e,
 0x00, 0x00, 0x80, 0x3f, 0xce, 0x96, 0x32, 0x3e, 0x00, 0x00, 0x80, 0x3f,
 0x00, 0x00, 0x80, 0x3f, 0x48, 0x97, 0x99, 0x3e, 0x00, 0x00, 0x80, 0x3f,
 0x27, 0xe4, 0x95, 0x3e, 0x00, 0x00, 0x80, 0x3f, 0x89, 0x9c, 0x9c, 0x3e,
 0xa8, 0x58, 0x8b, 0x3e, 0x48, 0x33, 0x47, 0x3e, 0x00, 0x00, 0x80, 0x3f,
 0xe6, 0x60, 0xd7, 0x3e, 0x10, 0x33, 0x53, 0x3e, 0x00, 0x00, 0x80, 0x3f,
 0xd4, 0x3c, 0x38, 0x3e, 0x00, 0x00, 0x80, 0x3f, 0x00, 0x00, 0x80, 0x3f,
 0x00, 0x00, 0x80, 0x3f, 0x4a, 0x5b, 0xef, 0x3e, 0x7e, 0xbc, 0x60, 0x3e,
 0x00, 0x00, 0x80, 0x3f, 0x01, 0x27, 0x4f, 0x3e, 0x00, 0x00, 0x80, 0x3f,
 0xe4, 0xd8, 0x76, 0x3e, 0x36, 0x33, 0x6a, 0x3e, 0x18, 0xea, 0x62, 0x3e,
 0x00, 0x00, 0x80, 0x3f, 0x00, 0x00, 0x80, 0x3f, 0x00, 0x00, 0x80, 0x3f,
 0x24, 0xf7, 0x39, 0x3e, 0x00, 0x00, 0x80, 0x3f, 0x86, 0x0a, 0x92, 0x3e,
 0x46, 0x3e, 0x44, 0x3e, 0x00, 0x00, 0x80, 0x3f, 0x53, 0xa9, 0xb1, 0x3e,
 0x08, 0x3c, 0x9c, 0x3e, 0x00, 0x00, 0x80, 0x3f, 0x0c, 0xc7, 0xa4, 0x3e,
 0x00, 0x00, 0x80, 0x3f, 0x00, 0x00, 0x80, 0x3f, 0x00, 0x00, 0x80, 0x3f,
 0x52, 0x23, 0x5c, 0x3e, 0x00, 0x00, 0x80, 0x3f, 0x9b, 0x15, 0x49, 0x3e,
 0x00, 0x00, 0x80, 0x3f, 0x27, 0xe4, 0x95, 0x3e, 0x00, 0x00, 0x80, 0x3f,
 0x00, 0x00, 0x80, 0x3f, 0x00, 0x00, 0x80, 0x3f, 0xe6, 0x60, 0xd7, 0x3e,
 0x10, 0x33, 0x53, 0x3e, 0x00, 0x00, 0x80, 0x3f, 0x95, 0x5e, 0x85, 0x3e,
 0x00, 0x00, 0x80, 0x3f, 0x31, 0x44, 0xc3, 0x3e, 0xce, 0x6d, 0xa1, 0x3e,
 0x00, 0x00, 0x80, 0x3f, 0x83, 0xaf, 0x81, 0x3e, 0x00, 0x00, 0x80, 0x3f,
 0x61, 0x86, 0x82, 0x3e, 0xfd, 0x03, 0x7f, 0x3e, 0x00, 0x00, 0x80, 0x3f,
 0x89, 0x9c, 0x9c, 0x3e, 0xa8, 0x58, 0x8b, 0x3e, 0x48, 0x33, 0x47, 0x3e,
 0x00, 0x00, 0x80, 0x3f, 0xb5, 0x72, 0x96, 0x3e, 0x85, 0xee, 0x84, 0x3e,
 0xce, 0xe4, 0x80, 0x3e, 0x00, 0x00, 0x80, 0x3f, 0xce, 0x96, 0x32, 0x3e,
 0x00, 0x00, 0x80, 0x3f, 0x00, 0x00, 0x80, 0x3f, 0x00, 0x00, 0x80, 0x3f,
 0x00, 0x00, 0x80, 0x3f, 0x00, 0x00, 0x80, 0x3f, 0x38, 0x24, 0x7c, 0x3e,
 0xe9, 0x0d, 0x58, 0x3e, 0x69, 0x7f, 0x4e, 0x3e, 0x00, 0x00, 0x80, 0x3f,
 0x3b, 0xeb, 0x84, 0x3e, 0x6b, 0xeb, 0x57, 0x3e, 0x00, 0x00, 0x80, 0x3f,
 0xd4, 0x3c, 0x38, 0x3e, 0x00, 0x00, 0x80, 0x3f, 0xb5, 0x72, 0x96, 0x3e,
 0x85, 0xee, 0x84, 0x3e, 0xce, 0xe4, 0x80, 0x3e, 0x00, 0x00, 0x80, 0x3f,
 0x89, 0x9c, 0x9c, 0x3e, 0xa8, 0x58, 0x8b, 0x3e, 0x48, 0x33, 0x47, 0x3e,
 0x00, 0x00, 0x80, 0x3f, 0xce, 0x96, 0x32, 0x3e, 0x00, 0x00, 0x80, 0x3f,
 0x52, 0x23, 0x5c, 0x3e, 0x00, 0x00, 0x80, 0x3f, 0x00, 0x00, 0x80, 0x3f,
 0x00, 0x00, 0x80, 0x3f, 0x95, 0x5e, 0x85, 0x3e, 0x00, 0x00, 0x80, 0x3f,
 0x31, 0x44, 0xc3, 0x3e, 0xce, 0x6d, 0xa1, 0x3e, 0x00, 0x00, 0x80, 0x3f,
 0x83, 0xaf, 0x81, 0x3e, 0x00, 0x00, 0x80, 0x3f, 0x61, 0x86, 0x82, 0x3e,
 0xfd, 0x03, 0x7f, 0x3e, 0x00, 0x00, 0x80, 0x3f, 0x89, 0x9c, 0x9c, 0x3e,
 0xa8, 0x58, 0x8b, 0x3e, 0x48, 0x33, 0x47, 0x3e, 0x00, 0x00, 0x80, 0x3f,
 0xb5, 0x72, 0x96, 0x3e, 0x85, 0xee, 0x84, 0x3e, 0xce, 0xe4, 0x80, 0x3e,
 0x00, 0x00, 0x80, 0x3f, 0xce, 0x96, 0x32, 0x3e, 0x00, 0x00, 0x80, 0x3f,
 0x00, 0x00, 0x80, 0x3f, 0x00, 0x00, 0x80, 0x3f, 0x00, 0x00, 0x80, 0x3f,
 0x00, 0x00, 0x80, 0x3f, 0x00, 0x00, 0x80, 0x3f, 0x00, 0x00, 0x80, 0x3f,
 0x00, 0x00, 0x80, 0x3f, 0x00, 0x00, 0x80, 0x3f, 0x00, 0x00, 0x80, 0x3f,
 0x00, 0x00, 0x80, 0x3f, 0x00, 0x00, 0x80, 0x3f, 0x00, 0x00, 0x80, 0x3f,
 0x00, 0x00, 0x80, 0x3f, 0x00, 0x00, 0x80, 0x3f, 0x38, 0x24, 0x7c, 0x3e,
 0xe9, 0x0d, 0x58, 0x3e, 0x69, 0x7f, 0x4e, 0x3e, 0x00, 0x00, 0x80, 0x3f,
 0x3b, 0xeb, 0x84, 0x3e, 0x6b, 0xeb, 0x57, 0x3e, 0x00, 0x00, 0x80, 0x3f,
 0x52, 0x23, 0x5c, 0x3e, 0x00, 0x00, 0x80, 0x3f, 0x80, 0xd2, 0x33, 0x3e,
 0x00, 0x00, 0x80, 0x3f, 0xe6, 0x60, 0xd7, 0x3e, 0x10, 0x33, 0x53, 0x3e,
 0x00, 0x00, 0x80, 0x3f, 0x27, 0xe4, 0x95, 0x3e, 0x00, 0x00, 0x80, 0x3f,
 0x3b, 0xeb, 0x84, 0x3e, 0x6b, 0xeb, 0x57, 0x3e, 0x00, 0x00, 0x80, 0x3f,
 0x00, 0x00, 0x80, 0x3f, 0x00, 0x00, 0x80, 0x3f, 0x95, 0x5e, 0x85, 0x3e,
 0x00, 0x00, 0x80, 0x3f, 0x95, 0x5e, 0x85, 0x3e, 0x00, 0x00, 0x80, 0x3f,
 0xe4, 0xd8, 0x76, 0x3e, 0x36, 0x33, 0x6a, 0x3e, 0x18, 0xea, 0x62, 0x3e,
 0x00, 0x00, 0x80, 0x3f, 0x27, 0xe4, 0x95, 0x3e, 0x00, 0x00, 0x80, 0x3f,
 0xe6, 0x60, 0xd7, 0x3e, 0x10, 0x33, 0x53, 0x3e, 0x00, 0x00, 0x80, 0x3f,
 0x00, 0x00, 0x80, 0x3f, 0x00, 0x00, 0x80, 0x3f, 0xd4, 0x3c, 0x38, 0x3e,
 0x00, 0x00, 0x80, 0x3f, 0xb5, 0x72, 0x96, 0x3e, 0x85, 0xee, 0x84, 0x3e,
 0xce, 0xe4, 0x80, 0x3e, 0x00, 0x00, 0x80, 0x3f, 0x89, 0x9c, 0x9c, 0x3e,
 0xa8, 0x58, 0x8b, 0x3e, 0x48, 0x33, 0x47, 0x3e, 0x00, 0x00, 0x80, 0x3f,
 0xce, 0x96, 0x32, 0x3e, 0x00, 0x00, 0x80, 0x3f, 0x52, 0x23, 0x5c, 0x3e,
 0x00, 0x00, 0x80, 0x3f, 0x00, 0x00, 0x80, 0x3f, 0x00, 0x00, 0x80, 0x3f,
 0x95, 0x5e, 0x85, 0x3e, 0x00, 0x00, 0x80, 0x3f, 0x31, 0x44, 0xc3, 0x3e,
 0xce, 0x6d, 0xa1, 0x3e, 0x00, 0x00, 0x80, 0x3f, 0x83, 0xaf, 0x81, 0x3e,
 0x00, 0x00, 0x80, 0x3f, 0x61, 0x86, 0x82, 0x3e, 0xfd, 0x03, 0x7f, 0x3e,
 0x00, 0x00, 0x80, 0x3f, 0x89, 0x9c, 0x9c, 0x3e, 0xa8, 0x58, 0x8b, 0x3e,
 0x48, 0x33, 0x47, 0x3e, 0x00, 0x00, 0x80, 0x3f, 0xb5, 0x72, 0x96, 0x3e,
 0x85, 0xee, 0x84, 0x3e, 0xce, 0xe4, 0x80, 0x3e, 0x00, 0x00, 0x80, 0x3f,
 0xce, 0x96, 0x32, 0x3e, 0x00, 0x00, 0x80, 0x3f, 0x00, 0x00, 0x80, 0x3f,
 0x00, 0x00, 0x80, 0x3f, 0x00, 0x00, 0x80, 0x3f, 0x00, 0x00, 0x80, 0x3f,
 0x38, 0x24, 0x7c, 0x3e, 0xe9, 0x0d, 0x58, 0x3e, 0x69, 0x7f, 0x4e, 0x3e,
 0x00, 0x00, 0x80, 0x3f, 0x3b, 0xeb, 0x84, 0x3e, 0x6b, 0xeb, 0x57, 0x3e,
 0x00, 0x00, 0x80, 0x3f, 0x48, 0x97, 0x99, 0x3e, 0x00, 0x00, 0x80, 0x3f,
 0xce, 0x96, 0x32, 0x3e, 0x00, 0x00, 0x80, 0x3f, 0xad, 0x4c, 0x84, 0x3e,
 0x4f, 0x0a, 0x75, 0x3e, 0x00, 0x00, 0x80, 0x3f, 0x00, 0x00, 0x80, 0x3f,
 0x00, 0x00, 0x80, 0x3f, 0x95, 0x5e, 0x85, 0x3e, 0x00, 0x00, 0x80, 0x3f,
 0xe4, 0xd8, 0x76, 0x3e, 0x36, 0x33, 0x6a, 0x3e, 0x18, 0xea, 0x62, 0x3e,
 0x00, 0x00, 0x80, 0x3f, 0x27, 0xe4, 0x95, 0x3e, 0x00, 0x00, 0x80, 0x3f,
 0xe6, 0x60, 0xd7, 0x3e, 0x10, 0x33, 0x53, 0x3e, 0x00, 0x00, 0x80, 0x3f,
 0x00, 0x00, 0x80, 0x3f, 0x00, 0x00, 0x80, 0x3f, 0xd4, 0x3c, 0x38, 0x3e,
 0x00, 0x00, 0x80, 0x3f, 0xb5, 0x72, 0x96, 0x3e, 0x85, 0xee, 0x84, 0x3e,
 0xce, 0xe4, 0x80, 0x3e, 0x00, 0x00, 0x80, 0x3f, 0x89, 0x9c, 0x9c, 0x3e,
 0xa8, 0x58, 0x8b, 0x3e, 0x48, 0x33, 0x47, 0x3e, 0x00, 0x00, 0x80, 0x3f,
 0xce, 0x96, 0x32, 0x3e, 0x00, 0x00, 0x80, 0x3f, 0x52, 0x23, 0x5c, 0x3e,
 0x00, 0x00, 0x80, 0x3f, 0x00, 0x00, 0x80, 0x3f, 0x00, 0x00, 0x80, 0x3f,
 0x95, 0x5e, 0x85, 0x3e, 0x00, 0x00, 0x80, 0x3f, 0x31, 0x44, 0xc3, 0x3e,
 0xce, 0x6d, 0xa1, 0x3e, 0x00, 0x00, 0x80, 0x3f, 0x83, 0xaf, 0x81, 0x3e,
 0x00, 0x00, 0x80, 0x3f, 0x61, 0x86, 0x82, 0x3e, 0xfd, 0x03, 0x7f, 0x3e,
 0x00, 0x00, 0x80, 0x3f, 0x89, 0x9c, 0x9c, 0x3e, 0xa8, 0x58, 0x8b, 0x3e,
 0x48, 0x33, 0x47, 0x3e, 0x00, 0x00, 0x80, 0x3f, 0xb5, 0x72, 0x96, 0x3e,
 0x85, 0xee, 0x84, 0x3e, 0xce, 0xe4, 0x80, 0x3e, 0x00, 0x00, 0x80, 0x3f,
 0xce, 0x96, 0x32, 0x3e, 0x00, 0x00, 0x80, 0x3f, 0x00, 0x00, 0x80, 0x3f,
 0x00, 0x00, 0x80, 0x3f, 0x00, 0x00, 0x80, 0x3f, 0x00, 0x00, 0x80, 0x3f,
 0x00, 0x00, 0x80, 0x3f, 0x00, 0x00, 0x80, 0x3f, 0x00, 0x00, 0x80, 0x3f,
 0x00, 0x00, 0x80, 0x3f, 0x00, 0x00, 0x80, 0x3f, 0x00, 0x00, 0x80, 0x3f,
 0x00, 0x00, 0x80, 0x3f, 0x00, 0x00, 0x80, 0x3f, 0x00, 0x00, 0x80, 0x3f,
 0x00, 0x00, 0x80, 0x3f, 0x38, 0x24, 0x7c, 0x3e, 0xe9, 0x0d, 0x58, 0x3e,
 0x69, 0x7f, 0x4e, 0x3e, 0x00, 0x00, 0x80, 0x3f, 0x3b, 0xeb, 0x84, 0x3e,
 0x6b, 0xeb, 0x57, 0x3e, 0x00, 0x00, 0x80, 0x3f, 0xce, 0x96, 0x32, 0x3e,
 0x00, 0x00, 0x80, 0x3f, 0x00, 0x00, 0x80, 0x3f, 0x48, 0x97, 0x99, 0x3e,
 0x00, 0x00, 0x80, 0x3f, 0x27, 0xe4, 0x95, 0x3e, 0x00, 0x00, 0x80, 0x3f,
 0x89, 0x9c, 0x9c, 0x3e, 0xa8, 0x58, 0x8b, 0x3e, 0x48, 0x33, 0x47, 0x3e,
 0x00, 0x00, 0x80, 0x3f, 0xe6, 0x60, 0xd7, 0x3e, 0x10, 0x33, 0x53, 0x3e,
 0x00, 0x00, 0x80, 0x3f, 0xd4, 0x3c, 0x38, 0x3e, 0x00, 0x00, 0x80, 0x3f,
 0x00, 0x00, 0x80, 0x3f, 0x00, 0x00, 0x80, 0x3f, 0x4a, 0x5b, 0xef, 0x3e,
 0x7e, 0xbc, 0x60, 0x3e, 0x00, 0x00, 0x80, 0x3f, 0x01, 0x27, 0x4f, 0x3e,
 0x00, 0x00, 0x80, 0x3f, 0xe4, 0xd8, 0x76, 0x3e, 0x36, 0x33, 0x6a, 0x3e,
 0x18, 0xea, 0x62, 0x3e, 0x00, 0x00, 0x80, 0x3f, 0x00, 0x00, 0x80, 0x3f,
 0x00, 0x00, 0x80, 0x3f, 0xd4, 0x3c, 0x38, 0x3e, 0x00, 0x00, 0x80, 0x3f,
 0xb5, 0x72, 0x96, 0x3e, 0x85, 0xee, 0x84, 0x3e, 0xce, 0xe4, 0x80, 0x3e,
 0x00, 0x00, 0x80, 0x3f, 0x89, 0x9c, 0x9c, 0x3e, 0xa8, 0x58, 0x8b, 0x3e,
 0x48, 0x33, 0x47, 0x3e, 0x00, 0x00, 0x80, 0x3f, 0xce, 0x96, 0x32, 0x3e,
 0x00, 0x00, 0x80, 0x3f, 0x52, 0x23, 0x5c, 0x3e, 0x00, 0x00, 0x80, 0x3f,
 0x00, 0x00, 0x80, 0x3f, 0x00, 0x00, 0x80, 0x3f, 0x95, 0x5e, 0x85, 0x3e,
 0x00, 0x00, 0x80, 0x3f, 0x31, 0x44, 0xc3, 0x3e, 0xce, 0x6d, 0xa1, 0x3e,
 0x00, 0x00, 0x80, 0x3f, 0x83, 0xaf, 0x81, 0x3e, 0x00, 0x00, 0x80, 0x3f,
 0x61, 0x86, 0x82, 0x3e, 0xfd, 0x03, 0x7f, 0x3e, 0x00, 0x00, 0x80, 0x3f,
 0x89, 0x9c, 0x9c, 0x3e, 0xa8, 0x58, 0x8b, 0x3e, 0x48, 0x33, 0x47, 0x3e,
 0x00, 0x00, 0x80, 0x3f, 0xb5, 0x72, 0x96, 0x3e, 0x85, 0xee, 0x84, 0x3e,
 0xce, 0xe4, 0x80, 0x3e, 0x00, 0x00, 0x80, 0x3f, 0xce, 0x96, 0x32, 0x3e,
 0x00, 0x00, 0x80, 0x3f, 0x00, 0x00, 0x80, 0x3f, 0x00, 0x00, 0x80, 0x3f,
 0x00, 0x00, 0x80, 0x3f, 0x00, 0x00, 0x80, 0x3f, 0x38, 0x24, 0x7c, 0x3e,
 0xe9, 0x0d, 0x58, 0x3e, 0x69, 0x7f, 0x4e, 0x3e, 0x00, 0x00, 0x80, 0x3f,
 0x3b, 0xeb, 0x84, 0x3e, 0x6b, 0xeb, 0x57, 0x3e, 0x00, 0x00, 0x80, 0x3f,
 0xce, 0x96, 0x32, 0x3e, 0x00, 0x00, 0x80, 0x3f, 0x00, 0x00, 0x80, 0x3f,
 0x48, 0x97, 0x99, 0x3e, 0x00, 0x00, 0x80, 0x3f, 0x27, 0xe4, 0x95, 0x3e,
 0x00, 0x00, 0x80, 0x3f, 0x89, 0x9c, 0x9c, 0x3e, 0xa8, 0x58, 0x8b, 0x3e,
 0x48, 0x33, 0x47, 0x3e, 0x00, 0x00, 0x80, 0x3f, 0xe6, 0x60, 0xd7, 0x3e,
 0x10, 0x33, 0x53, 0x3e, 0x00, 0x00, 0x80, 0x3f, 0xd4, 0x3c, 0x38, 0x3e,
 0x00, 0x00, 0x80, 0x3f, 0x00, 0x00, 0x80, 0x3f, 0x00, 0x00, 0x80, 0x3f,
 0x4a, 0x5b, 0xef, 0x3e, 0x7e, 0xbc, 0x60, 0x3e, 0x00, 0x00, 0x80, 0x3f,
 0x01, 0x27, 0x4f, 0x3e, 0x00, 0x00, 0x80, 0x3f, 0xe4, 0xd8, 0x76, 0x3e,
 0x36, 0x33, 0x6a, 0x3e, 0x18, 0xea, 0x62, 0x3e, 0x00, 0x00, 0x80, 0x3f,
 0x00, 0x00, 0x80, 0x3f, 0x00, 0x00, 0x80, 0x3f, 0x52, 0x23, 0x5c, 0x3e,
 0x00, 0x00, 0x80, 0x3f, 0x80, 0xd2, 0x33, 0x3e, 0x00, 0x00, 0x80, 0x3f,
 0xe6, 0x60, 0xd7, 0x3e, 0x10, 0x33, 0x53, 0x3e, 0x00, 0x00, 0x80, 0x3f,
 0x27, 0xe4, 0x95, 0x3e, 0x00, 0x00, 0x80, 0x3f, 0x3b, 0xeb, 0x84, 0x3e,
 0x6b, 0xeb, 0x57, 0x3e, 0x00, 0x00, 0x80, 0x3f, 0x00, 0x00, 0x80, 0x3f,
 0x00, 0x00, 0x80, 0x3f, 0x95, 0x5e, 0x85, 0x3e, 0x00, 0x00, 0x80, 0x3f,
 0x95, 0x5e, 0x85, 0x3e, 0x00, 0x00, 0x80, 0x3f, 0xe4, 0xd8, 0x76, 0x3e,
 0x36, 0x33, 0x6a, 0x3e, 0x18, 0xea, 0x62, 0x3e, 0x00, 0x00, 0x80, 0x3f,
 0x27, 0xe4, 0x95, 0x3e, 0x00, 0x00, 0x80, 0x3f, 0xe6, 0x60, 0xd7, 0x3e,
 0x10, 0x33, 0x53, 0x3e, 0x00, 0x00, 0x80, 0x3f, 0x00, 0x00, 0x80, 0x3f,
 0x00, 0x00, 0x80, 0x3f, 0xd4, 0x3c, 0x38, 0x3e, 0x00, 0x00, 0x80, 0x3f,
 0xb5, 0x72, 0x96, 0x3e, 0x85, 0xee, 0x84, 0x3e, 0xce, 0xe4, 0x80, 0x3e,
 0x00, 0x00, 0x80, 0x3f, 0x89, 0x9c, 0x9c, 0x3e, 0xa8, 0x58, 0x8b, 0x3e,
 0x48, 0x33, 0x47, 0x3e, 0x00, 0x00, 0x80, 0x3f, 0xce, 0x96, 0x32, 0x3e,
 0x00, 0x00, 0x80, 0x3f, 0x52, 0x23, 0x5c, 0x3e, 0x00, 0x00, 0x80, 0x3f,
 0x00, 0x00, 0x80, 0x3f, 0x00, 0x00, 0x80, 0x3f, 0x95, 0x5e, 0x85, 0x3e,
 0x00, 0x00, 0x80, 0x3f, 0x31, 0x44, 0xc3, 0x3e, 0xce, 0x6d, 0xa1, 0x3e,
 0x00, 0x00, 0x80, 0x3f, 0x83, 0xaf, 0x81, 0x3e, 0x00, 0x00, 0x80, 0x3f,
 0x61, 0x86, 0x82, 0x3e, 0xfd, 0x03, 0x7f, 0x3e, 0x00, 0x00, 0x80, 0x3f,
 0x89, 0x9c, 0x9c, 0x3e, 0xa8, 0x58, 0x8b, 0x3e, 0x48, 0x33, 0x47, 0x3e,
 0x00, 0x00, 0x80, 0x3f, 0xb5, 0x72, 0x96, 0x3e, 0x85, 0xee, 0x84, 0x3e,
 0xce, 0xe4, 0x80, 0x3e, 0x00, 0x00, 0x80, 0x3f, 0xce, 0x96, 0x32, 0x3e,
 0x00, 0x00, 0x80, 0x3f, 0x00, 0x00, 0x80, 0x3f, 0x00, 0x00, 0x80, 0x3f,
 0x00, 0x00, 0x80, 0x3f, 0x00, 0x00, 0x80, 0x3f, 0x38, 0x24, 0x7c, 0x3e,
 0xe9, 0x0d, 0x58, 0x3e, 0x69, 0x7f, 0x4e, 0x3e, 0x00, 0x00, 0x80, 0x3f,
 0x3b, 0xeb, 0x84, 0x3e, 0x6b, 0xeb, 0x57, 0x3e, 0x00, 0x00, 0x80, 0x3f,
 0xce, 0x96, 0x32, 0x3e, 0x00, 0x00, 0x80, 0x3f, 0x00, 0x00, 0x80, 0x3f,
 0x48, 0x97, 0x99, 0x3e, 0x00, 0x00, 0x80, 0x3f, 0x27, 0xe4, 0x95, 0x3e,
 0x00, 0x00, 0x80, 0x3f, 0x89, 0x9c, 0x9c, 0x3e, 0xa8, 0x58, 0x8b, 0x3e,
 0x48, 0x33, 0x47, 0x3e, 0x00, 0x00, 0x80, 0x3f, 0xe6, 0x60, 0xd7, 0x3e,
 0x10, 0x33, 0x53, 0x3e, 0x00, 0x00, 0x80, 0x3f, 0xd4, 0x3c, 0x38, 0x3e,
 0x00, 0x00, 0x80, 0x3f, 0x00, 0x00, 0x80, 0x3f, 0x00, 0x00, 0x80, 0x3f,
 0x4a, 0x5b, 0xef, 0x3e, 0x7e, 0xbc, 0x60, 0x3e, 0x00, 0x00, 0x80, 0x3f,
 0x01, 0x27, 0x4f, 0x3e, 0x00, 0x00, 0x80, 0x3f, 0xe4, 0xd8, 0x76, 0x3e,
 0x36, 0x33, 0x6a, 0x3e, 0x18, 0xea, 0x62, 0x3e, 0x00, 0x00, 0x80, 0x3f,
 0x00, 0x00, 0x80, 0x3f, 0x00, 0x00, 0x80, 0x3f, 0x48, 0x97, 0x99, 0x3e,
 0x00, 0x00, 0x80, 0x3f, 0xce, 0x96, 0x32, 0x3e, 0x00, 0x00, 0x80, 0x3f,
 0xad, 0x4c, 0x84, 0x3e, 0x4f, 0x0a, 0x75, 0x3e, 0x00, 0x00, 0x80, 0x3f,
 0x00, 0x00, 0x80, 0x3f, 0x00, 0x00, 0x80, 0x3f, 0x95, 0x5e, 0x85, 0x3e,
 0x00, 0x00, 0x80, 0x3f, 0xe4, 0xd8, 0x76, 0x3e, 0x36, 0x33, 0x6a, 0x3e,
 0x18, 0xea, 0x62, 0x3e, 0x00, 0x00, 0x80, 0x3f, 0x27, 0xe4, 0x95, 0x3e,
 0x00, 0x00, 0x80, 0x3f, 0xe6, 0x60, 0xd7, 0x3e, 0x10, 0x33, 0x53, 0x3e,
 0x00, 0x00, 0x80, 0x3f, 0x00, 0x00, 0x80, 0x3f, 0x00, 0x00, 0x80, 0x3f,
 0xd4, 0x3c, 0x38, 0x3e, 0x00, 0x00, 0x80, 0x3f, 0xb5, 0x72, 0x96, 0x3e,
 0x85, 0xee, 0x84, 0x3e, 0xce, 0xe4, 0x80, 0x3e, 0x00, 0x00, 0x80, 0x3f,
 0x89, 0x9c, 0x9c, 0x3e, 0xa8, 0x58, 0x8b, 0x3e, 0x48, 0x33, 0x47, 0x3e,
 0x00, 0x00, 0x80, 0x3f, 0xce, 0x96, 0x32, 0x3e, 0x00, 0x00, 0x80, 0x3f,
 0x52, 0x23, 0x5c, 0x3e, 0x00, 0x00, 0x80, 0x3f, 0x00, 0x00, 0x80, 0x3f,
 0x00, 0x00, 0x80, 0x3f, 0x95, 0x5e, 0x85, 0x3e, 0x00, 0x00, 0x80, 0x3f,
 0x31, 0x44, 0xc3, 0x3e, 0xce, 0x6d, 0xa1, 0x3e, 0x00, 0x00, 0x80, 0x3f,
 0x83, 0xaf, 0x81, 0x3e, 0x00, 0x00, 0x80, 0x3f, 0x61, 0x86, 0x82, 0x3e,
 0xfd, 0x03, 0x7f, 0x3e, 0x00, 0x00, 0x80, 0x3f, 0x89, 0x9c, 0x9c, 0x3e,
 0xa8, 0x58, 0x8b, 0x3e, 0x48, 0x33, 0x47, 0x3e, 0x00, 0x00, 0x80, 0x3f,
 0xb5, 0x72, 0x96, 0x3e, 0x85, 0xee, 0x84, 0x3e, 0xce, 0xe4, 0x80, 0x3e,
 0x00, 0x00, 0x80, 0x3f, 0xce, 0x96, 0x32, 0x3e, 0x00, 0x00, 0x80, 0x3f,
 0x00, 0x00, 0x80, 0x3f, 0x00, 0x00, 0x80, 0x3f, 0x00, 0x00, 0x80, 0x3f,
 0x00, 0x00, 0x80, 0x3f, 0x38, 0x24, 0x7c, 0x3e, 0xe9, 0x0d, 0x58, 0x3e,
 0x69, 0x7f, 0x4e, 0x3e, 0x00, 0x00, 0x80, 0x3f, 0x3b, 0xeb, 0x84, 0x3e,
 0x6b, 0xeb, 0x57, 0x3e, 0x00, 0x00, 0x80, 0x3f, 0x24, 0xf7, 0x39, 0x3e,
 0x00, 0x00, 0x80, 0x3f, 0x83, 0xaf, 0x81, 0x3e, 0x00, 0x00, 0x80, 0x3f,
 0x61, 0x86, 0x82, 0x3e, 0xfd, 0x03, 0x7f, 0x3e, 0x00, 0x00, 0x80, 0x3f,
 0x01, 0x27, 0x4f, 0x3e, 0x00, 0x00, 0x80, 0x3f, 0x00, 0x00, 0x80, 0x3f,
 0x01, 0x27, 0x4f, 0x3e, 0x00, 0x00, 0x80, 0x3f, 0x27, 0xe4, 0x95, 0x3e,
 0x00, 0x00, 0x80, 0x3f, 0xe6, 0x60, 0xd7, 0x3e, 0x10, 0x33, 0x53, 0x3e,
 0x00, 0x00, 0x80, 0x3f, 0x52, 0x23, 0x5c, 0x3e, 0x00, 0x00, 0x80, 0x3f,
 0x00, 0x00, 0x80, 0x3f, 0x00, 0x00, 0x80, 0x3f, 0x95, 0x5e, 0x85, 0x3e,
 0x00, 0x00, 0x80, 0x3f, 0x31, 0x44, 0xc3, 0x3e, 0xce, 0x6d, 0xa1, 0x3e,
 0x00, 0x00, 0x80, 0x3f, 0x83, 0xaf, 0x81, 0x3e, 0x00, 0x00, 0x80, 0x3f,
 0x61, 0x86, 0x82, 0x3e, 0xfd, 0x03, 0x7f, 0x3e, 0x00, 0x00, 0x80, 0x3f,
 0x89, 0x9c, 0x9c, 0x3e, 0xa8, 0x58, 0x8b, 0x3e, 0x48, 0x33, 0x47, 0x3e,
 0x00, 0x00, 0x80, 0x3f, 0xb5, 0x72, 0x96, 0x3e, 0x85, 0xee, 0x84, 0x3e,
 0xce, 0xe4, 0x80, 0x3e, 0x00, 0x00, 0x80, 0x3f, 0xce, 0x96, 0x32, 0x3e,
 0x00, 0x00, 0x80, 0x3f, 0x00, 0x00, 0x80, 0x3f, 0x00, 0x00, 0x80, 0x3f,
 0x00, 0x00, 0x80, 0x3f, 0x00, 0x00, 0x80, 0x3f, 0x00, 0x00, 0x80, 0x3f,
 0x00, 0x00, 0x80, 0x3f, 0x00, 0x00, 0x80, 0x3f, 0x00, 0x00, 0x80, 0x3f,
 0x00, 0x00, 0x80, 0x3f, 0x00, 0x00, 0x80, 0x3f, 0x00, 0x00, 0x80, 0x3f,
 0x00, 0x00, 0x80, 0x3f, 0x00, 0x00, 0x80, 0x3f, 0x00, 0x00, 0x80, 0x3f,
 0x38, 0x24, 0x7c, 0x3e, 0xe9, 0x0d, 0x58, 0x3e, 0x69, 0x7f, 0x4e, 0x3e,
 0x00, 0x00, 0x80, 0x3f, 0x3b, 0xeb, 0x84, 0x3e, 0x6b, 0xeb, 0x57, 0x3e,
 0x00, 0x00, 0x80, 0x3f, 0x52, 0x23, 0x5c, 0x3e, 0x00, 0x00, 0x80, 0x3f,
 0x80, 0xd2, 0x33, 0x3e, 0x00, 0x00, 0x80, 0x3f, 0xe6, 0x60, 0xd7, 0x3e,
 0x10, 0x33, 0x53, 0x3e, 0x00, 0x00, 0x80, 0x3f, 0x27, 0xe4, 0x95, 0x3e,
 0x00, 0x00, 0x80, 0x3f, 0x3b, 0xeb, 0x84, 0x3e, 0x6b, 0xeb, 0x57, 0x3e,
 0x00, 0x00, 0x80, 0x3f, 0x00, 0x00, 0x80, 0x3f, 0x00, 0x00, 0x80, 0x3f,
 0x95, 0x5e, 0x85, 0x3e, 0x00, 0x00, 0x80, 0x3f, 0x95, 0x5e, 0x85, 0x3e,
 0x00, 0x00, 0x80, 0x3f, 0xe4, 0xd8, 0x76, 0x3e, 0x36, 0x33, 0x6a, 0x3e,
 0x18, 0xea, 0x62, 0x3e, 0x00, 0x00, 0x80, 0x3f, 0x27, 0xe4, 0x95, 0x3e,
 0x00, 0x00, 0x80, 0x3f, 0xe6, 0x60, 0xd7, 0x3e, 0x10, 0x33, 0x53, 0x3e,
 0x00, 0x00, 0x80, 0x3f, 0x00, 0x00, 0x80, 0x3f, 0x00, 0x00, 0x80, 0x3f,
 0x24, 0xf7, 0x39, 0x3e, 0x00, 0x00, 0x80, 0x3f, 0x83, 0xaf, 0x81, 0x3e,
 0x00, 0x00, 0x80, 0x3f, 0x61, 0x86, 0x82, 0x3e, 0xfd, 0x03, 0x7f, 0x3e,
 0x00, 0x00, 0x80, 0x3f, 0x01, 0x27, 0x4f, 0x3e, 0x00, 0x00, 0x80, 0x3f,
 0x00, 0x00, 0x80, 0x3f, 0x01, 0x27, 0x4f, 0x3e, 0x00, 0x00, 0x80, 0x3f,
 0x27, 0xe4, 0x95, 0x3e, 0x00, 0x00, 0x80, 0x3f, 0xe6, 0x60, 0xd7, 0x3e,
 0x10, 0x33, 0x53, 0x3e, 0x00, 0x00, 0x80, 0x3f, 0x52, 0x23, 0x5c, 0x3e,
 0x00, 0x00, 0x80, 0x3f, 0x00, 0x00, 0x80, 0x3f, 0x00, 0x00, 0x80, 0x3f,
 0x95, 0x5e, 0x85, 0x3e, 0x00, 0x00, 0x80, 0x3f, 0x31, 0x44, 0xc3, 0x3e,
 0xce, 0x6d, 0xa1, 0x3e, 0x00, 0x00, 0x80, 0x3f, 0x83, 0xaf, 0x81, 0x3e,
 0x00, 0x00, 0x80, 0x3f, 0x61, 0x86, 0x82, 0x3e, 0xfd, 0x03, 0x7f, 0x3e,
 0x00, 0x00, 0x80, 0x3f, 0x89, 0x9c, 0x9c, 0x3e, 0xa8, 0x58, 0x8b, 0x3e,
 0x48, 0x33, 0x47, 0x3e, 0x00, 0x00, 0x80, 0x3f, 0xb5, 0x72, 0x96, 0x3e,
 0x85, 0xee, 0x84, 0x3e, 0xce, 0xe4, 0x80, 0x3e, 0x00, 0x00, 0x80, 0x3f,
 0xce, 0x96, 0x32, 0x3e, 0x00, 0x00, 0x80, 0x3f, 0x00, 0x00, 0x80, 0x3f,
 0x00, 0x00, 0x80, 0x3f, 0x00, 0x00, 0x80, 0x3f, 0x00, 0x00, 0x80, 0x3f,
 0x38, 0x24, 0x7c, 0x3e, 0xe9, 0x0d, 0x58, 0x3e, 0x69, 0x7f, 0x4e, 0x3e,
 0x00, 0x00, 0x80, 0x3f, 0x3b, 0xeb, 0x84, 0x3e, 0x6b, 0xeb, 0x57, 0x3e,
 0x00, 0x00, 0x80, 0x3f, 0x48, 0x97, 0x99, 0x3e, 0x00, 0x00, 0x80, 0x3f,
 0xce, 0x96, 0x32, 0x3e, 0x00, 0x00, 0x80, 0x3f, 0xad, 0x4c, 0x84, 0x3e,
 0x4f, 0x0a, 0x75, 0x3e, 0x00, 0x00, 0x80, 0x3f, 0x00, 0x00, 0x80, 0x3f,
 0x00, 0x00, 0x80, 0x3f, 0x95, 0x5e, 0x85, 0x3e, 0x00, 0x00, 0x80, 0x3f,
 0xe4, 0xd8, 0x76, 0x3e, 0x36, 0x33, 0x6a, 0x3e, 0x18, 0xea, 0x62, 0x3e,
 0x00, 0x00, 0x80, 0x3f, 0x27, 0xe4, 0x95, 0x3e, 0x00, 0x00, 0x80, 0x3f,
 0xe6, 0x60, 0xd7, 0x3e, 0x10, 0x33, 0x53, 0x3e, 0x00, 0x00, 0x80, 0x3f,
 0x00, 0x00, 0x80, 0x3f, 0x00, 0x00, 0x80, 0x3f, 0x24, 0xf7, 0x39, 0x3e,
 0x00, 0x00, 0x80, 0x3f, 0x83, 0xaf, 0x81, 0x3e, 0x00, 0x00, 0x80, 0x3f,
 0x61, 0x86, 0x82, 0x3e, 0xfd, 0x03, 0x7f, 0x3e, 0x00, 0x00, 0x80, 0x3f,
 0x01, 0x27, 0x4f, 0x3e, 0x00, 0x00, 0x80, 0x3f, 0x00, 0x00, 0x80, 0x3f,
 0x01, 0x27, 0x4f, 0x3e, 0x00, 0x00, 0x80, 0x3f, 0x27, 0xe4, 0x95, 0x3e,
 0x00, 0x00, 0x80, 0x3f, 0xe6, 0x60, 0xd7, 0x3e, 0x10, 0x33, 0x53, 0x3e,
 0x00, 0x00, 0x80, 0x3f, 0x52, 0x23, 0x5c, 0x3e, 0x00, 0x00, 0x80, 0x3f,
 0x00, 0x00, 0x80, 0x3f, 0x00, 0x00, 0x80, 0x3f, 0x95, 0x5e, 0x85, 0x3e,
 0x00, 0x00, 0x80, 0x3f, 0x31, 0x44, 0xc3, 0x3e, 0xce, 0x6d, 0xa1, 0x3e,
 0x00, 0x00, 0x80, 0x3f, 0x83, 0xaf, 0x81, 0x3e, 0x00, 0x00, 0x80, 0x3f,
 0x61, 0x86, 0x82, 0x3e, 0xfd, 0x03, 0x7f, 0x3e, 0x00, 0x00, 0x80, 0x3f,
 0x89, 0x9c, 0x9c, 0x3e, 0xa8, 0x58, 0x8b, 0x3e, 0x48, 0x33, 0x47, 0x3e,
 0x00, 0x00, 0x80, 0x3f, 0xb5, 0x72, 0x96, 0x3e, 0x85, 0xee, 0x84, 0x3e,
 0xce, 0xe4, 0x80, 0x3e, 0x00, 0x00, 0x80, 0x3f, 0xce, 0x96, 0x32, 0x3e,
 0x00, 0x00, 0x80, 0x3f, 0x00, 0x00, 0x80, 0x3f, 0x00, 0x00, 0x80, 0x3f,
 0x00, 0x00, 0x80, 0x3f, 0x00, 0x00, 0x80, 0x3f, 0x38, 0x24, 0x7c, 0x3e,
 0xe9, 0x0d, 0x58, 0x3e, 0x69, 0x7f, 0x4e, 0x3e, 0x00, 0x00, 0x80, 0x3f,
 0x3b, 0xeb, 0x84, 0x3e, 0x6b, 0xeb, 0x57, 0x3e, 0x00, 0x00, 0x80, 0x3f,
 0xce, 0x96, 0x32, 0x3e, 0x00, 0x00, 0x80, 0x3f, 0x00, 0x00, 0x80, 0x3f,
 0x48, 0x97, 0x99, 0x3e, 0x00, 0x00, 0x80, 0x3f, 0x27, 0xe4, 0x95, 0x3e,
 0x00, 0x00, 0x80, 0x3f, 0x89, 0x9c, 0x9c, 0x3e, 0xa8, 0x58, 0x8b, 0x3e,
 0x48, 0x33, 0x47, 0x3e, 0x00, 0x00, 0x80, 0x3f, 0xe6, 0x60, 0xd7, 0x3e,
 0x10, 0x33, 0x53, 0x3e, 0x00, 0x00, 0x80, 0x3f, 0xd4, 0x3c, 0x38, 0x3e,
 0x00, 0x00, 0x80, 0x3f, 0x00, 0x00, 0x80, 0x3f, 0x00, 0x00, 0x80, 0x3f,
 0x4a, 0x5b, 0xef, 0x3e, 0x7e, 0xbc, 0x60, 0x3e, 0x00, 0x00, 0x80, 0x3f,
 0x01, 0x27, 0x4f, 0x3e, 0x00, 0x00, 0x80, 0x3f, 0xe4, 0xd8, 0x76, 0x3e,
 0x36, 0x33, 0x6a, 0x3e, 0x18, 0xea, 0x62, 0x3e, 0x00, 0x00, 0x80, 0x3f,
 0x00, 0x00, 0x80, 0x3f, 0x00, 0x00, 0x80, 0x3f, 0x24, 0xf7, 0x39, 0x3e,
 0x00, 0x00, 0x80, 0x3f, 0x83, 0xaf, 0x81, 0x3e, 0x00, 0x00, 0x80, 0x3f,
 0x61, 0x86, 0x82, 0x3e, 0xfd, 0x03, 0x7f, 0x3e, 0x00, 0x00, 0x80, 0x3f,
 0x01, 0x27, 0x4f, 0x3e, 0x00, 0x00, 0x80, 0x3f, 0x00, 0x00, 0x80, 0x3f,
 0x01, 0x27, 0x4f, 0x3e, 0x00, 0x00, 0x80, 0x3f, 0x27, 0xe4, 0x95, 0x3e,
 0x00, 0x00, 0x80, 0x3f, 0xe6, 0x60, 0xd7, 0x3e, 0x10, 0x33, 0x53, 0x3e,
 0x00, 0x00, 0x80, 0x3f, 0x52, 0x23, 0x5c, 0x3e, 0x00, 0x00, 0x80, 0x3f,
 0x00, 0x00, 0x80, 0x3f, 0x00, 0x00, 0x80, 0x3f, 0x95, 0x5e, 0x85, 0x3e,
 0x00, 0x00, 0x80, 0x3f, 0x31, 0x44, 0xc3, 0x3e, 0xce, 0x6d, 0xa1, 0x3e,
 0x00, 0x00, 0x80, 0x3f, 0x83, 0xaf, 0x81, 0x3e, 0x00, 0x00, 0x80, 0x3f,
 0x61, 0x86, 0x82, 0x3e, 0xfd, 0x03, 0x7f, 0x3e, 0x00, 0x00, 0x80, 0x3f,
 0x89, 0x9c, 0x9c, 0x3e, 0xa8, 0x58, 0x8b, 0x3e, 0x48, 0x33, 0x47, 0x3e,
 0x00, 0x00, 0x80, 0x3f, 0xb5, 0x72, 0x96, 0x3e, 0x85, 0xee, 0x84, 0x3e,
 0xce, 0xe4, 0x80, 0x3e, 0x00, 0x00, 0x80, 0x3f, 0xce, 0x96, 0x32, 0x3e,
 0x00, 0x00, 0x80, 0x3f, 0x00, 0x00, 0x80, 0x3f, 0x00, 0x00, 0x80, 0x3f,
 0x00, 0x00, 0x80, 0x3f, 0x00, 0x00, 0x80, 0x3f, 0x38, 0x24, 0x7c, 0x3e,
 0xe9, 0x0d, 0x58, 0x3e, 0x69, 0x7f, 0x4e, 0x3e, 0x00, 0x00, 0x80, 0x3f,
 0x3b, 0xeb, 0x84, 0x3e, 0x6b, 0xeb, 0x57, 0x3e, 0x00, 0x00, 0x80, 0x3f,
 0xce, 0x96, 0x32, 0x3e, 0x00, 0x00, 0x80, 0x3f, 0x00, 0x00, 0x80, 0x3f,
 0x48, 0x97, 0x99, 0x3e, 0x00, 0x00, 0x80, 0x3f, 0x27, 0xe4, 0x95, 0x3e,
 0x00, 0x00, 0x80, 0x3f, 0x89, 0x9c, 0x9c, 0x3e, 0xa8, 0x58, 0x8b, 0x3e,
 0x48, 0x33, 0x47, 0x3e, 0x00, 0x00, 0x80, 0x3f, 0xe6, 0x60, 0xd7, 0x3e,
 0x10, 0x33, 0x53, 0x3e, 0x00, 0x00, 0x80, 0x3f, 0xd4, 0x3c, 0x38, 0x3e,
 0x00, 0x00, 0x80, 0x3f, 0x00, 0x00, 0x80, 0x3f, 0x00, 0x00, 0x80, 0x3f,
 0x4a, 0x5b, 0xef, 0x3e, 0x7e, 0xbc, 0x60, 0x3e, 0x00, 0x00, 0x80, 0x3f,
 0x01, 0x27, 0x4f, 0x3e, 0x00, 0x00, 0x80, 0x3f, 0xe4, 0xd8, 0x76, 0x3e,
 0x36, 0x33, 0x6a, 0x3e, 0x18, 0xea, 0x62, 0x3e, 0x00, 0x00, 0x80, 0x3f,
 0x00, 0x00, 0x80, 0x3f, 0x00, 0x00, 0x80, 0x3f, 0x52, 0x23, 0x5c, 0x3e,
 0x00, 0x00, 0x80, 0x3f, 0x80, 0xd2, 0x33, 0x3e, 0x00, 0x00, 0x80, 0x3f,
 0xe6, 0x60, 0xd7, 0x3e, 0x10, 0x33, 0x53, 0x3e, 0x00, 0x00, 0x80, 0x3f,
 0x27, 0xe4, 0x95, 0x3e, 0x00, 0x00, 0x80, 0x3f, 0x3b, 0xeb, 0x84, 0x3e,
 0x6b, 0xeb, 0x57, 0x3e, 0x00, 0x00, 0x80, 0x3f, 0x00, 0x00, 0x80, 0x3f,
 0x00, 0x00, 0x80, 0x3f, 0x95, 0x5e, 0x85, 0x3e, 0x00, 0x00, 0x80, 0x3f,
 0x95, 0x5e, 0x85, 0x3e, 0x00, 0x00, 0x80, 0x3f, 0xe4, 0xd8, 0x76, 0x3e,
 0x36, 0x33, 0x6a, 0x3e, 0x18, 0xea, 0x62, 0x3e, 0x00, 0x00, 0x80, 0x3f,
 0x27, 0xe4, 0x95, 0x3e, 0x00, 0x00, 0x80, 0x3f, 0xe6, 0x60, 0xd7, 0x3e,
 0x10, 0x33, 0x53, 0x3e, 0x00, 0x00, 0x80, 0x3f, 0x00, 0x00, 0x80, 0x3f,
 0x00, 0x00, 0x80, 0x3f, 0x24, 0xf7, 0x39, 0x3e, 0x00, 0x00, 0x80, 0x3f,
 0x83, 0xaf, 0x81, 0x3e, 0x00, 0x00, 0x80, 0x3f, 0x61, 0x86, 0x82, 0x3e,
 0xfd, 0x03, 0x7f, 0x3e, 0x00, 0x00, 0x80, 0x3f, 0x01, 0x27, 0x4f, 0x3e,
 0x00, 0x00, 0x80, 0x3f, 0x00, 0x00, 0x80, 0x3f, 0x01, 0x27, 0x4f, 0x3e,
 0x00, 0x00, 0x80, 0x3f, 0x27, 0xe4, 0x95, 0x3e, 0x00, 0x00, 0x80, 0x3f,
 0xe6, 0x60, 0xd7, 0x3e, 0x10, 0x33, 0x53, 0x3e, 0x00, 0x00, 0x80, 0x3f,
 0x52, 0x23, 0x5c, 0x3e, 0x00, 0x00, 0x80, 0x3f, 0x00, 0x00, 0x80, 0x3f,
 0x00, 0x00, 0x80, 0x3f, 0x95, 0x5e, 0x85, 0x3e, 0x00, 0x00, 0x80, 0x3f,
 0x31, 0x44, 0xc3, 0x3e, 0xce, 0x6d, 0xa1, 0x3e, 0x00, 0x00, 0x80, 0x3f,
 0x83, 0xaf, 0x81, 0x3e, 0x00, 0x00, 0x80, 0x3f, 0x61, 0x86, 0x82, 0x3e,
 0xfd, 0x03, 0x7f, 0x3e, 0x00, 0x00, 0x80, 0x3f, 0x89, 0x9c, 0x9c, 0x3e,
 0xa8, 0x58, 0x8b, 0x3e, 0x48, 0x33, 0x47, 0x3e, 0x00, 0x00, 0x80, 0x3f,
 0xb5, 0x72, 0x96, 0x3e, 0x85, 0xee, 0x84, 0x3e, 0xce, 0xe4, 0x80, 0x3e,
 0x00, 0x00, 0x80, 0x3f, 0xce, 0x96, 0x32, 0x3e, 0x00, 0x00, 0x80, 0x3f,
 0x00, 0x00, 0x80, 0x3f, 0x00, 0x00, 0x80, 0x3f, 0x00, 0x00, 0x80, 0x3f,
 0x00, 0x00, 0x80, 0x3f, 0x38, 0x24, 0x7c, 0x3e, 0xe9, 0x0d, 0x58, 0x3e,
 0x69, 0x7f, 0x4e, 0x3e, 0x00, 0x00, 0x80, 0x3f, 0x3b, 0xeb, 0x84, 0x3e,
 0x6b, 0xeb, 0x57, 0x3e, 0x00, 0x00, 0x80, 0x3f, 0xce, 0x96, 0x32, 0x3e,
 0x00, 0x00, 0x80, 0x3f, 0x00, 0x00, 0x80, 0x3f, 0x48, 0x97, 0x99, 0x3e,
 0x00, 0x00, 0x80, 0x3f, 0x27, 0xe4, 0x95, 0x3e, 0x00, 0x00, 0x80, 0x3f,
 0x89, 0x9c, 0x9c, 0x3e, 0xa8, 0x58, 0x8b, 0x3e, 0x48, 0x33, 0x47, 0x3e,
 0x00, 0x00, 0x80, 0x3f, 0xe6, 0x60, 0xd7, 0x3e, 0x10, 0x33, 0x53, 0x3e,
 0x00, 0x00, 0x80, 0x3f, 0xd4, 0x3c, 0x38, 0x3e, 0x00, 0x00, 0x80, 0x3f,
 0x00, 0x00, 0x80, 0x3f, 0x00, 0x00, 0x80, 0x3f, 0x4a, 0x5b, 0xef, 0x3e,
 0x7e, 0xbc, 0x60, 0x3e, 0x00, 0x00, 0x80, 0x3f, 0x01, 0x27, 0x4f, 0x3e,
 0x00, 0x00, 0x80, 0x3f, 0xe4, 0xd8, 0x76, 0x3e, 0x36, 0x33, 0x6a, 0x3e,
 0x18, 0xea, 0x62, 0x3e, 0x00, 0x00, 0x80, 0x3f, 0x00, 0x00, 0x80, 0x3f,
 0x00, 0x00, 0x80, 0x3f, 0x48, 0x97, 0x99, 0x3e, 0x00, 0x00, 0x80, 0x3f,
 0xce, 0x96, 0x32, 0x3e, 0x00, 0x00, 0x80, 0x3f, 0xad, 0x4c, 0x84, 0x3e,
 0x4f, 0x0a, 0x75, 0x3e, 0x00, 0x00, 0x80, 0x3f, 0x00, 0x00, 0x80, 0x3f,
 0x00, 0x00, 0x80, 0x3f, 0x95, 0x5e, 0x85, 0x3e, 0x00, 0x00, 0x80, 0x3f,
 0xe4, 0xd8, 0x76, 0x3e, 0x36, 0x33, 0x6a, 0x3e, 0x18, 0xea, 0x62, 0x3e,
 0x00, 0x00, 0x80, 0x3f, 0x27, 0xe4, 0x95, 0x3e, 0x00, 0x00, 0x80, 0x3f,
 0xe6, 0x60, 0xd7, 0x3e, 0x10, 0x33, 0x53, 0x3e, 0x00, 0x00, 0x80, 0x3f,
 0x00, 0x00, 0x80, 0x3f, 0x00, 0x00, 0x80, 0x3f, 0x24, 0xf7, 0x39, 0x3e,
 0x00, 0x00, 0x80, 0x3f, 0x83, 0xaf, 0x81, 0x3e, 0x00, 0x00, 0x80, 0x3f,
 0x61, 0x86, 0x82, 0x3e, 0xfd, 0x03, 0x7f, 0x3e, 0x00, 0x00, 0x80, 0x3f,
 0x01, 0x27, 0x4f, 0x3e, 0x00, 0x00, 0x80, 0x3f, 0x00, 0x00, 0x80, 0x3f,
 0x01, 0x27, 0x4f, 0x3e, 0x00, 0x00, 0x80, 0x3f, 0x27, 0xe4, 0x95, 0x3e,
 0x00, 0x00, 0x80, 0x3f, 0xe6, 0x60, 0xd7, 0x3e, 0x10, 0x33, 0x53, 0x3e,
 0x00, 0x00, 0x80, 0x3f, 0x52, 0x23, 0x5c, 0x3e, 0x00, 0x00, 0x80, 0x3f,
 0x00, 0x00, 0x80, 0x3f, 0x00, 0x00, 0x80, 0x3f, 0x95, 0x5e, 0x85, 0x3e,
 0x00, 0x00, 0x80, 0x3f, 0x31, 0x44, 0xc3, 0x3e, 0xce, 0x6d, 0xa1, 0x3e,
 0x00, 0x00, 0x80, 0x3f, 0x83, 0xaf, 0x81, 0x3e, 0x00, 0x00, 0x80, 0x3f,
 0x61, 0x86, 0x82, 0x3e, 0xfd, 0x03, 0x7f, 0x3e, 0x00, 0x00, 0x80, 0x3f,
 0x89, 0x9c, 0x9c, 0x3e, 0xa8, 0x58, 0x8b, 0x3e, 0x48, 0x33, 0x47, 0x3e,
 0x00, 0x00, 0x80, 0x3f, 0xb5, 0x72, 0x96, 0x3e, 0x85, 0xee, 0x84, 0x3e,
 0xce, 0xe4, 0x80, 0x3e, 0x00, 0x00, 0x80, 0x3f, 0xce, 0x96, 0x32, 0x3e,
 0x00, 0x00, 0x80, 0x3f, 0x00, 0x00, 0x80, 0x3f, 0x00, 0x00, 0x80, 0x3f,
 0x00, 0x00, 0x80, 0x3f, 0x00, 0x00, 0x80, 0x3f, 0x38, 0x24, 0x7c, 0x3e,
 0xe9, 0x0d, 0x58, 0x3e, 0x69, 0x7f, 0x4e, 0x3e, 0x00, 0x00, 0x80, 0x3f,
 0x3b, 0xeb, 0x84, 0x3e, 0x6b, 0xeb, 0x57, 0x3e, 0x00, 0x00, 0x80, 0x3f,
 0x83, 0xaf, 0x81, 0x3e, 0x00, 0x00, 0x80, 0x3f, 0x99, 0x26, 0x51, 0x3e,
 0xc9, 0x39, 0x38, 0x3e, 0x00, 0x00, 0x80, 0x3f, 0x01, 0x27, 0x4f, 0x3e,
 0x00, 0x00, 0x80, 0x3f, 0x0c, 0xc7, 0xa4, 0x3e, 0x00, 0x00, 0x80, 0x3f,
 0x00, 0x00, 0x80, 0x3f, 0x00, 0x00, 0x80, 0x3f, 0x00, 0x00, 0x80, 0x3f,
 0x80, 0xd2, 0x33, 0x3e, 0x00, 0x00, 0x80, 0x3f, 0x53, 0xa9, 0xb1, 0x3e,
 0x08, 0x3c, 0x9c, 0x3e, 0x00, 0x00, 0x80, 0x3f, 0x27, 0xe4, 0x95, 0x3e,
 0x00, 0x00, 0x80, 0x3f, 0x00, 0x00, 0x80, 0x3f, 0x4a, 0x5b, 0xef, 0x3e,
 0x7e, 0xbc, 0x60, 0x3e, 0x00, 0x00, 0x80, 0x3f, 0xe4, 0xd8, 0x76, 0x3e,
 0x36, 0x33, 0x6a, 0x3e, 0x18, 0xea, 0x62, 0x3e, 0x00, 0x00, 0x80, 0x3f,
 0xb8, 0x78, 0x7b, 0x3e, 0x00, 0x00, 0x80, 0x3f, 0xd4, 0x3c, 0x38, 0x3e,
 0x00, 0x00, 0x80, 0x3f, 0x00, 0x00, 0x80, 0x3f, 0x00, 0x00, 0x80, 0x3f,
 0x00, 0x00, 0x80, 0x3f, 0x00, 0x00, 0x80, 0x3f, 0x00, 0x00, 0x80, 0x3f,
 0x00, 0x00, 0x80, 0x3f, 0x00, 0x00, 0x80, 0x3f, 0x00, 0x00, 0x80, 0x3f,
 0x00, 0x00, 0x80, 0x3f, 0x00, 0x00, 0x80, 0x3f, 0x00, 0x00, 0x80, 0x3f,
 0x00, 0x00, 0x80, 0x3f, 0x00, 0x00, 0x80, 0x3f, 0x00, 0x00, 0x80, 0x3f,
 0x38, 0x24, 0x7c, 0x3e, 0xe9, 0x0d, 0x58, 0x3e, 0x69, 0x7f, 0x4e, 0x3e,
 0x00, 0x00, 0x80, 0x3f, 0x3b, 0xeb, 0x84, 0x3e, 0x6b, 0xeb, 0x57, 0x3e,
 0x00, 0x00, 0x80, 0x3f, 0xce, 0x96, 0x32, 0x3e, 0x00, 0x00, 0x80, 0x3f,
 0x00, 0x00, 0x80, 0x3f, 0x48, 0x97, 0x99, 0x3e, 0x00, 0x00, 0x80, 0x3f,
 0x27, 0xe4, 0x95, 0x3e, 0x00, 0x00, 0x80, 0x3f, 0x89, 0x9c, 0x9c, 0x3e,
 0xa8, 0x58, 0x8b, 0x3e, 0x48, 0x33, 0x47, 0x3e, 0x00, 0x00, 0x80, 0x3f,
 0xe6, 0x60, 0xd7, 0x3e, 0x10, 0x33, 0x53, 0x3e, 0x00, 0x00, 0x80, 0x3f,
 0xd4, 0x3c, 0x38, 0x3e, 0x00, 0x00, 0x80, 0x3f, 0x00, 0x00, 0x80, 0x3f,
 0x00, 0x00, 0x80, 0x3f, 0x4a, 0x5b, 0xef, 0x3e, 0x7e, 0xbc, 0x60, 0x3e,
 0x00, 0x00, 0x80, 0x3f, 0x01, 0x27, 0x4f, 0x3e, 0x00, 0x00, 0x80, 0x3f,
 0xe4, 0xd8, 0x76, 0x3e, 0x36, 0x33, 0x6a, 0x3e, 0x18, 0xea, 0x62, 0x3e,
 0x00, 0x00, 0x80, 0x3f, 0x00, 0x00, 0x80, 0x3f, 0x00, 0x00, 0x80, 0x3f,
 0x83, 0xaf, 0x81, 0x3e, 0x00, 0x00, 0x80, 0x3f, 0x99, 0x26, 0x51, 0x3e,
 0xc9, 0x39, 0x38, 0x3e, 0x00, 0x00, 0x80, 0x3f, 0x01, 0x27, 0x4f, 0x3e,
 0x00, 0x00, 0x80, 0x3f, 0x0c, 0xc7, 0xa4, 0x3e, 0x00, 0x00, 0x80, 0x3f,
 0x00, 0x00, 0x80, 0x3f, 0x00, 0x00, 0x80, 0x3f, 0x00, 0x00, 0x80, 0x3f,
 0x80, 0xd2, 0x33, 0x3e, 0x00, 0x00, 0x80, 0x3f, 0x53, 0xa9, 0xb1, 0x3e,
 0x08, 0x3c, 0x9c, 0x3e, 0x00, 0x00, 0x80, 0x3f, 0x27, 0xe4, 0x95, 0x3e,
 0x00, 0x00, 0x80, 0x3f, 0x00, 0x00, 0x80, 0x3f, 0x4a, 0x5b, 0xef, 0x3e,
 0x7e, 0xbc, 0x60, 0x3e, 0x00, 0x00, 0x80, 0x3f, 0xe4, 0xd8, 0x76, 0x3e,
 0x36, 0x33, 0x6a, 0x3e, 0x18, 0xea, 0x62, 0x3e, 0x00, 0x00, 0x80, 0x3f,
 0xb8, 0x78, 0x7b, 0x3e, 0x00, 0x00, 0x80, 0x3f, 0xd4, 0x3c, 0x38, 0x3e,
 0x00, 0x00, 0x80, 0x3f, 0x00, 0x00, 0x80, 0x3f, 0x00, 0x00, 0x80, 0x3f,
 0x00, 0x00, 0x80, 0x3f, 0x00, 0x00, 0x80, 0x3f, 0x38, 0x24, 0x7c, 0x3e,
 0xe9, 0x0d, 0x58, 0x3e, 0x69, 0x7f, 0x4e, 0x3e, 0x00, 0x00, 0x80, 0x3f,
 0x3b, 0xeb, 0x84, 0x3e, 0x6b, 0xeb, 0x57, 0x3e, 0x00, 0x00, 0x80, 0x3f,
 0x00, 0x00, 0x80, 0x3f, 0xad, 0x4c, 0x84, 0x3e, 0x4f, 0x0a, 0x75, 0x3e,
 0x00, 0x00, 0x80, 0x3f, 0x61, 0x86, 0x82, 0x3e, 0xfd, 0x03, 0x7f, 0x3e,
 0x00, 0x00, 0x80, 0x3f, 0x00, 0x00, 0x80, 0x3f, 0x00, 0x00, 0x80, 0x3f,
 0x83, 0xaf, 0x81, 0x3e, 0x00, 0x00, 0x80, 0x3f, 0x00, 0x00, 0x80, 0x3f,
 0x80, 0xd2, 0x33, 0x3e, 0x00, 0x00, 0x80, 0x3f, 0x53, 0xa9, 0xb1, 0x3e,
 0x08, 0x3c, 0x9c, 0x3e, 0x00, 0x00, 0x80, 0x3f, 0x27, 0xe4, 0x95, 0x3e,
 0x00, 0x00, 0x80, 0x3f, 0x00, 0x00, 0x80, 0x3f, 0x4a, 0x5b, 0xef, 0x3e,
 0x7e, 0xbc, 0x60, 0x3e, 0x00, 0x00, 0x80, 0x3f, 0xe4, 0xd8, 0x76, 0x3e,
 0x36, 0x33, 0x6a, 0x3e, 0x18, 0xea, 0x62, 0x3e, 0x00, 0x00, 0x80, 0x3f,
 0xb8, 0x78, 0x7b, 0x3e, 0x00, 0x00, 0x80, 0x3f, 0xd4, 0x3c, 0x38, 0x3e,
 0x00, 0x00, 0x80, 0x3f, 0x00, 0x00, 0x80, 0x3f, 0x00, 0x00, 0x80, 0x3f,
 0x00, 0x00, 0x80, 0x3f, 0x00, 0x00, 0x80, 0x3f, 0x00, 0x00, 0x80, 0x3f,
 0x00, 0x00, 0x80, 0x3f, 0x00, 0x00, 0x80, 0x3f, 0x00, 0x00, 0x80, 0x3f,
 0x00, 0x00, 0x80, 0x3f, 0x00, 0x00, 0x80, 0x3f, 0x00, 0x00, 0x80, 0x3f,
 0x00, 0x00, 0x80, 0x3f, 0x00, 0x00, 0x80, 0x3f, 0x00, 0x00, 0x80, 0x3f,
 0x38, 0x24, 0x7c, 0x3e, 0xe9, 0x0d, 0x58, 0x3e, 0x69, 0x7f, 0x4e, 0x3e,
 0x00, 0x00, 0x80, 0x3f, 0x3b, 0xeb, 0x84, 0x3e, 0x6b, 0xeb, 0x57, 0x3e,
 0x00, 0x00, 0x80, 0x3f, 0xce, 0x96, 0x32, 0x3e, 0x00, 0x00, 0x80, 0x3f,
 0x00, 0x00, 0x80, 0x3f, 0x48, 0x97, 0x99, 0x3e, 0x00, 0x00, 0x80, 0x3f,
 0x27, 0xe4, 0x95, 0x3e, 0x00, 0x00, 0x80, 0x3f, 0x89, 0x9c, 0x9c, 0x3e,
 0xa8, 0x58, 0x8b, 0x3e, 0x48, 0x33, 0x47, 0x3e, 0x00, 0x00, 0x80, 0x3f,
 0xe6, 0x60, 0xd7, 0x3e, 0x10, 0x33, 0x53, 0x3e, 0x00, 0x00, 0x80, 0x3f,
 0xd4, 0x3c, 0x38, 0x3e, 0x00, 0x00, 0x80, 0x3f, 0x00, 0x00, 0x80, 0x3f,
 0x00, 0x00, 0x80, 0x3f, 0x4a, 0x5b, 0xef, 0x3e, 0x7e, 0xbc, 0x60, 0x3e,
 0x00, 0x00, 0x80, 0x3f, 0x01, 0x27, 0x4f, 0x3e, 0x00, 0x00, 0x80, 0x3f,
 0xe4, 0xd8, 0x76, 0x3e, 0x36, 0x33, 0x6a, 0x3e, 0x18, 0xea, 0x62, 0x3e,
 0x00, 0x00, 0x80, 0x3f, 0x00, 0x00, 0x80, 0x3f, 0x00, 0x00, 0x80, 0x3f,
 0x00, 0x00, 0x80, 0x3f, 0xad, 0x4c, 0x84, 0x3e, 0x4f, 0x0a, 0x75, 0x3e,
 0x00, 0x00, 0x80, 0x3f, 0x61, 0x86, 0x82, 0x3e, 0xfd, 0x03, 0x7f, 0x3e,
 0x00, 0x00, 0x80, 0x3f, 0x00, 0x00, 0x80, 0x3f, 0x00, 0x00, 0x80, 0x3f,
 0x83, 0xaf, 0x81, 0x3e, 0x00, 0x00, 0x80, 0x3f, 0x00, 0x00, 0x80, 0x3f,
 0x80, 0xd2, 0x33, 0x3e, 0x00, 0x00, 0x80, 0x3f, 0x53, 0xa9, 0xb1, 0x3e,
 0x08, 0x3c, 0x9c, 0x3e, 0x00, 0x00, 0x80, 0x3f, 0x27, 0xe4, 0x95, 0x3e,
 0x00, 0x00, 0x80, 0x3f, 0x00, 0x00, 0x80, 0x3f, 0x4a, 0x5b, 0xef, 0x3e,
 0x7e, 0xbc, 0x60, 0x3e, 0x00, 0x00, 0x80, 0x3f, 0xe4, 0xd8, 0x76, 0x3e,
 0x36, 0x33, 0x6a, 0x3e, 0x18, 0xea, 0x62, 0x3e, 0x00, 0x00, 0x80, 0x3f,
 0xb8, 0x78, 0x7b, 0x3e, 0x00, 0x00, 0x80, 0x3f, 0xd4, 0x3c, 0x38, 0x3e,
 0x00, 0x00, 0x80, 0x3f, 0x00, 0x00, 0x80, 0x3f, 0x00, 0x00, 0x80, 0x3f,
 0x00, 0x00, 0x80, 0x3f, 0x00, 0x00, 0x80, 0x3f, 0x38, 0x24, 0x7c, 0x3e,
 0xe9, 0x0d, 0x58, 0x3e, 0x69, 0x7f, 0x4e, 0x3e, 0x00, 0x00, 0x80, 0x3f,
 0x3b, 0xeb, 0x84, 0x3e, 0x6b, 0xeb, 0x57, 0x3e, 0x00, 0x00, 0x80, 0x3f,
 0x52, 0x23, 0x5c, 0x3e, 0x00, 0x00, 0x80, 0x3f, 0xb5, 0x72, 0x96, 0x3e,
 0x85, 0xee, 0x84, 0x3e, 0xce, 0xe4, 0x80, 0x3e, 0x00, 0x00, 0x80, 0x3f,
 0x89, 0x9c, 0x9c, 0x3e, 0xa8, 0x58, 0x8b, 0x3e, 0x48, 0x33, 0x47, 0x3e,
 0x00, 0x00, 0x80, 0x3f, 0x95, 0x5e, 0x85, 0x3e, 0x00, 0x00, 0x80, 0x3f,
 0x00, 0x00, 0x80, 0x3f, 0x00, 0x00, 0x80, 0x3f, 0x31, 0x44, 0xc3, 0x3e,
 0xce, 0x6d, 0xa1, 0x3e, 0x00, 0x00, 0x80, 0x3f, 0x00, 0x00, 0x80, 0x3f,
 0x80, 0xd2, 0x33, 0x3e, 0x00, 0x00, 0x80, 0x3f, 0x53, 0xa9, 0xb1, 0x3e,
 0x08, 0x3c, 0x9c, 0x3e, 0x00, 0x00, 0x80, 0x3f, 0x27, 0xe4, 0x95, 0x3e,
 0x00, 0x00, 0x80, 0x3f, 0x00, 0x00, 0x80, 0x3f, 0x4a, 0x5b, 0xef, 0x3e,
 0x7e, 0xbc, 0x60, 0x3e, 0x00, 0x00, 0x80, 0x3f, 0xe4, 0xd8, 0x76, 0x3e,
 0x36, 0x33, 0x6a, 0x3e, 0x18, 0xea, 0x62, 0x3e, 0x00, 0x00, 0x80, 0x3f,
 0xb8, 0x78, 0x7b, 0x3e, 0x00, 0x00, 0x80, 0x3f, 0xd4, 0x3c, 0x38, 0x3e,
 0x00, 0x00, 0x80, 0x3f, 0x00, 0x00, 0x80, 0x3f, 0x00, 0x00, 0x80, 0x3f,
 0x95, 0x5e, 0x85, 0x3e, 0x00, 0x00, 0x80, 0x3f, 0xe4, 0xd8, 0x76, 0x3e,
 0x36, 0x33, 0x6a, 0x3e, 0x18, 0xea, 0x62, 0x3e, 0x00, 0x00, 0x80, 0x3f,
 0x27, 0xe4, 0x95, 0x3e, 0x00, 0x00, 0x80, 0x3f, 0xe6, 0x60, 0xd7, 0x3e,
 0x10, 0x33, 0x53, 0x3e, 0x00, 0x00, 0x80, 0x3f, 0x00, 0x00, 0x80, 0x3f,
 0x00, 0x00, 0x80, 0x3f, 0x00, 0x00, 0x80, 0x3f, 0xb5, 0x72, 0x96, 0x3e,
 0x85, 0xee, 0x84, 0x3e, 0xce, 0xe4, 0x80, 0x3e, 0x00, 0x00, 0x80, 0x3f,
 0x89, 0x9c, 0x9c, 0x3e, 0xa8, 0x58, 0x8b, 0x3e, 0x48, 0x33, 0x47, 0x3e,
 0x00, 0x00, 0x80, 0x3f, 0x00, 0x00, 0x80, 0x3f, 0x27, 0xe4, 0x95, 0x3e,
 0x00, 0x00, 0x80, 0x3f, 0xe6, 0x60, 0xd7, 0x3e, 0x10, 0x33, 0x53, 0x3e,
 0x00, 0x00, 0x80, 0x3f, 0x00, 0x00, 0x80, 0x3f, 0x00, 0x00, 0x80, 0x3f,
 0x00, 0x00, 0x80, 0x3f, 0x0c, 0xc7, 0xa4, 0x3e, 0x00, 0x00, 0x80, 0x3f,
 0xe6, 0x60, 0xd7, 0x3e, 0x10, 0x33, 0x53, 0x3e, 0x00, 0x00, 0x80, 0x3f,
 0x01, 0x27, 0x4f, 0x3e, 0x00, 0x00, 0x80, 0x3f, 0x4a, 0x5b, 0xef, 0x3e,
 0x7e, 0xbc, 0x60, 0x3e, 0x00, 0x00, 0x80, 0x3f, 0x83, 0xaf, 0x81, 0x3e,
 0x00, 0x00, 0x80, 0x3f, 0x61, 0x86, 0x82, 0x3e, 0xfd, 0x03, 0x7f, 0x3e,
 0x00, 0x00, 0x80, 0x3f, 0xad, 0x4c, 0x84, 0x3e, 0x4f, 0x0a, 0x75, 0x3e,
 0x00, 0x00, 0x80, 0x3f, 0x01, 0x27, 0x4f, 0x3e, 0x00, 0x00, 0x80, 0x3f,
 0x27, 0xe4, 0x95, 0x3e, 0x00, 0x00, 0x80, 0x3f, 0x00, 0x00, 0x80, 0x3f,
 0x00, 0x00, 0x80, 0x3f, 0x00, 0x00, 0x80, 0x3f, 0x00, 0x00, 0x80, 0x3f,
 0x38, 0x24, 0x7c, 0x3e, 0xe9, 0x0d, 0x58, 0x3e, 0x69, 0x7f, 0x4e, 0x3e,
 0x00, 0x00, 0x80, 0x3f, 0x3b, 0xeb, 0x84, 0x3e, 0x6b, 0xeb, 0x57, 0x3e,
 0x00, 0x00, 0x80, 0x3f, 0xce, 0x96, 0x32, 0x3e, 0x00, 0x00, 0x80, 0x3f,
 0x00, 0x00, 0x80, 0x3f, 0x48, 0x97, 0x99, 0x3e, 0x00, 0x00, 0x80, 0x3f,
 0x27, 0xe4, 0x95, 0x3e, 0x00, 0x00, 0x80, 0x3f, 0x89, 0x9c, 0x9c, 0x3e,
 0xa8, 0x58, 0x8b, 0x3e, 0x48, 0x33, 0x47, 0x3e, 0x00, 0x00, 0x80, 0x3f,
 0xe6, 0x60, 0xd7, 0x3e, 0x10, 0x33, 0x53, 0x3e, 0x00, 0x00, 0x80, 0x3f,
 0xd4, 0x3c, 0x38, 0x3e, 0x00, 0x00, 0x80, 0x3f, 0x00, 0x00, 0x80, 0x3f,
 0x00, 0x00, 0x80, 0x3f, 0x4a, 0x5b, 0xef, 0x3e, 0x7e, 0xbc, 0x60, 0x3e,
 0x00, 0x00, 0x80, 0x3f, 0x01, 0x27, 0x4f, 0x3e, 0x00, 0x00, 0x80, 0x3f,
 0xe4, 0xd8, 0x76, 0x3e, 0x36, 0x33, 0x6a, 0x3e, 0x18, 0xea, 0x62, 0x3e,
 0x00, 0x00, 0x80, 0x3f, 0x00, 0x00, 0x80, 0x3f, 0x00, 0x00, 0x80, 0x3f,
 0x52, 0x23, 0x5c, 0x3e, 0x00, 0x00, 0x80, 0x3f, 0xb5, 0x72, 0x96, 0x3e,
 0x85, 0xee, 0x84, 0x3e, 0xce, 0xe4, 0x80, 0x3e, 0x00, 0x00, 0x80, 0x3f,
 0x89, 0x9c, 0x9c, 0x3e, 0xa8, 0x58, 0x8b, 0x3e, 0x48, 0x33, 0x47, 0x3e,
 0x00, 0x00, 0x80, 0x3f, 0x95, 0x5e, 0x85, 0x3e, 0x00, 0x00, 0x80, 0x3f,
 0x00, 0x00, 0x80, 0x3f, 0x00, 0x00, 0x80, 0x3f, 0x31, 0x44, 0xc3, 0x3e,
 0xce, 0x6d, 0xa1, 0x3e, 0x00, 0x00, 0x80, 0x3f, 0x00, 0x00, 0x80, 0x3f,
 0x80, 0xd2, 0x33, 0x3e, 0x00, 0x00, 0x80, 0x3f, 0x53, 0xa9, 0xb1, 0x3e,
 0x08, 0x3c, 0x9c, 0x3e, 0x00, 0x00, 0x80, 0x3f, 0x27, 0xe4, 0x95, 0x3e,
 0x00, 0x00, 0x80, 0x3f, 0x00, 0x00, 0x80, 0x3f, 0x4a, 0x5b, 0xef, 0x3e,
 0x7e, 0xbc, 0x60, 0x3e, 0x00, 0x00, 0x80, 0x3f, 0xe4, 0xd8, 0x76, 0x3e,
 0x36, 0x33, 0x6a, 0x3e, 0x18, 0xea, 0x62, 0x3e, 0x00, 0x00, 0x80, 0x3f,
 0xb8, 0x78, 0x7b, 0x3e, 0x00, 0x00, 0x80, 0x3f, 0xd4, 0x3c, 0x38, 0x3e,
 0x00, 0x00, 0x80, 0x3f, 0x00, 0x00, 0x80, 0x3f, 0x00, 0x00, 0x80, 0x3f,
 0x95, 0x5e, 0x85, 0x3e, 0x00, 0x00, 0x80, 0x3f, 0xe4, 0xd8, 0x76, 0x3e,
 0x36, 0x33, 0x6a, 0x3e, 0x18, 0xea, 0x62, 0x3e, 0x00, 0x00, 0x80, 0x3f,
 0x27, 0xe4, 0x95, 0x3e, 0x00, 0x00, 0x80, 0x3f, 0xe6, 0x60, 0xd7, 0x3e,
 0x10, 0x33, 0x53, 0x3e, 0x00, 0x00, 0x80, 0x3f, 0x00, 0x00, 0x80, 0x3f,
 0x00, 0x00, 0x80, 0x3f, 0x00, 0x00, 0x80, 0x3f, 0xb5, 0x72, 0x96, 0x3e,
 0x85, 0xee, 0x84, 0x3e, 0xce, 0xe4, 0x80, 0x3e, 0x00, 0x00, 0x80, 0x3f,
 0x89, 0x9c, 0x9c, 0x3e, 0xa8, 0x58, 0x8b, 0x3e, 0x48, 0x33, 0x47, 0x3e,
 0x00, 0x00, 0x80, 0x3f, 0x00, 0x00, 0x80, 0x3f, 0x27, 0xe4, 0x95, 0x3e,
 0x00, 0x00, 0x80, 0x3f, 0xe6, 0x60, 0xd7, 0x3e, 0x10, 0x33, 0x53, 0x3e,
 0x00, 0x00, 0x80, 0x3f, 0x00, 0x00, 0x80, 0x3f, 0x00, 0x00, 0x80, 0x3f,
 0x00, 0x00, 0x80, 0x3f, 0x0c, 0xc7, 0xa4, 0x3e, 0x00, 0x00, 0x80, 0x3f,
 0xe6, 0x60, 0xd7, 0x3e, 0x10, 0x33, 0x53, 0x3e, 0x00, 0x00, 0x80, 0x3f,
 0x01, 0x27, 0x4f, 0x3e, 0x00, 0x00, 0x80, 0x3f, 0x4a, 0x5b, 0xef, 0x3e,
 0x7e, 0xbc, 0x60, 0x3e, 0x00, 0x00, 0x80, 0x3f, 0x83, 0xaf, 0x81, 0x3e,
 0x00, 0x00, 0x80, 0x3f, 0x61, 0x86, 0x82, 0x3e, 0xfd, 0x03, 0x7f, 0x3e,
 0x00, 0x00, 0x80, 0x3f, 0xad, 0x4c, 0x84, 0x3e, 0x4f, 0x0a, 0x75, 0x3e,
 0x00, 0x00, 0x80, 0x3f, 0x01, 0x27, 0x4f, 0x3e, 0x00, 0x00, 0x80, 0x3f,
 0x27, 0xe4, 0x95, 0x3e, 0x00, 0x00, 0x80, 0x3f, 0x00, 0x00, 0x80, 0x3f,
 0x00, 0x00, 0x80, 0x3f, 0x00, 0x00, 0x80, 0x3f, 0x00, 0x00, 0x80, 0x3f,
 0x38, 0x24, 0x7c, 0x3e, 0xe9, 0x0d, 0x58, 0x3e, 0x69, 0x7f, 0x4e, 0x3e,
 0x00, 0x00, 0x80, 0x3f, 0x3b, 0xeb, 0x84, 0x3e, 0x6b, 0xeb, 0x57, 0x3e,
 0x00, 0x00, 0x80, 0x3f, 0x52, 0x23, 0x5c, 0x3e, 0x00, 0x00, 0x80, 0x3f,
 0xb5, 0x72, 0x96, 0x3e, 0x85, 0xee, 0x84, 0x3e, 0xce, 0xe4, 0x80, 0x3e,
 0x00, 0x00, 0x80, 0x3f, 0x89, 0x9c, 0x9c, 0x3e, 0xa8, 0x58, 0x8b, 0x3e,
 0x48, 0x33, 0x47, 0x3e, 0x00, 0x00, 0x80, 0x3f, 0x95, 0x5e, 0x85, 0x3e,
 0x00, 0x00, 0x80, 0x3f, 0x00, 0x00, 0x80, 0x3f, 0x00, 0x00, 0x80, 0x3f,
 0x31, 0x44, 0xc3, 0x3e, 0xce, 0x6d, 0xa1, 0x3e, 0x00, 0x00, 0x80, 0x3f,
 0x00, 0x00, 0x80, 0x3f, 0x80, 0xd2, 0x33, 0x3e, 0x00, 0x00, 0x80, 0x3f,
 0x53, 0xa9, 0xb1, 0x3e, 0x08, 0x3c, 0x9c, 0x3e, 0x00, 0x00, 0x80, 0x3f,
 0x27, 0xe4, 0x95, 0x3e, 0x00, 0x00, 0x80, 0x3f, 0x00, 0x00, 0x80, 0x3f,
 0x4a, 0x5b, 0xef, 0x3e, 0x7e, 0xbc, 0x60, 0x3e, 0x00, 0x00, 0x80, 0x3f,
 0xe4, 0xd8, 0x76, 0x3e, 0x36, 0x33, 0x6a, 0x3e, 0x18, 0xea, 0x62, 0x3e,
 0x00, 0x00, 0x80, 0x3f, 0xb8, 0x78, 0x7b, 0x3e, 0x00, 0x00, 0x80, 0x3f,
 0xd4, 0x3c, 0x38, 0x3e, 0x00, 0x00, 0x80, 0x3f, 0x00, 0x00, 0x80, 0x3f,
 0x00, 0x00, 0x80, 0x3f, 0x95, 0x5e, 0x85, 0x3e, 0x00, 0x00, 0x80, 0x3f,
 0xe4, 0xd8, 0x76, 0x3e, 0x36, 0x33, 0x6a, 0x3e, 0x18, 0xea, 0x62, 0x3e,
 0x00, 0x00, 0x80, 0x3f, 0x27, 0xe4, 0x95, 0x3e, 0x00, 0x00, 0x80, 0x3f,
 0xe6, 0x60, 0xd7, 0x3e, 0x10, 0x33, 0x53, 0x3e, 0x00, 0x00, 0x80, 0x3f,
 0x00, 0x00, 0x80, 0x3f, 0x00, 0x00, 0x80, 0x3f, 0x00, 0x00, 0x80, 0x3f,
 0xb5, 0x72, 0x96, 0x3e, 0x85, 0xee, 0x84, 0x3e, 0xce, 0xe4, 0x80, 0x3e,
 0x00, 0x00, 0x80, 0x3f, 0x89, 0x9c, 0x9c, 0x3e, 0xa8, 0x58, 0x8b, 0x3e,
 0x48, 0x33, 0x47, 0x3e, 0x00, 0x00, 0x80, 0x3f, 0x00, 0x00, 0x80, 0x3f,
 0x27, 0xe4, 0x95, 0x3e, 0x00, 0x00, 0x80, 0x3f, 0xe6, 0x60, 0xd7, 0x3e,
 0x10, 0x33, 0x53, 0x3e, 0x00, 0x00, 0x80, 0x3f, 0x00, 0x00, 0x80, 0x3f,
 0x00, 0x00, 0x80, 0x3f, 0x00, 0x00, 0x80, 0x3f, 0x80, 0xd2, 0x33, 0x3e,
 0x00, 0x00, 0x80, 0x3f, 0x00, 0x00, 0x80, 0x3f, 0x27, 0xe4, 0x95, 0x3e,
 0x00, 0x00, 0x80, 0x3f, 0x00, 0x00, 0x80, 0x3f, 0xd4, 0x3c, 0x38, 0x3e,
 0x00, 0x00, 0x80, 0x3f, 0x00, 0x00, 0x80, 0x3f, 0x00, 0x00, 0x80, 0x3f,
 0x00, 0x00, 0x80, 0x3f, 0x00, 0x00, 0x80, 0x3f, 0x38, 0x24, 0x7c, 0x3e,
 0xe9, 0x0d, 0x58, 0x3e, 0x69, 0x7f, 0x4e, 0x3e, 0x00, 0x00, 0x80, 0x3f,
 0x3b, 0xeb, 0x84, 0x3e, 0x6b, 0xeb, 0x57, 0x3e, 0x00, 0x00, 0x80, 0x3f,
 0xce, 0x96, 0x32, 0x3e, 0x00, 0x00, 0x80, 0x3f, 0x00, 0x00, 0x80, 0x3f,
 0x48, 0x97, 0x99, 0x3e, 0x00, 0x00, 0x80, 0x3f, 0x27, 0xe4, 0x95, 0x3e,
 0x00, 0x00, 0x80, 0x3f, 0x89, 0x9c, 0x9c, 0x3e, 0xa8, 0x58, 0x8b, 0x3e,
 0x48, 0x33, 0x47, 0x3e, 0x00, 0x00, 0x80, 0x3f, 0xe6, 0x60, 0xd7, 0x3e,
 0x10, 0x33, 0x53, 0x3e, 0x00, 0x00, 0x80, 0x3f, 0xd4, 0x3c, 0x38, 0x3e,
 0x00, 0x00, 0x80, 0x3f, 0x00, 0x00, 0x80, 0x3f, 0x00, 0x00, 0x80, 0x3f,
 0x4a, 0x5b, 0xef, 0x3e, 0x7e, 0xbc, 0x60, 0x3e, 0x00, 0x00, 0x80, 0x3f,
 0x01, 0x27, 0x4f, 0x3e, 0x00, 0x00, 0x80, 0x3f, 0xe4, 0xd8, 0x76, 0x3e,
 0x36, 0x33, 0x6a, 0x3e, 0x18, 0xea, 0x62, 0x3e, 0x00, 0x00, 0x80, 0x3f,
 0x00, 0x00, 0x80, 0x3f, 0x00, 0x00, 0x80, 0x3f, 0x52, 0x23, 0x5c, 0x3e,
 0x00, 0x00, 0x80, 0x3f, 0xb5, 0x72, 0x96, 0x3e, 0x85, 0xee, 0x84, 0x3e,
 0xce, 0xe4, 0x80, 0x3e, 0x00, 0x00, 0x80, 0x3f, 0x89, 0x9c, 0x9c, 0x3e,
 0xa8, 0x58, 0x8b, 0x3e, 0x48, 0x33, 0x47, 0x3e, 0x00, 0x00, 0x80, 0x3f,
 0x95, 0x5e, 0x85, 0x3e, 0x00, 0x00, 0x80, 0x3f, 0x00, 0x00, 0x80, 0x3f,
 0x00, 0x00, 0x80, 0x3f, 0x31, 0x44, 0xc3, 0x3e, 0xce, 0x6d, 0xa1, 0x3e,
 0x00, 0x00, 0x80, 0x3f, 0x00, 0x00, 0x80, 0x3f, 0x80, 0xd2, 0x33, 0x3e,
 0x00, 0x00, 0x80, 0x3f, 0x53, 0xa9, 0xb1, 0x3e, 0x08, 0x3c, 0x9c, 0x3e,
 0x00, 0x00, 0x80, 0x3f, 0x27, 0xe4, 0x95, 0x3e, 0x00, 0x00, 0x80, 0x3f,
 0x00, 0x00, 0x80, 0x3f, 0x4a, 0x5b, 0xef, 0x3e, 0x7e, 0xbc, 0x60, 0x3e,
 0x00, 0x00, 0x80, 0x3f, 0xe4, 0xd8, 0x76, 0x3e, 0x36, 0x33, 0x6a, 0x3e,
 0x18, 0xea, 0x62, 0x3e, 0x00, 0x00, 0x80, 0x3f, 0xb8, 0x78, 0x7b, 0x3e,
 0x00, 0x00, 0x80, 0x3f, 0xd4, 0x3c, 0x38, 0x3e, 0x00, 0x00, 0x80, 0x3f,
 0x00, 0x00, 0x80, 0x3f, 0x00, 0x00, 0x80, 0x3f, 0x95, 0x5e, 0x85, 0x3e,
 0x00, 0x00, 0x80, 0x3f, 0xe4, 0xd8, 0x76, 0x3e, 0x36, 0x33, 0x6a, 0x3e,
 0x18, 0xea, 0x62, 0x3e, 0x00, 0x00, 0x80, 0x3f, 0x27, 0xe4, 0x95, 0x3e,
 0x00, 0x00, 0x80, 0x3f, 0xe6, 0x60, 0xd7, 0x3e, 0x10, 0x33, 0x53, 0x3e,
 0x00, 0x00, 0x80, 0x3f, 0x00, 0x00, 0x80, 0x3f, 0x00, 0x00, 0x80, 0x3f,
 0x00, 0x00, 0x80, 0x3f, 0xb5, 0x72, 0x96, 0x3e, 0x85, 0xee, 0x84, 0x3e,
 0xce, 0xe4, 0x80, 0x3e, 0x00, 0x00, 0x80, 0x3f, 0x89, 0x9c, 0x9c, 0x3e,
 0xa8, 0x58, 0x8b, 0x3e, 0x48, 0x33, 0x47, 0x3e, 0x00, 0x00, 0x80, 0x3f,
 0x00, 0x00, 0x80, 0x3f, 0x27, 0xe4, 0x95, 0x3e, 0x00, 0x00, 0x80, 0x3f,
 0xe6, 0x60, 0xd7, 0x3e, 0x10, 0x33, 0x53, 0x3e, 0x00, 0x00, 0x80, 0x3f,
 0x00, 0x00, 0x80, 0x3f, 0x00, 0x00, 0x80, 0x3f, 0x00, 0x00, 0x80, 0x3f,
 0x80, 0xd2, 0x33, 0x3e, 0x00, 0x00, 0x80, 0x3f, 0x00, 0x00, 0x80, 0x3f,
 0x27, 0xe4, 0x95, 0x3e, 0x00, 0x00, 0x80, 0x3f, 0x00, 0x00, 0x80, 0x3f,
 0xd4, 0x3c, 0x38, 0x3e, 0x00, 0x00, 0x80, 0x3f, 0x00, 0x00, 0x80, 0x3f,
 0x00, 0x00, 0x80, 0x3f, 0x00, 0x00, 0x80, 0x3f, 0x00, 0x00, 0x80, 0x3f,
 0x38, 0x24, 0x7c, 0x3e, 0xe9, 0x0d, 0x58, 0x3e, 0x69, 0x7f, 0x4e, 0x3e,
 0x00, 0x00, 0x80, 0x3f, 0x3b, 0xeb, 0x84, 0x3e, 0x6b, 0xeb, 0x57, 0x3e,
 0x00, 0x00, 0x80, 0x3f, 0x52, 0x23, 0x5c, 0x3e, 0x00, 0x00, 0x80, 0x3f,
 0xb5, 0x72, 0x96, 0x3e, 0x85, 0xee, 0x84, 0x3e, 0xce, 0xe4, 0x80, 0x3e,
 0x00, 0x00, 0x80, 0x3f, 0x89, 0x9c, 0x9c, 0x3e, 0xa8, 0x58, 0x8b, 0x3e,
 0x48, 0x33, 0x47, 0x3e, 0x00, 0x00, 0x80, 0x3f, 0x95, 0x5e, 0x85, 0x3e,
 0x00, 0x00, 0x80, 0x3f, 0x00, 0x00, 0x80, 0x3f, 0x00, 0x00, 0x80, 0x3f,
 0x31, 0x44, 0xc3, 0x3e, 0xce, 0x6d, 0xa1, 0x3e, 0x00, 0x00, 0x80, 0x3f,
 0x00, 0x00, 0x80, 0x3f, 0x80, 0xd2, 0x33, 0x3e, 0x00, 0x00, 0x80, 0x3f,
 0x53, 0xa9, 0xb1, 0x3e, 0x08, 0x3c, 0x9c, 0x3e, 0x00, 0x00, 0x80, 0x3f,
 0x27, 0xe4, 0x95, 0x3e, 0x00, 0x00, 0x80, 0x3f, 0x00, 0x00, 0x80, 0x3f,
 0x4a, 0x5b, 0xef, 0x3e, 0x7e, 0xbc, 0x60, 0x3e, 0x00, 0x00, 0x80, 0x3f,
 0xe4, 0xd8, 0x76, 0x3e, 0x36, 0x33, 0x6a, 0x3e, 0x18, 0xea, 0x62, 0x3e,
 0x00, 0x00, 0x80, 0x3f, 0xb8, 0x78, 0x7b, 0x3e, 0x00, 0x00, 0x80, 0x3f,
 0xd4, 0x3c, 0x38, 0x3e, 0x00, 0x00, 0x80, 0x3f, 0x00, 0x00, 0x80, 0x3f,
 0x00, 0x00, 0x80, 0x3f, 0x95, 0x5e, 0x85, 0x3e, 0x00, 0x00, 0x80, 0x3f,
 0xe4, 0xd8, 0x76, 0x3e, 0x36, 0x33, 0x6a, 0x3e, 0x18, 0xea, 0x62, 0x3e,
 0x00, 0x00, 0x80, 0x3f, 0x27, 0xe4, 0x95, 0x3e, 0x00, 0x00, 0x80, 0x3f,
 0xe6, 0x60, 0xd7, 0x3e, 0x10, 0x33, 0x53, 0x3e, 0x00, 0x00, 0x80, 0x3f,
 0x00, 0x00, 0x80, 0x3f, 0x00, 0x00, 0x80, 0x3f, 0x00, 0x00, 0x80, 0x3f,
 0xb5, 0x72, 0x96, 0x3e, 0x85, 0xee, 0x84, 0x3e, 0xce, 0xe4, 0x80, 0x3e,
 0x00, 0x00, 0x80, 0x3f, 0x89, 0x9c, 0x9c, 0x3e, 0xa8, 0x58, 0x8b, 0x3e,
 0x48, 0x33, 0x47, 0x3e, 0x00, 0x00, 0x80, 0x3f, 0x00, 0x00, 0x80, 0x3f,
 0x27, 0xe4, 0x95, 0x3e, 0x00, 0x00, 0x80, 0x3f, 0xe6, 0x60, 0xd7, 0x3e,
 0x10, 0x33, 0x53, 0x3e, 0x00, 0x00, 0x80, 0x3f, 0x00, 0x00, 0x80, 0x3f,
 0x00, 0x00, 0x80, 0x3f, 0x00, 0x00, 0x80, 0x3f, 0x95, 0x5e, 0x85, 0x3e,
 0x00, 0x00, 0x80, 0x3f, 0x3b, 0xeb, 0x84, 0x3e, 0x6b, 0xeb, 0x57, 0x3e,
 0x00, 0x00, 0x80, 0x3f, 0xe4, 0xd8, 0x76, 0x3e, 0x36, 0x33, 0x6a, 0x3e,
 0x18, 0xea, 0x62, 0x3e, 0x00, 0x00, 0x80, 0x3f, 0x4a, 0x5b, 0xef, 0x3e,
 0x7e, 0xbc, 0x60, 0x3e, 0x00, 0x00, 0x80, 0x3f, 0x00, 0x00, 0x80, 0x3f,
 0x00, 0x00, 0x80, 0x3f, 0x00, 0x00, 0x80, 0x3f, 0x00, 0x00, 0x80, 0x3f,
 0x38, 0x24, 0x7c, 0x3e, 0xe9, 0x0d, 0x58, 0x3e, 0x69, 0x7f, 0x4e, 0x3e,
 0x00, 0x00, 0x80, 0x3f, 0x3b, 0xeb, 0x84, 0x3e, 0x6b, 0xeb, 0x57, 0x3e,
 0x00, 0x00, 0x80, 0x3f, 0xce, 0x96, 0x32, 0x3e, 0x00, 0x00, 0x80, 0x3f,
 0x00, 0x00, 0x80, 0x3f, 0x48, 0x97, 0x99, 0x3e, 0x00, 0x00, 0x80, 0x3f,
 0x27, 0xe4, 0x95, 0x3e, 0x00, 0x00, 0x80, 0x3f, 0x89, 0x9c, 0x9c, 0x3e,
 0xa8, 0x58, 0x8b, 0x3e, 0x48, 0x33, 0x47, 0x3e, 0x00, 0x00, 0x80, 0x3f,
 0xe6, 0x60, 0xd7, 0x3e, 0x10, 0x33, 0x53, 0x3e, 0x00, 0x00, 0x80, 0x3f,
 0xd4, 0x3c, 0x38, 0x3e, 0x00, 0x00, 0x80, 0x3f, 0x00, 0x00, 0x80, 0x3f,
 0x00, 0x00, 0x80, 0x3f, 0x4a, 0x5b, 0xef, 0x3e, 0x7e, 0xbc, 0x60, 0x3e,
 0x00, 0x00, 0x80, 0x3f, 0x01, 0x27, 0x4f, 0x3e, 0x00, 0x00, 0x80, 0x3f,
 0xe4, 0xd8, 0x76, 0x3e, 0x36, 0x33, 0x6a, 0x3e, 0x18, 0xea, 0x62, 0x3e,
 0x00, 0x00, 0x80, 0x3f, 0x00, 0x00, 0x80, 0x3f, 0x00, 0x00, 0x80, 0x3f,
 0x52, 0x23, 0x5c, 0x3e, 0x00, 0x00, 0x80, 0x3f, 0xb5, 0x72, 0x96, 0x3e,
 0x85, 0xee, 0x84, 0x3e, 0xce, 0xe4, 0x80, 0x3e, 0x00, 0x00, 0x80, 0x3f,
 0x89, 0x9c, 0x9c, 0x3e, 0xa8, 0x58, 0x8b, 0x3e, 0x48, 0x33, 0x47, 0x3e,
 0x00, 0x00, 0x80, 0x3f, 0x95, 0x5e, 0x85, 0x3e, 0x00, 0x00, 0x80, 0x3f,
 0x00, 0x00, 0x80, 0x3f, 0x00, 0x00, 0x80, 0x3f, 0x31, 0x44, 0xc3, 0x3e,
 0xce, 0x6d, 0xa1, 0x3e, 0x00, 0x00, 0x80, 0x3f, 0x00, 0x00, 0x80, 0x3f,
 0x80, 0xd2, 0x33, 0x3e, 0x00, 0x00, 0x80, 0x3f, 0x53, 0xa9, 0xb1, 0x3e,
 0x08, 0x3c, 0x9c, 0x3e, 0x00, 0x00, 0x80, 0x3f, 0x27, 0xe4, 0x95, 0x3e,
 0x00, 0x00, 0x80, 0x3f, 0x00, 0x00, 0x80, 0x3f, 0x4a, 0x5b, 0xef, 0x3e,
 0x7e, 0xbc, 0x60, 0x3e, 0x00, 0x00, 0x80, 0x3f, 0xe4, 0xd8, 0x76, 0x3e,
 0x36, 0x33, 0x6a, 0x3e, 0x18, 0xea, 0x62, 0x3e, 0x00, 0x00, 0x80, 0x3f,
 0xb8, 0x78, 0x7b, 0x3e, 0x00, 0x00, 0x80, 0x3f, 0xd4, 0x3c, 0x38, 0x3e,
 0x00, 0x00, 0x80, 0x3f, 0x00, 0x00, 0x80, 0x3f, 0x00, 0x00, 0x80, 0x3f,
 0x95, 0x5e, 0x85, 0x3e, 0x00, 0x00, 0x80, 0x3f, 0xe4, 0xd8, 0x76, 0x3e,
 0x36, 0x33, 0x6a, 0x3e, 0x18, 0xea, 0x62, 0x3e, 0x00, 0x00, 0x80, 0x3f,
 0x27, 0xe4, 0x95, 0x3e, 0x00, 0x00, 0x80, 0x3f, 0xe6, 0x60, 0xd7, 0x3e,
 0x10, 0x33, 0x53, 0x3e, 0x00, 0x00, 0x80, 0x3f, 0x00, 0x00, 0x80, 0x3f,
 0x00, 0x00, 0x80, 0x3f, 0x00, 0x00, 0x80, 0x3f, 0xb5, 0x72, 0x96, 0x3e,
 0x85, 0xee, 0x84, 0x3e, 0xce, 0xe4, 0x80, 0x3e, 0x00, 0x00, 0x80, 0x3f,
 0x89, 0x9c, 0x9c, 0x3e, 0xa8, 0x58, 0x8b, 0x3e, 0x48, 0x33, 0x47, 0x3e,
 0x00, 0x00, 0x80, 0x3f, 0x00, 0x00, 0x80, 0x3f, 0x27, 0xe4, 0x95, 0x3e,
 0x00, 0x00, 0x80, 0x3f, 0xe6, 0x60, 0xd7, 0x3e, 0x10, 0x33, 0x53, 0x3e,
 0x00, 0x00, 0x80, 0x3f, 0x00, 0x00, 0x80, 0x3f, 0x00, 0x00, 0x80, 0x3f,
 0x00, 0x00, 0x80, 0x3f, 0x95, 0x5e, 0x85, 0x3e, 0x00, 0x00, 0x80, 0x3f,
 0x3b, 0xeb, 0x84, 0x3e, 0x6b, 0xeb, 0x57, 0x3e, 0x00, 0x00, 0x80, 0x3f,
 0xe4, 0xd8, 0x76, 0x3e, 0x36, 0x33, 0x6a, 0x3e, 0x18, 0xea, 0x62, 0x3e,
 0x00, 0x00, 0x80, 0x3f, 0x4a, 0x5b, 0xef, 0x3e, 0x7e, 0xbc, 0x60, 0x3e,
 0x00, 0x00, 0x80, 0x3f, 0x00, 0x00, 0x80, 0x3f, 0x00, 0x00, 0x80, 0x3f,
 0x00, 0x00, 0x80, 0x3f, 0x00, 0x00, 0x80, 0x3f, 0x38, 0x24, 0x7c, 0x3e,
 0xe9, 0x0d, 0x58, 0x3e, 0x69, 0x7f, 0x4e, 0x3e, 0x00, 0x00, 0x80, 0x3f,
 0x3b, 0xeb, 0x84, 0x3e, 0x6b, 0xeb, 0x57, 0x3e, 0x00, 0x00, 0x80, 0x3f,
 0x52, 0x23, 0x5c, 0x3e, 0x00, 0x00, 0x80, 0x3f, 0xb5, 0x72, 0x96, 0x3e,
 0x85, 0xee, 0x84, 0x3e, 0xce, 0xe4, 0x80, 0x3e, 0x00, 0x00, 0x80, 0x3f,
 0x89, 0x9c, 0x9c, 0x3e, 0xa8, 0x58, 0x8b, 0x3e, 0x48, 0x33, 0x47, 0x3e,
 0x00, 0x00, 0x80, 0x3f, 0x95, 0x5e, 0x85, 0x3e, 0x00, 0x00, 0x80, 0x3f,
 0x00, 0x00, 0x80, 0x3f, 0x00, 0x00, 0x80, 0x3f, 0x31, 0x44, 0xc3, 0x3e,
 0xce, 0x6d, 0xa1, 0x3e, 0x00, 0x00, 0x80, 0x3f, 0x00, 0x00, 0x80, 0x3f,
 0x80, 0xd2, 0x33, 0x3e, 0x00, 0x00, 0x80, 0x3f, 0x53, 0xa9, 0xb1, 0x3e,
 0x08, 0x3c, 0x9c, 0x3e, 0x00, 0x00, 0x80, 0x3f, 0x27, 0xe4, 0x95, 0x3e,
 0x00, 0x00, 0x80, 0x3f, 0x00, 0x00, 0x80, 0x3f, 0x4a, 0x5b, 0xef, 0x3e,
 0x7e, 0xbc, 0x60, 0x3e, 0x00, 0x00, 0x80, 0x3f, 0xe4, 0xd8, 0x76, 0x3e,
 0x36, 0x33, 0x6a, 0x3e, 0x18, 0xea, 0x62, 0x3e, 0x00, 0x00, 0x80, 0x3f,
 0xb8, 0x78, 0x7b, 0x3e, 0x00, 0x00, 0x80, 0x3f, 0xd4, 0x3c, 0x38, 0x3e,
 0x00, 0x00, 0x80, 0x3f, 0x00, 0x00, 0x80, 0x3f, 0x00, 0x00, 0x80, 0x3f,
 0x95, 0x5e, 0x85, 0x3e, 0x00, 0x00, 0x80, 0x3f, 0xe4, 0xd8, 0x76, 0x3e,
 0x36, 0x33, 0x6a, 0x3e, 0x18, 0xea, 0x62, 0x3e, 0x00, 0x00, 0x80, 0x3f,
 0x27, 0xe4, 0x95, 0x3e, 0x00, 0x00, 0x80, 0x3f, 0xe6, 0x60, 0xd7, 0x3e,
 0x10, 0x33, 0x53, 0x3e, 0x00, 0x00, 0x80, 0x3f, 0x00, 0x00, 0x80, 0x3f,
 0x00, 0x00, 0x80, 0x3f, 0x00, 0x00, 0x80, 0x3f, 0xb5, 0x72, 0x96, 0x3e,
 0x85, 0xee, 0x84, 0x3e, 0xce, 0xe4, 0x80, 0x3e, 0x00, 0x00, 0x80, 0x3f,
 0x89, 0x9c, 0x9c, 0x3e, 0xa8, 0x58, 0x8b, 0x3e, 0x48, 0x33, 0x47, 0x3e,
 0x00, 0x00, 0x80, 0x3f, 0x00, 0x00, 0x80, 0x3f, 0x27, 0xe4, 0x95, 0x3e,
 0x00, 0x00, 0x80, 0x3f, 0xe6, 0x60, 0xd7, 0x3e, 0x10, 0x33, 0x53, 0x3e,
 0x00, 0x00, 0x80, 0x3f, 0x00, 0x00, 0x80, 0x3f, 0x00, 0x00, 0x80, 0x3f,
 0x00, 0x00, 0x80, 0x3f, 0x80, 0xe6, 0xb1, 0x3e, 0xfc, 0x46, 0x83, 0x3e,
 0xd9, 0xd5, 0x74, 0x3e, 0x00, 0x00, 0x80, 0x3f, 0x9b, 0x15, 0x49, 0x3e,
 0x00, 0x00, 0x80, 0x3f, 0x95, 0x5e, 0x85, 0x3e, 0x00, 0x00, 0x80, 0x3f,
 0x00, 0x00, 0x80, 0x3f, 0x83, 0xaf, 0x81, 0x3e, 0x00, 0x00, 0x80, 0x3f,
 0x00, 0x00, 0x80, 0x3f, 0x01, 0x27, 0x4f, 0x3e, 0x00, 0x00, 0x80, 0x3f,
 0x00, 0x00, 0x80, 0x3f, 0x00, 0x00, 0x80, 0x3f, 0x00, 0x00, 0x80, 0x3f,
 0x00, 0x00, 0x80, 0x3f, 0x38, 0x24, 0x7c, 0x3e, 0xe9, 0x0d, 0x58, 0x3e,
 0x69, 0x7f, 0x4e, 0x3e, 0x00, 0x00, 0x80, 0x3f, 0x3b, 0xeb, 0x84, 0x3e,
 0x6b, 0xeb, 0x57, 0x3e, 0x00, 0x00, 0x80, 0x3f, 0xce, 0x96, 0x32, 0x3e,
 0x00, 0x00, 0x80, 0x3f, 0x00, 0x00, 0x80, 0x3f, 0x48, 0x97, 0x99, 0x3e,
 0x00, 0x00, 0x80, 0x3f, 0x27, 0xe4, 0x95, 0x3e, 0x00, 0x00, 0x80, 0x3f,
 0x89, 0x9c, 0x9c, 0x3e, 0xa8, 0x58, 0x8b, 0x3e, 0x48, 0x33, 0x47, 0x3e,
 0x00, 0x00, 0x80, 0x3f, 0xe6, 0x60, 0xd7, 0x3e, 0x10, 0x33, 0x53, 0x3e,
 0x00, 0x00, 0x80, 0x3f, 0xd4, 0x3c, 0x38, 0x3e, 0x00, 0x00, 0x80, 0x3f,
 0x00, 0x00, 0x80, 0x3f, 0x00, 0x00, 0x80, 0x3f, 0x4a, 0x5b, 0xef, 0x3e,
 0x7e, 0xbc, 0x60, 0x3e, 0x00, 0x00, 0x80, 0x3f, 0x01, 0x27, 0x4f, 0x3e,
 0x00, 0x00, 0x80, 0x3f, 0xe4, 0xd8, 0x76, 0x3e, 0x36, 0x33, 0x6a, 0x3e,
 0x18, 0xea, 0x62, 0x3e, 0x00, 0x00, 0x80, 0x3f, 0x00, 0x00, 0x80, 0x3f,
 0x00, 0x00, 0x80, 0x3f, 0x52, 0x23, 0x5c, 0x3e, 0x00, 0x00, 0x80, 0x3f,
 0xb5, 0x72, 0x96, 0x3e, 0x85, 0xee, 0x84, 0x3e, 0xce, 0xe4, 0x80, 0x3e,
 0x00, 0x00, 0x80, 0x3f, 0x89, 0x9c, 0x9c, 0x3e, 0xa8, 0x58, 0x8b, 0x3e,
 0x48, 0x33, 0x47, 0x3e, 0x00, 0x00, 0x80, 0x3f, 0x95, 0x5e, 0x85, 0x3e,
 0x00, 0x00, 0x80, 0x3f, 0x00, 0x00, 0x80, 0x3f, 0x00, 0x00, 0x80, 0x3f,
 0x31, 0x44, 0xc3, 0x3e, 0xce, 0x6d, 0xa1, 0x3e, 0x00, 0x00, 0x80, 0x3f,
 0x00, 0x00, 0x80, 0x3f, 0x80, 0xd2, 0x33, 0x3e, 0x00, 0x00, 0x80, 0x3f,
 0x53, 0xa9, 0xb1, 0x3e, 0x08, 0x3c, 0x9c, 0x3e, 0x00, 0x00, 0x80, 0x3f,
 0x27, 0xe4, 0x95, 0x3e, 0x00, 0x00, 0x80, 0x3f, 0x00, 0x00, 0x80, 0x3f,
 0x4a, 0x5b, 0xef, 0x3e, 0x7e, 0xbc, 0x60, 0x3e, 0x00, 0x00, 0x80, 0x3f,
 0xe4, 0xd8, 0x76, 0x3e, 0x36, 0x33, 0x6a, 0x3e, 0x18, 0xea, 0x62, 0x3e,
 0x00, 0x00, 0x80, 0x3f, 0xb8, 0x78, 0x7b, 0x3e, 0x00, 0x00, 0x80, 0x3f,
 0xd4, 0x3c, 0x38, 0x3e, 0x00, 0x00, 0x80, 0x3f, 0x00, 0x00, 0x80, 0x3f,
 0x00, 0x00, 0x80, 0x3f, 0x95, 0x5e, 0x85, 0x3e, 0x00, 0x00, 0x80, 0x3f,
 0xe4, 0xd8, 0x76, 0x3e, 0x36, 0x33, 0x6a, 0x3e, 0x18, 0xea, 0x62, 0x3e,
 0x00, 0x00, 0x80, 0x3f, 0x27, 0xe4, 0x95, 0x3e, 0x00, 0x00, 0x80, 0x3f,
 0xe6, 0x60, 0xd7, 0x3e, 0x10, 0x33, 0x53, 0x3e, 0x00, 0x00, 0x80, 0x3f,
 0x00, 0x00, 0x80, 0x3f, 0x00, 0x00, 0x80, 0x3f, 0x00, 0x00, 0x80, 0x3f,
 0xb5, 0x72, 0x96, 0x3e, 0x85, 0xee, 0x84, 0x3e, 0xce, 0xe4, 0x80, 0x3e,
 0x00, 0x00, 0x80, 0x3f, 0x89, 0x9c, 0x9c, 0x3e, 0xa8, 0x58, 0x8b, 0x3e,
 0x48, 0x33, 0x47, 0x3e, 0x00, 0x00, 0x80, 0x3f, 0x00, 0x00, 0x80, 0x3f,
 0x27, 0xe4, 0x95, 0x3e, 0x00, 0x00, 0x80, 0x3f, 0xe6, 0x60, 0xd7, 0x3e,
 0x10, 0x33, 0x53, 0x3e, 0x00, 0x00, 0x80, 0x3f, 0x00, 0x00, 0x80, 0x3f,
 0x00, 0x00, 0x80, 0x3f, 0x00, 0x00, 0x80, 0x3f, 0x80, 0xe6, 0xb1, 0x3e,
 0xfc, 0x46, 0x83, 0x3e, 0xd9, 0xd5, 0x74, 0x3e, 0x00, 0x00, 0x80, 0x3f,
 0x9b, 0x15, 0x49, 0x3e, 0x00, 0x00, 0x80, 0x3f, 0x95, 0x5e, 0x85, 0x3e,
 0x00, 0x00, 0x80, 0x3f, 0x00, 0x00, 0x80, 0x3f, 0x83, 0xaf, 0x81, 0x3e,
 0x00, 0x00, 0x80, 0x3f, 0x00, 0x00, 0x80, 0x3f, 0x01, 0x27, 0x4f, 0x3e,
 0x00, 0x00, 0x80, 0x3f, 0x00, 0x00, 0x80, 0x3f, 0x00, 0x00, 0x80, 0x3f,
 0x00, 0x00, 0x80, 0x3f, 0x00, 0x00, 0x80, 0x3f, 0x38, 0x24, 0x7c, 0x3e,
 0xe9, 0x0d, 0x58, 0x3e, 0x69, 0x7f, 0x4e, 0x3e, 0x00, 0x00, 0x80, 0x3f,
 0x3b, 0xeb, 0x84, 0x3e, 0x6b, 0xeb, 0x57, 0x3e, 0x00, 0x00, 0x80, 0x3f,
 0x52, 0x23, 0x5c, 0x3e, 0x00, 0x00, 0x80, 0x3f, 0xb5, 0x72, 0x96, 0x3e,
 0x85, 0xee, 0x84, 0x3e, 0xce, 0xe4, 0x80, 0x3e, 0x00, 0x00, 0x80, 0x3f,
 0x89, 0x9c, 0x9c, 0x3e, 0xa8, 0x58, 0x8b, 0x3e, 0x48, 0x33, 0x47, 0x3e,
 0x00, 0x00, 0x80, 0x3f, 0x95, 0x5e, 0x85, 0x3e, 0x00, 0x00, 0x80, 0x3f,
 0x00, 0x00, 0x80, 0x3f, 0x00, 0x00, 0x80, 0x3f, 0x31, 0x44, 0xc3, 0x3e,
 0xce, 0x6d, 0xa1, 0x3e, 0x00, 0x00, 0x80, 0x3f, 0x00, 0x00, 0x80, 0x3f,
 0x80, 0xd2, 0x33, 0x3e, 0x00, 0x00, 0x80, 0x3f, 0x53, 0xa9, 0xb1, 0x3e,
 0x08, 0x3c, 0x9c, 0x3e, 0x00, 0x00, 0x80, 0x3f, 0x27, 0xe4, 0x95, 0x3e,
 0x00, 0x00, 0x80, 0x3f, 0x00, 0x00, 0x80, 0x3f, 0x4a, 0x5b, 0xef, 0x3e,
 0x7e, 0xbc, 0x60, 0x3e, 0x00, 0x00, 0x80, 0x3f, 0xe4, 0xd8, 0x76, 0x3e,
 0x36, 0x33, 0x6a, 0x3e, 0x18, 0xea, 0x62, 0x3e, 0x00, 0x00, 0x80, 0x3f,
 0xb8, 0x78, 0x7b, 0x3e, 0x00, 0x00, 0x80, 0x3f, 0xd4, 0x3c, 0x38, 0x3e,
 0x00, 0x00, 0x80, 0x3f, 0x00, 0x00, 0x80, 0x3f, 0x00, 0x00, 0x80, 0x3f,
 0x95, 0x5e, 0x85, 0x3e, 0x00, 0x00, 0x80, 0x3f, 0xe4, 0xd8, 0x76, 0x3e,
 0x36, 0x33, 0x6a, 0x3e, 0x18, 0xea, 0x62, 0x3e, 0x00, 0x00, 0x80, 0x3f,
 0x27, 0xe4, 0x95, 0x3e, 0x00, 0x00, 0x80, 0x3f, 0xe6, 0x60, 0xd7, 0x3e,
 0x10, 0x33, 0x53, 0x3e, 0x00, 0x00, 0x80, 0x3f, 0x00, 0x00, 0x80, 0x3f,
 0x00, 0x00, 0x80, 0x3f, 0x00, 0x00, 0x80, 0x3f, 0xb5, 0x72, 0x96, 0x3e,
 0x85, 0xee, 0x84, 0x3e, 0xce, 0xe4, 0x80, 0x3e, 0x00, 0x00, 0x80, 0x3f,
 0x89, 0x9c, 0x9c, 0x3e, 0xa8, 0x58, 0x8b, 0x3e, 0x48, 0x33, 0x47, 0x3e,
 0x00, 0x00, 0x80, 0x3f, 0x00, 0x00, 0x80, 0x3f, 0x27, 0xe4, 0x95, 0x3e,
 0x00, 0x00, 0x80, 0x3f, 0xe6, 0x60, 0xd7, 0x3e, 0x10, 0x33, 0x53, 0x3e,
 0x00, 0x00, 0x80, 0x3f, 0x00, 0x00, 0x80, 0x3f, 0x00, 0x00, 0x80, 0x3f,
 0x00, 0x00, 0x80, 0x3f, 0x00, 0x00, 0x80, 0x3f, 0x86, 0x0a, 0x92, 0x3e,
 0x46, 0x3e, 0x44, 0x3e, 0x00, 0x00, 0x80, 0x3f, 0x53, 0xa9, 0xb1, 0x3e,
 0x08, 0x3c, 0x9c, 0x3e, 0x00, 0x00, 0x80, 0x3f, 0x83, 0xaf, 0x81, 0x3e,
 0x00, 0x00, 0x80, 0x3f, 0x61, 0x86, 0x82, 0x3e, 0xfd, 0x03, 0x7f, 0x3e,
 0x00, 0x00, 0x80, 0x3f, 0x00, 0x00, 0x80, 0x3f, 0x00, 0x00, 0x80, 0x3f,
 0x00, 0x00, 0x80, 0x3f, 0x00, 0x00, 0x80, 0x3f, 0x38, 0x24, 0x7c, 0x3e,
 0xe9, 0x0d, 0x58, 0x3e, 0x69, 0x7f, 0x4e, 0x3e, 0x00, 0x00, 0x80, 0x3f,
 0x3b, 0xeb, 0x84, 0x3e, 0x6b, 0xeb, 0x57, 0x3e, 0x00, 0x00, 0x80, 0x3f,
 0xce, 0x96, 0x32, 0x3e, 0x00, 0x00, 0x80, 0x3f, 0x00, 0x00, 0x80, 0x3f,
 0x48, 0x97, 0x99, 0x3e, 0x00, 0x00, 0x80, 0x3f, 0x27, 0xe4, 0x95, 0x3e,
 0x00, 0x00, 0x80, 0x3f, 0x89, 0x9c, 0x9c, 0x3e, 0xa8, 0x58, 0x8b, 0x3e,
 0x48, 0x33, 0x47, 0x3e, 0x00, 0x00, 0x80, 0x3f, 0xe6, 0x60, 0xd7, 0x3e,
 0x10, 0x33, 0x53, 0x3e, 0x00, 0x00, 0x80, 0x3f, 0xd4, 0x3c, 0x38, 0x3e,
 0x00, 0x00, 0x80, 0x3f, 0x00, 0x00, 0x80, 0x3f, 0x00, 0x00, 0x80, 0x3f,
 0x4a, 0x5b, 0xef, 0x3e, 0x7e, 0xbc, 0x60, 0x3e, 0x00, 0x00, 0x80, 0x3f,
 0x01, 0x27, 0x4f, 0x3e, 0x00, 0x00, 0x80, 0x3f, 0xe4, 0xd8, 0x76, 0x3e,
 0x36, 0x33, 0x6a, 0x3e, 0x18, 0xea, 0x62, 0x3e, 0x00, 0x00, 0x80, 0x3f,
 0x00, 0x00, 0x80, 0x3f, 0x00, 0x00, 0x80, 0x3f, 0x52, 0x23, 0x5c, 0x3e,
 0x00, 0x00, 0x80, 0x3f, 0xb5, 0x72, 0x96, 0x3e, 0x85, 0xee, 0x84, 0x3e,
 0xce, 0xe4, 0x80, 0x3e, 0x00, 0x00, 0x80, 0x3f, 0x89, 0x9c, 0x9c, 0x3e,
 0xa8, 0x58, 0x8b, 0x3e, 0x48, 0x33, 0x47, 0x3e, 0x00, 0x00, 0x80, 0x3f,
 0x95, 0x5e, 0x85, 0x3e, 0x00, 0x00, 0x80, 0x3f, 0x00, 0x00, 0x80, 0x3f,
 0x00, 0x00, 0x80, 0x3f, 0x31, 0x44, 0xc3, 0x3e, 0xce, 0x6d, 0xa1, 0x3e,
 0x00, 0x00, 0x80, 0x3f, 0x00, 0x00, 0x80, 0x3f, 0x80, 0xd2, 0x33, 0x3e,
 0x00, 0x00, 0x80, 0x3f, 0x53, 0xa9, 0xb1, 0x3e, 0x08, 0x3c, 0x9c, 0x3e,
 0x00, 0x00, 0x80, 0x3f, 0x27, 0xe4, 0x95, 0x3e, 0x00, 0x00, 0x80, 0x3f,
 0x00, 0x00, 0x80, 0x3f, 0x4a, 0x5b, 0xef, 0x3e, 0x7e, 0xbc, 0x60, 0x3e,
 0x00, 0x00, 0x80, 0x3f, 0xe4, 0xd8, 0x76, 0x3e, 0x36, 0x33, 0x6a, 0x3e,
 0x18, 0xea, 0x62, 0x3e, 0x00, 0x00, 0x80, 0x3f, 0xb8, 0x78, 0x7b, 0x3e,
 0x00, 0x00, 0x80, 0x3f, 0xd4, 0x3c, 0x38, 0x3e, 0x00, 0x00, 0x80, 0x3f,
 0x00, 0x00, 0x80, 0x3f, 0x00, 0x00, 0x80, 0x3f, 0x95, 0x5e, 0x85, 0x3e,
 0x00, 0x00, 0x80, 0x3f, 0xe4, 0xd8, 0x76, 0x3e, 0x36, 0x33, 0x6a, 0x3e,
 0x18, 0xea, 0x62, 0x3e, 0x00, 0x00, 0x80, 0x3f, 0x27, 0xe4, 0x95, 0x3e,
 0x00, 0x00, 0x80, 0x3f, 0xe6, 0x60, 0xd7, 0x3e, 0x10, 0x33, 0x53, 0x3e,
 0x00, 0x00, 0x80, 0x3f, 0x00, 0x00, 0x80, 0x3f, 0x00, 0x00, 0x80, 0x3f,
 0x00, 0x00, 0x80, 0x3f, 0xb5, 0x72, 0x96, 0x3e, 0x85, 0xee, 0x84, 0x3e,
 0xce, 0xe4, 0x80, 0x3e, 0x00, 0x00, 0x80, 0x3f, 0x89, 0x9c, 0x9c, 0x3e,
 0xa8, 0x58, 0x8b, 0x3e, 0x48, 0x33, 0x47, 0x3e, 0x00, 0x00, 0x80, 0x3f,
 0x00, 0x00, 0x80, 0x3f, 0x27, 0xe4, 0x95, 0x3e, 0x00, 0x00, 0x80, 0x3f,
 0xe6, 0x60, 0xd7, 0x3e, 0x10, 0x33, 0x53, 0x3e, 0x00, 0x00, 0x80, 0x3f,
 0x00, 0x00, 0x80, 0x3f, 0x00, 0x00, 0x80, 0x3f, 0x00, 0x00, 0x80, 0x3f,
 0x00, 0x00, 0x80, 0x3f, 0x86, 0x0a, 0x92, 0x3e, 0x46, 0x3e, 0x44, 0x3e,
 0x00, 0x00, 0x80, 0x3f, 0x53, 0xa9, 0xb1, 0x3e, 0x08, 0x3c, 0x9c, 0x3e,
 0x00, 0x00, 0x80, 0x3f, 0x83, 0xaf, 0x81, 0x3e, 0x00, 0x00, 0x80, 0x3f,
 0x61, 0x86, 0x82, 0x3e, 0xfd, 0x03, 0x7f, 0x3e, 0x00, 0x00, 0x80, 0x3f,
 0x00, 0x00, 0x80, 0x3f, 0x00, 0x00, 0x80, 0x3f, 0x00, 0x00, 0x80, 0x3f,
 0x00, 0x00, 0x80, 0x3f, 0x38, 0x24, 0x7c, 0x3e, 0xe9, 0x0d, 0x58, 0x3e,
 0x69, 0x7f, 0x4e, 0x3e, 0x00, 0x00, 0x80, 0x3f, 0x3b, 0xeb, 0x84, 0x3e,
 0x6b, 0xeb, 0x57, 0x3e, 0x00, 0x00, 0x80, 0x3f, 0x52, 0x23, 0x5c, 0x3e,
 0x00, 0x00, 0x80, 0x3f, 0xb5, 0x72, 0x96, 0x3e, 0x85, 0xee, 0x84, 0x3e,
 0xce, 0xe4, 0x80, 0x3e, 0x00, 0x00, 0x80, 0x3f, 0x89, 0x9c, 0x9c, 0x3e,
 0xa8, 0x58, 0x8b, 0x3e, 0x48, 0x33, 0x47, 0x3e, 0x00, 0x00, 0x80, 0x3f,
 0x95, 0x5e, 0x85, 0x3e, 0x00, 0x00, 0x80, 0x3f, 0x00, 0x00, 0x80, 0x3f,
 0x00, 0x00, 0x80, 0x3f, 0x31, 0x44, 0xc3, 0x3e, 0xce, 0x6d, 0xa1, 0x3e,
 0x00, 0x00, 0x80, 0x3f, 0x00, 0x00, 0x80, 0x3f, 0x80, 0xd2, 0x33, 0x3e,
 0x00, 0x00, 0x80, 0x3f, 0x53, 0xa9, 0xb1, 0x3e, 0x08, 0x3c, 0x9c, 0x3e,
 0x00, 0x00, 0x80, 0x3f, 0x27, 0xe4, 0x95, 0x3e, 0x00, 0x00, 0x80, 0x3f,
 0x00, 0x00, 0x80, 0x3f, 0x4a, 0x5b, 0xef, 0x3e, 0x7e, 0xbc, 0x60, 0x3e,
 0x00, 0x00, 0x80, 0x3f, 0xe4, 0xd8, 0x76, 0x3e, 0x36, 0x33, 0x6a, 0x3e,
 0x18, 0xea, 0x62, 0x3e, 0x00, 0x00, 0x80, 0x3f, 0xb8, 0x78, 0x7b, 0x3e,
 0x00, 0x00, 0x80, 0x3f, 0xd4, 0x3c, 0x38, 0x3e, 0x00, 0x00, 0x80, 0x3f,
 0x00, 0x00, 0x80, 0x3f, 0x00, 0x00, 0x80, 0x3f, 0x95, 0x5e, 0x85, 0x3e,
 0x00, 0x00, 0x80, 0x3f, 0xe4, 0xd8, 0x76, 0x3e, 0x36, 0x33, 0x6a, 0x3e,
 0x18, 0xea, 0x62, 0x3e, 0x00, 0x00, 0x80, 0x3f, 0x27, 0xe4, 0x95, 0x3e,
 0x00, 0x00, 0x80, 0x3f, 0xe6, 0x60, 0xd7, 0x3e, 0x10, 0x33, 0x53, 0x3e,
 0x00, 0x00, 0x80, 0x3f, 0x00, 0x00, 0x80, 0x3f, 0x00, 0x00, 0x80, 0x3f,
 0x00, 0x00, 0x80, 0x3f, 0xb5, 0x72, 0x96, 0x3e, 0x85, 0xee, 0x84, 0x3e,
 0xce, 0xe4, 0x80, 0x3e, 0x00, 0x00, 0x80, 0x3f, 0x89, 0x9c, 0x9c, 0x3e,
 0xa8, 0x58, 0x8b, 0x3e, 0x48, 0x33, 0x47, 0x3e, 0x00, 0x00, 0x80, 0x3f,
 0x00, 0x00, 0x80, 0x3f, 0x27, 0xe4, 0x95, 0x3e, 0x00, 0x00, 0x80, 0x3f,
 0xe6, 0x60, 0xd7, 0x3e, 0x10, 0x33, 0x53, 0x3e, 0x00, 0x00, 0x80, 0x3f,
 0x00, 0x00, 0x80, 0x3f, 0x00, 0x00, 0x80, 0x3f, 0x00, 0x00, 0x80, 0x3f,
 0x00, 0x00, 0x80, 0x3f, 0x00, 0x00, 0x80, 0x3f, 0x00, 0x00, 0x80, 0x3f,
 0x00, 0x00, 0x80, 0x3f, 0x00, 0x00, 0x80, 0x3f, 0x00, 0x00, 0x80, 0x3f,
 0x00, 0x00, 0x80, 0x3f, 0x38, 0x24, 0x7c, 0x3e, 0xe9, 0x0d, 0x58, 0x3e,
 0x69, 0x7f, 0x4e, 0x3e, 0x00, 0x00, 0x80, 0x3f, 0x3b, 0xeb, 0x84, 0x3e,
 0x6b, 0xeb, 0x57, 0x3e, 0x00, 0x00, 0x80, 0x3f, 0xce, 0x96, 0x32, 0x3e,
 0x00, 0x00, 0x80, 0x3f, 0x00, 0x00, 0x80, 0x3f, 0x48, 0x97, 0x99, 0x3e,
 0x00, 0x00, 0x80, 0x3f, 0x27, 0xe4, 0x95, 0x3e, 0x00, 0x00, 0x80, 0x3f,
 0x89, 0x9c, 0x9c, 0x3e, 0xa8, 0x58, 0x8b, 0x3e, 0x48, 0x33, 0x47, 0x3e,
 0x00, 0x00, 0x80, 0x3f, 0xe6, 0x60, 0xd7, 0x3e, 0x10, 0x33, 0x53, 0x3e,
 0x00, 0x00, 0x80, 0x3f, 0xd4, 0x3c, 0x38, 0x3e, 0x00, 0x00, 0x80, 0x3f,
 0x00, 0x00, 0x80, 0x3f, 0x00, 0x00, 0x80, 0x3f, 0x4a, 0x5b, 0xef, 0x3e,
 0x7e, 0xbc, 0x60, 0x3e, 0x00, 0x00, 0x80, 0x3f, 0x01, 0x27, 0x4f, 0x3e,
 0x00, 0x00, 0x80, 0x3f, 0xe4, 0xd8, 0x76, 0x3e, 0x36, 0x33, 0x6a, 0x3e,
 0x18, 0xea, 0x62, 0x3e, 0x00, 0x00, 0x80, 0x3f, 0x00, 0x00, 0x80, 0x3f,
 0x00, 0x00, 0x80, 0x3f, 0x52, 0x23, 0x5c, 0x3e, 0x00, 0x00, 0x80, 0x3f,
 0xb5, 0x72, 0x96, 0x3e, 0x85, 0xee, 0x84, 0x3e, 0xce, 0xe4, 0x80, 0x3e,
 0x00, 0x00, 0x80, 0x3f, 0x89, 0x9c, 0x9c, 0x3e, 0xa8, 0x58, 0x8b, 0x3e,
 0x48, 0x33, 0x47, 0x3e, 0x00, 0x00, 0x80, 0x3f, 0x95, 0x5e, 0x85, 0x3e,
 0x00, 0x00, 0x80, 0x3f, 0x00, 0x00, 0x80, 0x3f, 0x00, 0x00, 0x80, 0x3f,
 0x31, 0x44, 0xc3, 0x3e, 0xce, 0x6d, 0xa1, 0x3e, 0x00, 0x00, 0x80, 0x3f,
 0x00, 0x00, 0x80, 0x3f, 0x80, 0xd2, 0x33, 0x3e, 0x00, 0x00, 0x80, 0x3f,
 0x53, 0xa9, 0xb1, 0x3e, 0x08, 0x3c, 0x9c, 0x3e, 0x00, 0x00, 0x80, 0x3f,
 0x27, 0xe4, 0x95, 0x3e, 0x00, 0x00, 0x80, 0x3f, 0x00, 0x00, 0x80, 0x3f,
 0x4a, 0x5b, 0xef, 0x3e, 0x7e, 0xbc, 0x60, 0x3e, 0x00, 0x00, 0x80, 0x3f,
 0xe4, 0xd8, 0x76, 0x3e, 0x36, 0x33, 0x6a, 0x3e, 0x18, 0xea, 0x62, 0x3e,
 0x00, 0x00, 0x80, 0x3f, 0xb8, 0x78, 0x7b, 0x3e, 0x00, 0x00, 0x80, 0x3f,
 0xd4, 0x3c, 0x38, 0x3e, 0x00, 0x00, 0x80, 0x3f, 0x00, 0x00, 0x80, 0x3f,
 0x00, 0x00, 0x80, 0x3f, 0x95, 0x5e, 0x85, 0x3e, 0x00, 0x00, 0x80, 0x3f,
 0xe4, 0xd8, 0x76, 0x3e, 0x36, 0x33, 0x6a, 0x3e, 0x18, 0xea, 0x62, 0x3e,
 0x00, 0x00, 0x80, 0x3f, 0x27, 0xe4, 0x95, 0x3e, 0x00, 0x00, 0x80, 0x3f,
 0xe6, 0x60, 0xd7, 0x3e, 0x10, 0x33, 0x53, 0x3e, 0x00, 0x00, 0x80, 0x3f,
 0x00, 0x00, 0x80, 0x3f, 0x00, 0x00, 0x80, 0x3f, 0x00, 0x00, 0x80, 0x3f,
 0xb5, 0x72, 0x96, 0x3e, 0x85, 0xee, 0x84, 0x3e, 0xce, 0xe4, 0x80, 0x3e,
 0x00, 0x00, 0x80, 0x3f, 0x89, 0x9c, 0x9c, 0x3e, 0xa8, 0x58, 0x8b, 0x3e,
 0x48, 0x33, 0x47, 0x3e, 0x00, 0x00, 0x80, 0x3f, 0x00, 0x00, 0x80, 0x3f,
 0x27, 0xe4, 0x95, 0x3e, 0x00, 0x00, 0x80, 0x3f, 0xe6, 0x60, 0xd7, 0x3e,
 0x10, 0x33, 0x53, 0x3e, 0x00, 0x00, 0x80, 0x3f, 0x00, 0x00, 0x80, 0x3f,
 0x00, 0x00, 0x80, 0x3f, 0x00, 0x00, 0x80, 0x3f, 0x00, 0x00, 0x80, 0x3f,
 0x00, 0x00, 0x80, 0x3f, 0x00, 0x00, 0x80, 0x3f, 0x00, 0x00, 0x80, 0x3f,
 0x00, 0x00, 0x80, 0x3f, 0x00, 0x00, 0x80, 0x3f, 0x00, 0x00, 0x80, 0x3f,
 0x38, 0x24, 0x7c, 0x3e, 0xe9, 0x0d, 0x58, 0x3e, 0x69, 0x7f, 0x4e, 0x3e,
 0x00, 0x00, 0x80, 0x3f, 0x3b, 0xeb, 0x84, 0x3e, 0x6b, 0xeb, 0x57, 0x3e,
 0x00, 0x00, 0x80, 0x3f, 0x00, 0x00, 0x80, 0x3f, 0x00, 0x00, 0x80, 0x3f,
 0x00, 0x00, 0x80, 0x3f, 0xce, 0x96, 0x32, 0x3e, 0x00, 0x00, 0x80, 0x3f,
 0x89, 0x9c, 0x9c, 0x3e, 0xa8, 0x58, 0x8b, 0x3e, 0x48, 0x33, 0x47, 0x3e,
 0x00, 0x00, 0x80, 0x3f, 0xb5, 0x72, 0x96, 0x3e, 0x85, 0xee, 0x84, 0x3e,
 0xce, 0xe4, 0x80, 0x3e, 0x00, 0x00, 0x80, 0x3f, 0xd4, 0x3c, 0x38, 0x3e,
 0x00, 0x00, 0x80, 0x3f, 0x95, 0x5e, 0x85, 0x3e, 0x00, 0x00, 0x80, 0x3f,
 0x00, 0x00, 0x80, 0x3f, 0x00, 0x00, 0x80, 0x3f, 0x31, 0x44, 0xc3, 0x3e,
 0xce, 0x6d, 0xa1, 0x3e, 0x00, 0x00, 0x80, 0x3f, 0x00, 0x00, 0x80, 0x3f,
 0x01, 0x27, 0x4f, 0x3e, 0x00, 0x00, 0x80, 0x3f, 0x83, 0xaf, 0x81, 0x3e,
 0x00, 0x00, 0x80, 0x3f, 0x00, 0x00, 0x80, 0x3f, 0x00, 0x00, 0x80, 0x3f,
 0x61, 0x86, 0x82, 0x3e, 0xfd, 0x03, 0x7f, 0x3e, 0x00, 0x00, 0x80, 0x3f,
 0x4a, 0x5b, 0xef, 0x3e, 0x7e, 0xbc, 0x60, 0x3e, 0x00, 0x00, 0x80, 0x3f,
 0x01, 0x27, 0x4f, 0x3e, 0x00, 0x00, 0x80, 0x3f, 0xe4, 0xd8, 0x76, 0x3e,
 0x36, 0x33, 0x6a, 0x3e, 0x18, 0xea, 0x62, 0x3e, 0x00, 0x00, 0x80, 0x3f,
 0x00, 0x00, 0x80, 0x3f, 0x00, 0x00, 0x80, 0x3f, 0x00, 0x00, 0x80, 0x3f,
 0x00, 0x00, 0x80, 0x3f, 0x00, 0x00, 0x80, 0x3f, 0x00, 0x00, 0x80, 0x3f,
 0x00, 0x00, 0x80, 0x3f, 0x00, 0x00, 0x80, 0x3f, 0x00, 0x00, 0x80, 0x3f,
 0x00, 0x00, 0x80, 0x3f, 0x00, 0x00, 0x80, 0x3f, 0x00, 0x00, 0x80, 0x3f,
 0x00, 0x00, 0x80, 0x3f, 0x00, 0x00, 0x80, 0x3f, 0x38, 0x24, 0x7c, 0x3e,
 0xe9, 0x0d, 0x58, 0x3e, 0x69, 0x7f, 0x4e, 0x3e, 0x00, 0x00, 0x80, 0x3f,
 0x3b, 0xeb, 0x84, 0x3e, 0x6b, 0xeb, 0x57, 0x3e, 0x00, 0x00, 0x80, 0x3f,
 0x00, 0x00, 0x80, 0x3f, 0x00, 0x00, 0x80, 0x3f, 0x00, 0x00, 0x80, 0x3f,
 0xce, 0x96, 0x32, 0x3e, 0x00, 0x00, 0x80, 0x3f, 0x89, 0x9c, 0x9c, 0x3e,
 0xa8, 0x58, 0x8b, 0x3e, 0x48, 0x33, 0x47, 0x3e, 0x00, 0x00, 0x80, 0x3f,
 0xb5, 0x72, 0x96, 0x3e, 0x85, 0xee, 0x84, 0x3e, 0xce, 0xe4, 0x80, 0x3e,
 0x00, 0x00, 0x80, 0x3f, 0xd4, 0x3c, 0x38, 0x3e, 0x00, 0x00, 0x80, 0x3f,
 0x53, 0xa9, 0xb1, 0x3e, 0x08, 0x3c, 0x9c, 0x3e, 0x00, 0x00, 0x80, 0x3f,
 0x86, 0x0a, 0x92, 0x3e, 0x46, 0x3e, 0x44, 0x3e, 0x00, 0x00, 0x80, 0x3f,
 0x27, 0xe4, 0x95, 0x3e, 0x00, 0x00, 0x80, 0x3f, 0x95, 0x5e, 0x85, 0x3e,
 0x00, 0x00, 0x80, 0x3f, 0x00, 0x00, 0x80, 0x3f, 0x00, 0x00, 0x80, 0x3f,
 0x31, 0x44, 0xc3, 0x3e, 0xce, 0x6d, 0xa1, 0x3e, 0x00, 0x00, 0x80, 0x3f,
 0x00, 0x00, 0x80, 0x3f, 0x01, 0x27, 0x4f, 0x3e, 0x00, 0x00, 0x80, 0x3f,
 0x83, 0xaf, 0x81, 0x3e, 0x00, 0x00, 0x80, 0x3f, 0x00, 0x00, 0x80, 0x3f,
 0x00, 0x00, 0x80, 0x3f, 0x61, 0x86, 0x82, 0x3e, 0xfd, 0x03, 0x7f, 0x3e,
 0x00, 0x00, 0x80, 0x3f, 0x4a, 0x5b, 0xef, 0x3e, 0x7e, 0xbc, 0x60, 0x3e,
 0x00, 0x00, 0x80, 0x3f, 0x01, 0x27, 0x4f, 0x3e, 0x00, 0x00, 0x80, 0x3f,
 0xe4, 0xd8, 0x76, 0x3e, 0x36, 0x33, 0x6a, 0x3e, 0x18, 0xea, 0x62, 0x3e,
 0x00, 0x00, 0x80, 0x3f, 0x00, 0x00, 0x80, 0x3f, 0x00, 0x00, 0x80, 0x3f,
 0x00, 0x00, 0x80, 0x3f, 0x00, 0x00, 0x80, 0x3f, 0x00, 0x00, 0x80, 0x3f,
 0x00, 0x00, 0x80, 0x3f, 0x00, 0x00, 0x80, 0x3f, 0x00, 0x00, 0x80, 0x3f,
 0x00, 0x00, 0x80, 0x3f, 0x00, 0x00, 0x80, 0x3f, 0x00, 0x00, 0x80, 0x3f,
 0x00, 0x00, 0x80, 0x3f, 0x00, 0x00, 0x80, 0x3f, 0x00, 0x00, 0x80, 0x3f,
 0x38, 0x24, 0x7c, 0x3e, 0xe9, 0x0d, 0x58, 0x3e, 0x69, 0x7f, 0x4e, 0x3e,
 0x00, 0x00, 0x80, 0x3f, 0x3b, 0xeb, 0x84, 0x3e, 0x6b, 0xeb, 0x57, 0x3e,
 0x00, 0x00, 0x80, 0x3f, 0x95, 0x5e, 0x85, 0x3e, 0x00, 0x00, 0x80, 0x3f,
 0x31, 0x44, 0xc3, 0x3e, 0xce, 0x6d, 0xa1, 0x3e, 0x00, 0x00, 0x80, 0x3f,
 0x61, 0x86, 0x82, 0x3e, 0xfd, 0x03, 0x7f, 0x3e, 0x00, 0x00, 0x80, 0x3f,
 0x83, 0xaf, 0x81, 0x3e, 0x00, 0x00, 0x80, 0x3f, 0xd4, 0x3c, 0x38, 0x3e,
 0x00, 0x00, 0x80, 0x3f, 0x00, 0x00, 0x80, 0x3f, 0x00, 0x00, 0x80, 0x3f,
 0x27, 0xe4, 0x95, 0x3e, 0x00, 0x00, 0x80, 0x3f, 0xe6, 0x60, 0xd7, 0x3e,
 0x10, 0x33, 0x53, 0x3e, 0x00, 0x00, 0x80, 0x3f, 0x24, 0xf7, 0x39, 0x3e,
 0x00, 0x00, 0x80, 0x3f, 0x00, 0x00, 0x80, 0x3f, 0x00, 0x00, 0x80, 0x3f,
 0x9b, 0x15, 0x49, 0x3e, 0x00, 0x00, 0x80, 0x3f, 0x27, 0xe4, 0x95, 0x3e,
 0x00, 0x00, 0x80, 0x3f, 0x00, 0x00, 0x80, 0x3f, 0x00, 0x00, 0x80, 0x3f,
 0xe6, 0x60, 0xd7, 0x3e, 0x10, 0x33, 0x53, 0x3e, 0x00, 0x00, 0x80, 0x3f,
 0x00, 0x00, 0x80, 0x3f, 0x80, 0xd2, 0x33, 0x3e, 0x00, 0x00, 0x80, 0x3f,
 0x53, 0xa9, 0xb1, 0x3e, 0x08, 0x3c, 0x9c, 0x3e, 0x00, 0x00, 0x80, 0x3f,
 0x27, 0xe4, 0x95, 0x3e, 0x00, 0x00, 0x80, 0x3f, 0x00, 0x00, 0x80, 0x3f,
 0x4a, 0x5b, 0xef, 0x3e, 0x7e, 0xbc, 0x60, 0x3e, 0x00, 0x00, 0x80, 0x3f,
 0xe4, 0xd8, 0x76, 0x3e, 0x36, 0x33, 0x6a, 0x3e, 0x18, 0xea, 0x62, 0x3e,
 0x00, 0x00, 0x80, 0x3f, 0xb8, 0x78, 0x7b, 0x3e, 0x00, 0x00, 0x80, 0x3f,
 0xd4, 0x3c, 0x38, 0x3e, 0x00, 0x00, 0x80, 0x3f, 0x00, 0x00, 0x80, 0x3f,
 0x00, 0x00, 0x80, 0x3f, 0x24, 0xf7, 0x39, 0x3e, 0x00, 0x00, 0x80, 0x3f,
 0x01, 0x27, 0x4f, 0x3e, 0x00, 0x00, 0x80, 0x3f, 0x00, 0x00, 0x80, 0x3f,
 0x00, 0x00, 0x80, 0x3f, 0x00, 0x00, 0x80, 0x3f, 0x00, 0x00, 0x80, 0x3f,
 0x38, 0x24, 0x7c, 0x3e, 0xe9, 0x0d, 0x58, 0x3e, 0x69, 0x7f, 0x4e, 0x3e,
 0x00, 0x00, 0x80, 0x3f, 0x3b, 0xeb, 0x84, 0x3e, 0x6b, 0xeb, 0x57, 0x3e,
 0x00, 0x00, 0x80, 0x3f, 0xb8, 0x78, 0x7b, 0x3e, 0x00, 0x00, 0x80, 0x3f,
 0xd4, 0x3c, 0x38, 0x3e, 0x00, 0x00, 0x80, 0x3f, 0x4a, 0x5b, 0xef, 0x3e,
 0x7e, 0xbc, 0x60, 0x3e, 0x00, 0x00, 0x80, 0x3f, 0x01, 0x27, 0x4f, 0x3e,
 0x00, 0x00, 0x80, 0x3f, 0xe4, 0xd8, 0x76, 0x3e, 0x36, 0x33, 0x6a, 0x3e,
 0x18, 0xea, 0x62, 0x3e, 0x00, 0x00, 0x80, 0x3f, 0x0c, 0xc7, 0xa4, 0x3e,
 0x00, 0x00, 0x80, 0x3f, 0x52, 0x23, 0x5c, 0x3e, 0x00, 0x00, 0x80, 0x3f,
 0xe6, 0x60, 0xd7, 0x3e, 0x10, 0x33, 0x53, 0x3e, 0x00, 0x00, 0x80, 0x3f,
 0x27, 0xe4, 0x95, 0x3e, 0x00, 0x00, 0x80, 0x3f, 0xce, 0x96, 0x32, 0x3e,
 0x00, 0x00, 0x80, 0x3f, 0x00, 0x00, 0x80, 0x3f, 0x00, 0x00, 0x80, 0x3f,
 0xe6, 0x60, 0xd7, 0x3e, 0x10, 0x33, 0x53, 0x3e, 0x00, 0x00, 0x80, 0x3f,
 0x27, 0xe4, 0x95, 0x3e, 0x00, 0x00, 0x80, 0x3f, 0x0c, 0xc7, 0xa4, 0x3e,
 0x00, 0x00, 0x80, 0x3f, 0x00, 0x00, 0x80, 0x3f, 0x00, 0x00, 0x80, 0x3f,
 0x52, 0x23, 0x5c, 0x3e, 0x00, 0x00, 0x80, 0x3f, 0x95, 0x5e, 0x85, 0x3e,
 0x00, 0x00, 0x80, 0x3f, 0x31, 0x44, 0xc3, 0x3e, 0xce, 0x6d, 0xa1, 0x3e,
 0x00, 0x00, 0x80, 0x3f, 0xe4, 0xd8, 0x76, 0x3e, 0x36, 0x33, 0x6a, 0x3e,
 0x18, 0xea, 0x62, 0x3e, 0x00, 0x00, 0x80, 0x3f, 0x00, 0x00, 0x80, 0x3f,
 0x00, 0x00, 0x80, 0x3f, 0x00, 0x00, 0x80, 0x3f, 0xc3, 0xb3, 0x72, 0x3e,
 0x00, 0x00, 0x80, 0x3f, 0x89, 0x9c, 0x9c, 0x3e, 0xa8, 0x58, 0x8b, 0x3e,
 0x48, 0x33, 0x47, 0x3e, 0x00, 0x00, 0x80, 0x3f, 0x31, 0x44, 0xc3, 0x3e,
 0xce, 0x6d, 0xa1, 0x3e, 0x00, 0x00, 0x80, 0x3f, 0x95, 0x5e, 0x85, 0x3e,
 0x00, 0x00, 0x80, 0x3f, 0x00, 0x00, 0x80, 0x3f, 0x00, 0x00, 0x80, 0x3f,
 0x00, 0x00, 0x80, 0x3f, 0x00, 0x00, 0x80, 0x3f, 0x38, 0x24, 0x7c, 0x3e,
 0xe9, 0x0d, 0x58, 0x3e, 0x69, 0x7f, 0x4e, 0x3e, 0x00, 0x00, 0x80, 0x3f,
 0x3b, 0xeb, 0x84, 0x3e, 0x6b, 0xeb, 0x57, 0x3e, 0x00, 0x00, 0x80, 0x3f,
 0x95, 0x5e, 0x85, 0x3e, 0x00, 0x00, 0x80, 0x3f, 0x31, 0x44, 0xc3, 0x3e,
 0xce, 0x6d, 0xa1, 0x3e, 0x00, 0x00, 0x80, 0x3f, 0x61, 0x86, 0x82, 0x3e,
 0xfd, 0x03, 0x7f, 0x3e, 0x00, 0x00, 0x80, 0x3f, 0x83, 0xaf, 0x81, 0x3e,
 0x00, 0x00, 0x80, 0x3f, 0xd4, 0x3c, 0x38, 0x3e, 0x00, 0x00, 0x80, 0x3f,
 0x00, 0x00, 0x80, 0x3f, 0x00, 0x00, 0x80, 0x3f, 0x31, 0x44, 0xc3, 0x3e,
 0xce, 0x6d, 0xa1, 0x3e, 0x00, 0x00, 0x80, 0x3f, 0xc3, 0xb3, 0x72, 0x3e,
 0x00, 0x00, 0x80, 0x3f, 0xb5, 0x72, 0x96, 0x3e, 0x85, 0xee, 0x84, 0x3e,
 0xce, 0xe4, 0x80, 0x3e, 0x00, 0x00, 0x80, 0x3f, 0xd4, 0x3c, 0x38, 0x3e,
 0x00, 0x00, 0x80, 0x3f, 0x00, 0x00, 0x80, 0x3f, 0x00, 0x00, 0x80, 0x3f,
 0x9b, 0x15, 0x49, 0x3e, 0x00, 0x00, 0x80, 0x3f, 0x27, 0xe4, 0x95, 0x3e,
 0x00, 0x00, 0x80, 0x3f, 0x00, 0x00, 0x80, 0x3f, 0x00, 0x00, 0x80, 0x3f,
 0xe6, 0x60, 0xd7, 0x3e, 0x10, 0x33, 0x53, 0x3e, 0x00, 0x00, 0x80, 0x3f,
 0x00, 0x00, 0x80, 0x3f, 0x80, 0xd2, 0x33, 0x3e, 0x00, 0x00, 0x80, 0x3f,
 0x53, 0xa9, 0xb1, 0x3e, 0x08, 0x3c, 0x9c, 0x3e, 0x00, 0x00, 0x80, 0x3f,
 0x27, 0xe4, 0x95, 0x3e, 0x00, 0x00, 0x80, 0x3f, 0x00, 0x00, 0x80, 0x3f,
 0x4a, 0x5b, 0xef, 0x3e, 0x7e, 0xbc, 0x60, 0x3e, 0x00, 0x00, 0x80, 0x3f,
 0xe4, 0xd8, 0x76, 0x3e, 0x36, 0x33, 0x6a, 0x3e, 0x18, 0xea, 0x62, 0x3e,
 0x00, 0x00, 0x80, 0x3f, 0xb8, 0x78, 0x7b, 0x3e, 0x00, 0x00, 0x80, 0x3f,
 0xd4, 0x3c, 0x38, 0x3e, 0x00, 0x00, 0x80, 0x3f, 0x00, 0x00, 0x80, 0x3f,
 0x00, 0x00, 0x80, 0x3f, 0x24, 0xf7, 0x39, 0x3e, 0x00, 0x00, 0x80, 0x3f,
 0x01, 0x27, 0x4f, 0x3e, 0x00, 0x00, 0x80, 0x3f, 0x00, 0x00, 0x80, 0x3f,
 0x6f, 0x4d, 0xe0, 0xc0, 0xa3, 0x53, 0x30, 0xc0, 0xe1, 0x75, 0xe5, 0xbf,
 0x45, 0x0f, 0xed, 0xc0, 0x80, 0xe7, 0x8b, 0xc0, 0x8f, 0x4e, 0x9f, 0xc0,
 0x43, 0xec, 0xb6, 0xc0, 0x53, 0x6d, 0x8e, 0xc0, 0xda, 0x04, 0xe0, 0xc0,
 0x54, 0x88, 0xfd, 0xbf, 0x8b, 0xee, 0x89, 0xc0, 0x8d, 0xb8, 0x24, 0xc0,
 0xb2, 0xb6, 0xda, 0xbe, 0x5a, 0x93, 0xb1, 0xbe, 0x80, 0xf8, 0x61, 0xc0,
 0xfb, 0x28, 0x6e, 0xc0, 0x39, 0x1d, 0x65, 0xc0, 0x0f, 0x9b, 0x56, 0xc0,
 0xd6, 0xad, 0xb5, 0xc0, 0x69, 0x1f, 0xc1, 0xbf, 0x47, 0x35, 0x9d, 0xc0,
 0x35, 0xbb, 0x0b, 0xc1, 0x00, 0x00, 0x00, 0x00, 0xfb, 0xd4, 0x83, 0xc0,
 0xc1, 0xd9, 0xf5, 0xc0, 0xcb, 0x2a, 0x48, 0xc0, 0xc8, 0xa2, 0xee, 0xc0,
 0x00, 0x00, 0x00, 0x00, 0x00, 0x00, 0x00, 0x00, 0x00, 0x00, 0x00, 0x00,
 0x00, 0x00, 0x00, 0x00, 0x43, 0xcf, 0x4b, 0xbf, 0x00, 0x00, 0x00, 0x00,
 0x00, 0x00, 0x00, 0x00, 0x00, 0x00, 0x00, 0x00, 0x00, 0x00, 0x00, 0x00,
 0x58, 0x19, 0x11, 0xbe, 0x00, 0x00, 0x00, 0x00, 0x2b, 0x8b, 0x8f, 0xbf,
 0x00, 0x00, 0x00, 0x00, 0x05, 0x22, 0xf4, 0xbf, 0x00, 0x00, 0x00, 0x00,
 0x6f, 0x96, 0x9f, 0xbf, 0x00, 0x00, 0x00, 0x00, 0x00, 0x00, 0x00, 0x00,
 0x91, 0x13, 0x4a, 0xbf, 0x00, 0x00, 0x00, 0x00, 0x00, 0x00, 0x00, 0x00,
 0x75, 0x41, 0xdd, 0xc0, 0x00, 0x00, 0x00, 0x00, 0x9b, 0x88, 0xd5, 0xc0,
 0x00, 0x00, 0x00, 0x00, 0xf0, 0xfd, 0x19, 0xc0, 0x12, 0xa1, 0xb4, 0xbe,
 0xfe, 0x0e, 0xb0, 0xc0, 0x00, 0x00, 0x00, 0x00, 0x00, 0x00, 0x00, 0x00,
 0x00, 0x00, 0x00, 0x00, 0xdd, 0x41, 0x85, 0xc0, 0xea, 0xd9, 0xf7, 0xbf,
 0xb8, 0x3c, 0xeb, 0xc0, 0x00, 0x00, 0x00, 0x00, 0x00, 0x00, 0x00, 0x00,
 0xfb, 0xbf, 0x2f, 0xbf, 0x7e, 0xdf, 0xf6, 0xc0, 0x5b, 0x0a, 0x30, 0xc1,
 0x3b, 0xa5, 0x03, 0xc1, 0x2d, 0x12, 0x7c, 0xbf, 0x00, 0x00, 0x00, 0x00,
 0x00, 0x00, 0x00, 0x00, 0x35, 0xc2, 0xc4, 0xbe, 0xa1, 0x8a, 0x30, 0xc0,
 0x81, 0x7c, 0x79, 0xc0, 0xde, 0x27, 0xba, 0xc0, 0x6b, 0x00, 0x14, 0xc0,
 0xa2, 0x0a, 0x6a, 0xc0, 0xf3, 0xb8, 0x0b, 0xc1, 0x93, 0xb4, 0x10, 0xc1,
 0x23, 0x06, 0x92, 0xc1, 0x96, 0x5f, 0x71, 0xc1, 0x00, 0x00, 0x00, 0x00,
 0x00, 0x00, 0x00, 0x00, 0x73, 0xe9, 0x6f, 0xc0, 0xa5, 0xa2, 0xb8, 0xc0,
 0x64, 0x53, 0x20, 0xc1, 0x03, 0x00, 0x00, 0x00, 0x87, 0x6c, 0xbc, 0x40,
 0xc3, 0xb6, 0x2c, 0x41, 0x00, 0x00, 0x80, 0x3f, 0x83, 0x76, 0x8d, 0x41,
 0x09, 0x00, 0x00, 0x00, 0x2c, 0x00, 0x00, 0x00, 0x00, 0x00, 0xf0, 0x40,
 0x0a, 0x00, 0x00, 0x00, 0x70, 0x6c, 0x61, 0x79, 0x20, 0x6d, 0x75, 0x73,
 0x69, 0x63, 0x00, 0x00, 0x03, 0x00, 0x00, 0x00, 0x87, 0x6c, 0xbc, 0x40,
 0x7b, 0x9a, 0xf6, 0x40, 0x00, 0x00, 0x80, 0x3f, 0x81, 0x83, 0x69, 0x41,
 0x07, 0x00, 0x00, 0x00, 0x24, 0x00, 0x00, 0x00, 0x00, 0x00, 0xf0, 0x40,
 0x0a, 0x00, 0x00, 0x00, 0x70, 0x6c, 0x61, 0x79, 0x20, 0x74, 0x72, 0x61,
 0x63, 0x6b, 0x00, 0x00, 0x03, 0x00, 0x00, 0x00, 0x87, 0x6c, 0xbc, 0x40,
 0x01, 0x40, 0xef, 0x40, 0x00, 0x00, 0x80, 0x3f, 0x44, 0xd6, 0x65, 0x41,
 0x07, 0x00, 0x00, 0x00, 0x24, 0x00, 0x00, 0x00, 0x00, 0x00, 0xf0, 0x40,
 0x09, 0x00, 0x00, 0x00, 0x70, 0x6c, 0x61, 0x79, 0x20, 0x73, 0x6f, 0x6e,
 0x67, 0x00, 0x00, 0x00, 0x04, 0x00, 0x00, 0x00, 0x87, 0x6c, 0xbc, 0x40,
 0x57, 0xe5, 0x1f, 0x40, 0xc3, 0xb6, 0x2c, 0x41, 0x00, 0x00, 0x80, 0x3f,
 0x2e, 0x73, 0xa1, 0x41, 0x0a, 0x00, 0x00, 0x00, 0x32, 0x00, 0x00, 0x00,
 0x00, 0x00, 0xf0, 0x40, 0x0e, 0x00, 0x00, 0x00, 0x70, 0x6c, 0x61, 0x79,
 0x20, 0x74, 0x68, 0x65, 0x20, 0x6d, 0x75, 0x73, 0x69, 0x63, 0x00, 0x00,
 0x04, 0x00, 0x00, 0x00, 0x87, 0x6c, 0xbc, 0x40, 0x57, 0xe5, 0x1f, 0x40,
 0x7b, 0x9a, 0xf6, 0x40, 0x00, 0x00, 0x80, 0x3f, 0x6b, 0xbe, 0x88, 0x41,
 0x09, 0x00, 0x00, 0x00, 0x2b, 0x00, 0x00, 0x00, 0x00, 0x00, 0xf0, 0x40,
 0x0e, 0x00, 0x00, 0x00, 0x70, 0x6c, 0x61, 0x79, 0x20, 0x74, 0x68, 0x65,
 0x20, 0x74, 0x72, 0x61, 0x63, 0x6b, 0x00, 0x00, 0x04, 0x00, 0x00, 0x00,
 0x87, 0x6c, 0xbc, 0x40, 0x57, 0xe5, 0x1f, 0x40, 0x01, 0x40, 0xef, 0x40,
 0x00, 0x00, 0x80, 0x3f, 0xcd, 0xe7, 0x86, 0x41, 0x08, 0x00, 0x00, 0x00,
 0x2a, 0x00, 0x00, 0x00, 0x00, 0x00, 0xf0, 0x40, 0x0d, 0x00, 0x00, 0x00,
 0x70, 0x6c, 0x61, 0x79, 0x20, 0x74, 0x68, 0x65, 0x20, 0x73, 0x6f, 0x6e,
 0x67, 0x00, 0x00, 0x00, 0x04, 0x00, 0x00, 0x00, 0x87, 0x6c, 0xbc, 0x40,
 0xc1, 0xa0, 0xa4, 0x40, 0xc3, 0xb6, 0x2c, 0x41, 0x00, 0x00, 0x80, 0x3f,
 0xb4, 0x9e, 0xb6, 0x41, 0x0b, 0x00, 0x00, 0x00, 0x39, 0x00, 0x00, 0x00,
 0x00, 0x00, 0xf0, 0x40, 0x0d, 0x00, 0x00, 0x00, 0x70, 0x6c, 0x61, 0x79,
 0x20, 0x6d, 0x79, 0x20, 0x6d, 0x75, 0x73, 0x69, 0x63, 0x00, 0x00, 0x00,
 0x04, 0x00, 0x00, 0x00, 0x87, 0x6c, 0xbc, 0x40, 0xc1, 0xa0, 0xa4, 0x40,
 0x7b, 0x9a, 0xf6, 0x40, 0x00, 0x00, 0x80, 0x3f, 0xf1, 0xe9, 0x9d, 0x41,
 0x0a, 0x00, 0x00, 0x00, 0x31, 0x00, 0x00, 0x00, 0x00, 0x00, 0xf0, 0x40,
 0x0d, 0x00, 0x00, 0x00, 0x70, 0x6c, 0x61, 0x79, 0x20, 0x6d, 0x79, 0x20,
 0x74, 0x72, 0x61, 0x63, 0x6b, 0x00, 0x00, 0x00, 0x04, 0x00, 0x00, 0x00,
 0x87, 0x6c, 0xbc, 0x40, 0xc1, 0xa0, 0xa4, 0x40, 0x01, 0x40, 0xef, 0x40,
 0x00, 0x00, 0x80, 0x3f, 0x52, 0x13, 0x9c, 0x41, 0x0a, 0x00, 0x00, 0x00,
 0x31, 0x00, 0x00, 0x00, 0x00, 0x00, 0xf0, 0x40, 0x0c, 0x00, 0x00, 0x00,
 0x70, 0x6c, 0x61, 0x79, 0x20, 0x6d, 0x79, 0x20, 0x73, 0x6f, 0x6e, 0x67,
 0x03, 0x00, 0x00, 0x00, 0x2d, 0xd6, 0x1c, 0x41, 0xc3, 0xb6, 0x2c, 0x41,
 0x00, 0x00, 0x80, 0x3f, 0x78, 0xc6, 0xac, 0x41, 0x0b, 0x00, 0x00, 0x00,
 0x36, 0x00, 0x00, 0x00, 0x00, 0x00, 0xf0, 0x40, 0x0b, 0x00, 0x00, 0x00,
 0x73, 0x74, 0x61, 0x72, 0x74, 0x20, 0x6d, 0x75, 0x73, 0x69, 0x63, 0x00,
 0x03, 0x00, 0x00, 0x00, 0x2d, 0xd6, 0x1c, 0x41, 0x7b, 0x9a, 0xf6, 0x40,
 0x00, 0x00, 0x80, 0x3f, 0xb5, 0x11, 0x94, 0x41, 0x09, 0x00, 0x00, 0x00,
 0x2e, 0x00, 0x00, 0x00, 0x00, 0x00, 0xf0, 0x40, 0x0b, 0x00, 0x00, 0x00,
 0x73, 0x74, 0x61, 0x72, 0x74, 0x20, 0x74, 0x72, 0x61, 0x63, 0x6b, 0x00,
 0x03, 0x00, 0x00, 0x00, 0x2d, 0xd6, 0x1c, 0x41, 0x01, 0x40, 0xef, 0x40,
 0x00, 0x00, 0x80, 0x3f, 0x17, 0x3b, 0x92, 0x41, 0x09, 0x00, 0x00, 0x00,
 0x2e, 0x00, 0x00, 0x00, 0x00, 0x00, 0xf0, 0x40, 0x0a, 0x00, 0x00, 0x00,
 0x73, 0x74, 0x61, 0x72, 0x74, 0x20, 0x73, 0x6f, 0x6e, 0x67, 0x00, 0x00,
 0x03, 0x00, 0x00, 0x00, 0x2d, 0xd6, 0x1c, 0x41, 0x57, 0xe5, 0x1f, 0x40,
 0x19, 0x2b, 0x28, 0x41, 0x4e, 0x7d, 0xb6, 0x41, 0x0b, 0x00, 0x00, 0x00,
 0x39, 0x00, 0x00, 0x00, 0x53, 0x5d, 0xa4, 0x3f, 0x0f, 0x00, 0x00, 0x00,
 0x73, 0x74, 0x61, 0x72, 0x74, 0x20, 0x74, 0x68, 0x65, 0x20, 0x6d, 0x75,
 0x73, 0x69, 0x63, 0x00, 0x04, 0x00, 0x00, 0x00, 0x2d, 0xd6, 0x1c, 0x41,
 0x57, 0xe5, 0x1f, 0x40, 0x7b, 0x9a, 0xf6, 0x40, 0x00, 0x00, 0x80, 0x3f,
 0x60, 0x0e, 0xa8, 0x41, 0x0b, 0x00, 0x00, 0x00, 0x35, 0x00, 0x00, 0x00,
 0x00, 0x00, 0xf0, 0x40, 0x0f, 0x00, 0x00, 0x00, 0x73, 0x74, 0x61, 0x72,
 0x74, 0x20, 0x74, 0x68, 0x65, 0x20, 0x74, 0x72, 0x61, 0x63, 0x6b, 0x00,
 0x04, 0x00, 0x00, 0x00, 0x2d, 0xd6, 0x1c, 0x41, 0x57, 0xe5, 0x1f, 0x40,
 0x01, 0x40, 0xef, 0x40, 0x00, 0x00, 0x80, 0x3f, 0xc2, 0x37, 0xa6, 0x41,
 0x0a, 0x00, 0x00, 0x00, 0x34, 0x00, 0x00, 0x00, 0x00, 0x00, 0xf0, 0x40,
 0x0e, 0x00, 0x00, 0x00, 0x73, 0x74, 0x61, 0x72, 0x74, 0x20, 0x74, 0x68,
 0x65, 0x20, 0x73, 0x6f, 0x6e, 0x67, 0x00, 0x00, 0x03, 0x00, 0x00, 0x00,
 0x2d, 0xd6, 0x1c, 0x41, 0xc1, 0xa0, 0xa4, 0x40, 0x19, 0x2b, 0x28, 0x41,
 0xd3, 0xa8, 0xcb, 0x41, 0x0d, 0x00, 0x00, 0x00, 0x40, 0x00, 0x00, 0x00,
 0x53, 0x5d, 0xa4, 0x3f, 0x0e, 0x00, 0x00, 0x00, 0x73, 0x74, 0x61, 0x72,
 0x74, 0x20, 0x6d, 0x79, 0x20, 0x6d, 0x75, 0x73, 0x69, 0x63, 0x00, 0x00,
 0x04, 0x00, 0x00, 0x00, 0x2d, 0xd6, 0x1c, 0x41, 0xc1, 0xa0, 0xa4, 0x40,
 0x7b, 0x9a, 0xf6, 0x40, 0x00, 0x00, 0x80, 0x3f, 0xe6, 0x39, 0xbd, 0x41,
 0x0c, 0x00, 0x00, 0x00, 0x3b, 0x00, 0x00, 0x00, 0x00, 0x00, 0xf0, 0x40,
 0x0e, 0x00, 0x00, 0x00, 0x73, 0x74, 0x61, 0x72, 0x74, 0x20, 0x6d, 0x79,
 0x20, 0x74, 0x72, 0x61, 0x63, 0x6b, 0x00, 0x00, 0x04, 0x00, 0x00, 0x00,
 0x2d, 0xd6, 0x1c, 0x41, 0xc1, 0xa0, 0xa4, 0x40, 0x01, 0x40, 0xef, 0x40,
 0x00, 0x00, 0x80, 0x3f, 0x47, 0x63, 0xbb, 0x41, 0x0c, 0x00, 0x00, 0x00,
 0x3b, 0x00, 0x00, 0x00, 0x00, 0x00, 0xf0, 0x40, 0x0d, 0x00, 0x00, 0x00,
 0x73, 0x74, 0x61, 0x72, 0x74, 0x20, 0x6d, 0x79, 0x20, 0x73, 0x6f, 0x6e,
 0x67, 0x00, 0x00, 0x00, 0x04, 0x00, 0x00, 0x00, 0x29, 0xd5, 0x85, 0x40,
 0x7a, 0xce, 0x8a, 0x40, 0x87, 0x6c, 0xbc, 0x40, 0x19, 0x2b, 0x28, 0x41,
 0x97, 0x59, 0xc7, 0x41, 0x0c, 0x00, 0x00, 0x00, 0x3e, 0x00, 0x00, 0x00,
 0x53, 0x5d, 0xa4, 0x3f, 0x12, 0x00, 0x00, 0x00, 0x63, 0x61, 0x6e, 0x20,
 0x79, 0x6f, 0x75, 0x20, 0x70, 0x6c, 0x61, 0x79, 0x20, 0x6d, 0x75, 0x73,
 0x69, 0x63, 0x00, 0x00, 0x05, 0x00, 0x00, 0x00, 0x29, 0xd5, 0x85, 0x40,
 0x7a, 0xce, 0x8a, 0x40, 0x87, 0x6c, 0xbc, 0x40, 0x7b, 0x9a, 0xf6, 0x40,
 0x00, 0x00, 0x80, 0x3f, 0xa9, 0xea, 0xb8, 0x41, 0x0c, 0x00, 0x00, 0x00,
 0x3a, 0x00, 0x00, 0x00, 0x00, 0x00, 0xf0, 0x40, 0x12, 0x00, 0x00, 0x00,
 0x63, 0x61, 0x6e, 0x20, 0x79, 0x6f, 0x75, 0x20, 0x70, 0x6c, 0x61, 0x79,
 0x20, 0x74, 0x72, 0x61, 0x63, 0x6b, 0x00, 0x00, 0x05, 0x00, 0x00, 0x00,
 0x29, 0xd5, 0x85, 0x40, 0x7a, 0xce, 0x8a, 0x40, 0x87, 0x6c, 0xbc, 0x40,
 0x01, 0x40, 0xef, 0x40, 0x00, 0x00, 0x80, 0x3f, 0x0b, 0x14, 0xb7, 0x41,
 0x0b, 0x00, 0x00, 0x00, 0x39, 0x00, 0x00, 0x00, 0x00, 0x00, 0xf0, 0x40,
 0x11, 0x00, 0x00, 0x00, 0x63, 0x61, 0x6e, 0x20, 0x79, 0x6f, 0x75, 0x20,
 0x70, 0x6c, 0x61, 0x79, 0x20, 0x73, 0x6f, 0x6e, 0x67, 0x00, 0x00, 0x00,
 0x05, 0x00, 0x00, 0x00, 0x29, 0xd5, 0x85, 0x40, 0x7a, 0xce, 0x8a, 0x40,
 0x87, 0x6c, 0xbc, 0x40, 0x57, 0xe5, 0x1f, 0x40, 0x19, 0x2b, 0x28, 0x41,
 0x42, 0x56, 0xdb, 0x41, 0x0e, 0x00, 0x00, 0x00, 0x45, 0x00, 0x00, 0x00,
 0x53, 0x5d, 0xa4, 0x3f, 0x16, 0x00, 0x00, 0x00, 0x63, 0x61, 0x6e, 0x20,
 0x79, 0x6f, 0x75, 0x20, 0x70, 0x6c, 0x61, 0x79, 0x20, 0x74, 0x68, 0x65,
 0x20, 0x6d, 0x75, 0x73, 0x69, 0x63, 0x00, 0x00, 0x05, 0x00, 0x00, 0x00,
 0x29, 0xd5, 0x85, 0x40, 0x7a, 0xce, 0x8a, 0x40, 0x87, 0x6c, 0xbc, 0x40,
 0x57, 0xe5, 0x1f, 0x40, 0x26, 0x83, 0xed, 0x40, 0x7f, 0xa1, 0xc2, 0x41,
 0x0c, 0x00, 0x00, 0x00, 0x3d, 0x00, 0x00, 0x00, 0x53, 0x5d, 0xa4, 0x3f,
 0x16, 0x00, 0x00, 0x00, 0x63, 0x61, 0x6e, 0x20, 0x79, 0x6f, 0x75, 0x20,
 0x70, 0x6c, 0x61, 0x79, 0x20, 0x74, 0x68, 0x65, 0x20, 0x74, 0x72, 0x61,
 0x63, 0x6b, 0x00, 0x00, 0x05, 0x00, 0x00, 0x00, 0x29, 0xd5, 0x85, 0x40,
 0x7a, 0xce, 0x8a, 0x40, 0x87, 0x6c, 0xbc, 0x40, 0x57, 0xe5, 0x1f, 0x40,
 0x8a, 0x72, 0xdd, 0x40, 0x58, 0x9d, 0xbe, 0x41, 0x0c, 0x00, 0x00, 0x00,
 0x3c, 0x00, 0x00, 0x00, 0xdb, 0x35, 0xc7, 0x3f, 0x15, 0x00, 0x00, 0x00,
 0x63, 0x61, 0x6e, 0x20, 0x79, 0x6f, 0x75, 0x20, 0x70, 0x6c, 0x61, 0x79,
 0x20, 0x74, 0x68, 0x65, 0x20, 0x73, 0x6f, 0x6e, 0x67, 0x00, 0x00, 0x00,
 0x05, 0x00, 0x00, 0x00, 0x29, 0xd5, 0x85, 0x40, 0x7a, 0xce, 0x8a, 0x40,
 0x87, 0x6c, 0xbc, 0x40, 0xc1, 0xa0, 0xa4, 0x40, 0x19, 0x2b, 0x28, 0x41,
 0xc7, 0x81, 0xf0, 0x41, 0x0f, 0x00, 0x00, 0x00, 0x4b, 0x00, 0x00, 0x00,
 0x53, 0x5d, 0xa4, 0x3f, 0x15, 0x00, 0x00, 0x00, 0x63, 0x61, 0x6e, 0x20,
 0x79, 0x6f, 0x75, 0x20, 0x70, 0x6c, 0x61, 0x79, 0x20, 0x6d, 0x79, 0x20,
 0x6d, 0x75, 0x73, 0x69, 0x63, 0x00, 0x00, 0x00, 0x05, 0x00, 0x00, 0x00,
 0x29, 0xd5, 0x85, 0x40, 0x7a, 0xce, 0x8a, 0x40, 0x87, 0x6c, 0xbc, 0x40,
 0xc1, 0xa0, 0xa4, 0x40, 0x26, 0x83, 0xed, 0x40, 0x04, 0xcd, 0xd7, 0x41,
 0x0d, 0x00, 0x00, 0x00, 0x43, 0x00, 0x00, 0x00, 0x53, 0x5d, 0xa4, 0x3f,
 0x15, 0x00, 0x00, 0x00, 0x63, 0x61, 0x6e, 0x20, 0x79, 0x6f, 0x75, 0x20,
 0x70, 0x6c, 0x61, 0x79, 0x20, 0x6d, 0x79, 0x20, 0x74, 0x72, 0x61, 0x63,
 0x6b, 0x00, 0x00, 0x00, 0x05, 0x00, 0x00, 0x00, 0x29, 0xd5, 0x85, 0x40,
 0x7a, 0xce, 0x8a, 0x40, 0x87, 0x6c, 0xbc, 0x40, 0xc1, 0xa0, 0xa4, 0x40,
 0x8a, 0x72, 0xdd, 0x40, 0xdd, 0xc8, 0xd3, 0x41, 0x0d, 0x00, 0x00, 0x00,
 0x42, 0x00, 0x00, 0x00, 0xdb, 0x35, 0xc7, 0x3f, 0x14, 0x00, 0x00, 0x00,
 0x63, 0x61, 0x6e, 0x20, 0x79, 0x6f, 0x75, 0x20, 0x70, 0x6c, 0x61, 0x79,
 0x20, 0x6d, 0x79, 0x20, 0x73, 0x6f, 0x6e, 0x67, 0x04, 0x00, 0x00, 0x00,
 0x29, 0xd5, 0x85, 0x40, 0x7a, 0xce, 0x8a, 0x40, 0x2d, 0xd6, 0x1c, 0x41,
 0x19, 0x2b, 0x28, 0x41, 0x8c, 0xa9, 0xe6, 0x41, 0x0e, 0x00, 0x00, 0x00,
 0x48, 0x00, 0x00, 0x00, 0x53, 0x5d, 0xa4, 0x3f, 0x13, 0x00, 0x00, 0x00,
 0x63, 0x61, 0x6e, 0x20, 0x79, 0x6f, 0x75, 0x20, 0x73, 0x74, 0x61, 0x72,
 0x74, 0x20, 0x6d, 0x75, 0x73, 0x69, 0x63, 0x00, 0x04, 0x00, 0x00, 0x00,
 0x29, 0xd5, 0x85, 0x40, 0x7a, 0xce, 0x8a, 0x40, 0x2d, 0xd6, 0x1c, 0x41,
 0x26, 0x83, 0xed, 0x40, 0xc9, 0xf4, 0xcd, 0x41, 0x0d, 0x00, 0x00, 0x00,
 0x40, 0x00, 0x00, 0x00, 0x53, 0x5d, 0xa4, 0x3f, 0x13, 0x00, 0x00, 0x00,
 0x63, 0x61, 0x6e, 0x20, 0x79, 0x6f, 0x75, 0x20, 0x73, 0x74, 0x61, 0x72,
 0x74, 0x20, 0x74, 0x72, 0x61, 0x63, 0x6b, 0x00, 0x04, 0x00, 0x00, 0x00,
 0x29, 0xd5, 0x85, 0x40, 0x7a, 0xce, 0x8a, 0x40, 0x2d, 0xd6, 0x1c, 0x41,
 0x8a, 0x72, 0xdd, 0x40, 0xa2, 0xf0, 0xc9, 0x41, 0x0d, 0x00, 0x00, 0x00,
 0x3f, 0x00, 0x00, 0x00, 0xdb, 0x35, 0xc7, 0x3f, 0x12, 0x00, 0x00, 0x00,
 0x63, 0x61, 0x6e, 0x20, 0x79, 0x6f, 0x75, 0x20, 0x73, 0x74, 0x61, 0x72,
 0x74, 0x20, 0x73, 0x6f, 0x6e, 0x67, 0x00, 0x00, 0x05, 0x00, 0x00, 0x00,
 0x29, 0xd5, 0x85, 0x40, 0x7a, 0xce, 0x8a, 0x40, 0x2d, 0xd6, 0x1c, 0x41,
 0x57, 0xe5, 0x1f, 0x40, 0x19, 0x2b, 0x28, 0x41, 0x37, 0xa6, 0xfa, 0x41,
 0x10, 0x00, 0x00, 0x00, 0x4e, 0x00, 0x00, 0x00, 0x53, 0x5d, 0xa4, 0x3f,
 0x17, 0x00, 0x00, 0x00, 0x63, 0x61, 0x6e, 0x20, 0x79, 0x6f, 0x75, 0x20,
 0x73, 0x74, 0x61, 0x72, 0x74, 0x20, 0x74, 0x68, 0x65, 0x20, 0x6d, 0x75,
 0x73, 0x69, 0x63, 0x00, 0x05, 0x00, 0x00, 0x00, 0x29, 0xd5, 0x85, 0x40,
 0x7a, 0xce, 0x8a, 0x40, 0x2d, 0xd6, 0x1c, 0x41, 0x57, 0xe5, 0x1f, 0x40,
 0x26, 0x83, 0xed, 0x40, 0x74, 0xf1, 0xe1, 0x41, 0x0e, 0x00, 0x00, 0x00,
 0x47, 0x00, 0x00, 0x00, 0x53, 0x5d, 0xa4, 0x3f, 0x17, 0x00, 0x00, 0x00,
 0x63, 0x61, 0x6e, 0x20, 0x79, 0x6f, 0x75, 0x20, 0x73, 0x74, 0x61, 0x72,
 0x74, 0x20, 0x74, 0x68, 0x65, 0x20, 0x74, 0x72, 0x61, 0x63, 0x6b, 0x00,
 0x05, 0x00, 0x00, 0x00, 0x29, 0xd5, 0x85, 0x40, 0x7a, 0xce, 0x8a, 0x40,
 0x2d, 0xd6, 0x1c, 0x41, 0x57, 0xe5, 0x1f, 0x40, 0x8a, 0x72, 0xdd, 0x40,
 0x4d, 0xed, 0xdd, 0x41, 0x0e, 0x00, 0x00, 0x00, 0x45, 0x00, 0x00, 0x00,
 0xdb, 0x35, 0xc7, 0x3f, 0x16, 0x00, 0x00, 0x00, 0x63, 0x61, 0x6e, 0x20,
 0x79, 0x6f, 0x75, 0x20, 0x73, 0x74, 0x61, 0x72, 0x74, 0x20, 0x74, 0x68,
 0x65, 0x20, 0x73, 0x6f, 0x6e, 0x67, 0x00, 0x00, 0x05, 0x00, 0x00, 0x00,
 0x29, 0xd5, 0x85, 0x40, 0x7a, 0xce, 0x8a, 0x40, 0x2d, 0xd6, 0x1c, 0x41,
 0xc1, 0xa0, 0xa4, 0x40, 0x19, 0x2b, 0x28, 0x41, 0xde, 0xe8, 0x07, 0x42,
 0x11, 0x00, 0x00, 0x00, 0x55, 0x00, 0x00, 0x00, 0x53, 0x5d, 0xa4, 0x3f,
 0x16, 0x00, 0x00, 0x00, 0x63, 0x61, 0x6e, 0x20, 0x79, 0x6f, 0x75, 0x20,
 0x73, 0x74, 0x61, 0x72, 0x74, 0x20, 0x6d, 0x79, 0x20, 0x6d, 0x75, 0x73,
 0x69, 0x63, 0x00, 0x00, 0x05, 0x00, 0x00, 0x00, 0x29, 0xd5, 0x85, 0x40,
 0x7a, 0xce, 0x8a, 0x40, 0x2d, 0xd6, 0x1c, 0x41, 0xc1, 0xa0, 0xa4, 0x40,
 0x26, 0x83, 0xed, 0x40, 0xf9, 0x1c, 0xf7, 0x41, 0x0f, 0x00, 0x00, 0x00,
 0x4d, 0x00, 0x00, 0x00, 0x53, 0x5d, 0xa4, 0x3f, 0x16, 0x00, 0x00, 0x00,
 0x63, 0x61, 0x6e, 0x20, 0x79, 0x6f, 0x75, 0x20, 0x73, 0x74, 0x61, 0x72,
 0x74, 0x20, 0x6d, 0x79, 0x20, 0x74, 0x72, 0x61, 0x63, 0x6b, 0x00, 0x00,
 0x05, 0x00, 0x00, 0x00, 0x29, 0xd5, 0x85, 0x40, 0x7a, 0xce, 0x8a, 0x40,
 0x2d, 0xd6, 0x1c, 0x41, 0xc1, 0xa0, 0xa4, 0x40, 0x8a, 0x72, 0xdd, 0x40,
 0xd2, 0x18, 0xf3, 0x41, 0x0f, 0x00, 0x00, 0x00, 0x4c, 0x00, 0x00, 0x00,
 0xdb, 0x35, 0xc7, 0x3f, 0x15, 0x00, 0x00, 0x00, 0x63, 0x61, 0x6e, 0x20,
 0x79, 0x6f, 0x75, 0x20, 0x73, 0x74, 0x61, 0x72, 0x74, 0x20, 0x6d, 0x79,
 0x20, 0x73, 0x6f, 0x6e, 0x67, 0x00, 0x00, 0x00, 0x03, 0x00, 0x00, 0x00,
 0xd3, 0x45, 0x86, 0x40, 0xc3, 0xb6, 0x2c, 0x41, 0x00, 0x00, 0x80, 0x3f,
 0xac, 0xd9, 0x7f, 0x41, 0x08, 0x00, 0x00, 0x00, 0x28, 0x00, 0x00, 0x00,
 0x00, 0x00, 0xf0, 0x40, 0x09, 0x00, 0x00, 0x00, 0x65, 0x6e, 0x64, 0x20,
 0x6d, 0x75, 0x73, 0x69, 0x63, 0x00, 0x00, 0x00, 0x03, 0x00, 0x00, 0x00,
 0xd3, 0x45, 0x86, 0x40, 0x7b, 0x9a, 0xf6, 0x40, 0x00, 0x00, 0x80, 0x3f,
 0x27, 0x70, 0x4e, 0x41, 0x06, 0x00, 0x00, 0x00, 0x20, 0x00, 0x00, 0x00,
 0x00, 0x00, 0xf0, 0x40, 0x09, 0x00, 0x00, 0x00, 0x65, 0x6e, 0x64, 0x20,
 0x74, 0x72, 0x61, 0x63, 0x6b, 0x00, 0x00, 0x00, 0x04, 0x00, 0x00, 0x00,
 0xd3, 0x45, 0x86, 0x40, 0x57, 0xe5, 0x1f, 0x40, 0xc3, 0xb6, 0x2c, 0x41,
 0x00, 0x00, 0x80, 0x3f, 0x81, 0xe9, 0x93, 0x41, 0x09, 0x00, 0x00, 0x00,
 0x2e, 0x00, 0x00, 0x00, 0x00, 0x00, 0xf0, 0x40, 0x0d, 0x00, 0x00, 0x00,
 0x65, 0x6e, 0x64, 0x20, 0x74, 0x68, 0x65, 0x20, 0x6d, 0x75, 0x73, 0x69,
 0x63, 0x00, 0x00, 0x00, 0x04, 0x00, 0x00, 0x00, 0xd3, 0x45, 0x86, 0x40,
 0x57, 0xe5, 0x1f, 0x40, 0x7b, 0x9a, 0xf6, 0x40, 0x00, 0x00, 0x80, 0x3f,
 0x7d, 0x69, 0x76, 0x41, 0x08, 0x00, 0x00, 0x00, 0x27, 0x00, 0x00, 0x00,
 0x00, 0x00, 0xf0, 0x40, 0x0d, 0x00, 0x00, 0x00, 0x65, 0x6e, 0x64, 0x20,
 0x74, 0x68, 0x65, 0x20, 0x74, 0x72, 0x61, 0x63, 0x6b, 0x00, 0x00, 0x00,
 0x04, 0x00, 0x00, 0x00, 0x29, 0xd5, 0x85, 0x40, 0x7a, 0xce, 0x8a, 0x40,
 0xd3, 0x45, 0x86, 0x40, 0x19, 0x2b, 0x28, 0x41, 0xea, 0xcf, 0xb9, 0x41,
 0x0c, 0x00, 0x00, 0x00, 0x3a, 0x00, 0x00, 0x00, 0x53, 0x5d, 0xa4, 0x3f,
 0x11, 0x00, 0x00, 0x00, 0x63, 0x61, 0x6e, 0x20, 0x79, 0x6f, 0x75, 0x20,
 0x65, 0x6e, 0x64, 0x20, 0x6d, 0x75, 0x73, 0x69, 0x63, 0x00, 0x00, 0x00,
 0x05, 0x00, 0x00, 0x00, 0x29, 0xd5, 0x85, 0x40, 0x7a, 0xce, 0x8a, 0x40,
 0xd3, 0x45, 0x86, 0x40, 0x7b, 0x9a, 0xf6, 0x40, 0x00, 0x00, 0x80, 0x3f,
 0xfc, 0x60, 0xab, 0x41, 0x0b, 0x00, 0x00, 0x00, 0x36, 0x00, 0x00, 0x00,
 0x00, 0x00, 0xf0, 0x40, 0x11, 0x00, 0x00, 0x00, 0x63, 0x61, 0x6e, 0x20,
 0x79, 0x6f, 0x75, 0x20, 0x65, 0x6e, 0x64, 0x20, 0x74, 0x72, 0x61, 0x63,
 0x6b, 0x00, 0x00, 0x00, 0x05, 0x00, 0x00, 0x00, 0x29, 0xd5, 0x85, 0x40,
 0x7a, 0xce, 0x8a, 0x40, 0xd3, 0x45, 0x86, 0x40, 0x57, 0xe5, 0x1f, 0x40,
 0x19, 0x2b, 0x28, 0x41, 0x95, 0xcc, 0xcd, 0x41, 0x0d, 0x00, 0x00, 0x00,
 0x40, 0x00, 0x00, 0x00, 0x53, 0x5d, 0xa4, 0x3f, 0x15, 0x00, 0x00, 0x00,
 0x63, 0x61, 0x6e, 0x20, 0x79, 0x6f, 0x75, 0x20, 0x65, 0x6e, 0x64, 0x20,
 0x74, 0x68, 0x65, 0x20, 0x6d, 0x75, 0x73, 0x69, 0x63, 0x00, 0x00, 0x00,
 0x05, 0x00, 0x00, 0x00, 0x29, 0xd5, 0x85, 0x40, 0x7a, 0xce, 0x8a, 0x40,
 0xd3, 0x45, 0x86, 0x40, 0x57, 0xe5, 0x1f, 0x40, 0x26, 0x83, 0xed, 0x40,
 0xd2, 0x17, 0xb5, 0x41, 0x0b, 0x00, 0x00, 0x00, 0x39, 0x00, 0x00, 0x00,
 0x53, 0x5d, 0xa4, 0x3f, 0x15, 0x00, 0x00, 0x00, 0x63, 0x61, 0x6e, 0x20,
 0x79, 0x6f, 0x75, 0x20, 0x65, 0x6e, 0x64, 0x20, 0x74, 0x68, 0x65, 0x20,
 0x74, 0x72, 0x61, 0x63, 0x6b, 0x00, 0x00, 0x00, 0x03, 0x00, 0x00, 0x00,
 0x04, 0x5c, 0xc9, 0x40, 0xc3, 0xb6, 0x2c, 0x41, 0x00, 0x00, 0x80, 0x3f,
 0x63, 0xb2, 0x90, 0x41, 0x09, 0x00, 0x00, 0x00, 0x2d, 0x00, 0x00, 0x00,
 0x00, 0x00, 0xf0, 0x40, 0x0b, 0x00, 0x00, 0x00, 0x70, 0x61, 0x75, 0x73,
 0x65, 0x20, 0x6d, 0x75, 0x73, 0x69, 0x63, 0x00, 0x03, 0x00, 0x00, 0x00,
 0x04, 0x5c, 0xc9, 0x40, 0x7b, 0x9a, 0xf6, 0x40, 0x00, 0x00, 0x80, 0x3f,
 0x40, 0xfb, 0x6f, 0x41, 0x07, 0x00, 0x00, 0x00, 0x25, 0x00, 0x00, 0x00,
 0x00, 0x00, 0xf0, 0x40, 0x0b, 0x00, 0x00, 0x00, 0x70, 0x61, 0x75, 0x73,
 0x65, 0x20, 0x74, 0x72, 0x61, 0x63, 0x6b, 0x00, 0x04, 0x00, 0x00, 0x00,
 0x04, 0x5c, 0xc9, 0x40, 0x57, 0xe5, 0x1f, 0x40, 0xc3, 0xb6, 0x2c, 0x41,
 0x00, 0x00, 0x80, 0x3f, 0x0e, 0xaf, 0xa4, 0x41, 0x0a, 0x00, 0x00, 0x00,
 0x33, 0x00, 0x00, 0x00, 0x00, 0x00, 0xf0, 0x40, 0x0f, 0x00, 0x00, 0x00,
 0x70, 0x61, 0x75, 0x73, 0x65, 0x20, 0x74, 0x68, 0x65, 0x20, 0x6d, 0x75,
 0x73, 0x69, 0x63, 0x00, 0x04, 0x00, 0x00, 0x00, 0x04, 0x5c, 0xc9, 0x40,
 0x57, 0xe5, 0x1f, 0x40, 0x7b, 0x9a, 0xf6, 0x40, 0x00, 0x00, 0x80, 0x3f,
 0x4b, 0xfa, 0x8b, 0x41, 0x09, 0x00, 0x00, 0x00, 0x2c, 0x00, 0x00, 0x00,
 0x00, 0x00, 0xf0, 0x40, 0x0f, 0x00, 0x00, 0x00, 0x70, 0x61, 0x75, 0x73,
 0x65, 0x20, 0x74, 0x68, 0x65, 0x20, 0x74, 0x72, 0x61, 0x63, 0x6b, 0x00,
 0x04, 0x00, 0x00, 0x00, 0x29, 0xd5, 0x85, 0x40, 0x7a, 0xce, 0x8a, 0x40,
 0x04, 0x5c, 0xc9, 0x40, 0x19, 0x2b, 0x28, 0x41, 0x76, 0x95, 0xca, 0x41,
 0x0d, 0x00, 0x00, 0x00, 0x3f, 0x00, 0x00, 0x00, 0x53, 0x5d, 0xa4, 0x3f,
 0x13, 0x00, 0x00, 0x00, 0x63, 0x61, 0x6e, 0x20, 0x79, 0x6f, 0x75, 0x20,
 0x70, 0x61, 0x75, 0x73, 0x65, 0x20, 0x6d, 0x75, 0x73, 0x69, 0x63, 0x00,
 0x05, 0x00, 0x00, 0x00, 0x29, 0xd5, 0x85, 0x40, 0x7a, 0xce, 0x8a, 0x40,
 0x04, 0x5c, 0xc9, 0x40, 0x7b, 0x9a, 0xf6, 0x40, 0x00, 0x00, 0x80, 0x3f,
 0x89, 0x26, 0xbc, 0x41, 0x0c, 0x00, 0x00, 0x00, 0x3b, 0x00, 0x00, 0x00,
 0x00, 0x00, 0xf0, 0x40, 0x13, 0x00, 0x00, 0x00, 0x63, 0x61, 0x6e, 0x20,
 0x79, 0x6f, 0x75, 0x20, 0x70, 0x61, 0x75, 0x73, 0x65, 0x20, 0x74, 0x72,
 0x61, 0x63, 0x6b, 0x00, 0x05, 0x00, 0x00, 0x00, 0x29, 0xd5, 0x85, 0x40,
 0x7a, 0xce, 0x8a, 0x40, 0x04, 0x5c, 0xc9, 0x40, 0x57, 0xe5, 0x1f, 0x40,
 0x19, 0x2b, 0x28, 0x41, 0x21, 0x92, 0xde, 0x41, 0x0e, 0x00, 0x00, 0x00,
 0x46, 0x00, 0x00, 0x00, 0x53, 0x5d, 0xa4, 0x3f, 0x17, 0x00, 0x00, 0x00,
 0x63, 0x61, 0x6e, 0x20, 0x79, 0x6f, 0x75, 0x20, 0x70, 0x61, 0x75, 0x73,
 0x65, 0x20, 0x74, 0x68, 0x65, 0x20, 0x6d, 0x75, 0x73, 0x69, 0x63, 0x00,
 0x05, 0x00, 0x00, 0x00, 0x29, 0xd5, 0x85, 0x40, 0x7a, 0xce, 0x8a, 0x40,
 0x04, 0x5c, 0xc9, 0x40, 0x57, 0xe5, 0x1f, 0x40, 0x26, 0x83, 0xed, 0x40,
 0x5e, 0xdd, 0xc5, 0x41, 0x0c, 0x00, 0x00, 0x00, 0x3e, 0x00, 0x00, 0x00,
 0x53, 0x5d, 0xa4, 0x3f, 0x17, 0x00, 0x00, 0x00, 0x63, 0x61, 0x6e, 0x20,
 0x79, 0x6f, 0x75, 0x20, 0x70, 0x61, 0x75, 0x73, 0x65, 0x20, 0x74, 0x68,
 0x65, 0x20, 0x74, 0x72, 0x61, 0x63, 0x6b, 0x00, 0x03, 0x00, 0x00, 0x00,
 0x7a, 0x4f, 0xf7, 0x40, 0x7b, 0x9a, 0xf6, 0x40, 0x00, 0x00, 0x80, 0x3f,
 0x7d, 0x7a, 0x83, 0x41, 0x08, 0x00, 0x00, 0x00, 0x29, 0x00, 0x00, 0x00,
 0x00, 0x00, 0xf0, 0x40, 0x0a, 0x00, 0x00, 0x00, 0x6e, 0x65, 0x78, 0x74,
 0x20, 0x74, 0x72, 0x61, 0x63, 0x6b, 0x00, 0x00, 0x04, 0x00, 0x00, 0x00,
 0xd9, 0xf7, 0x02, 0x41, 0x88, 0xd6, 0x78, 0x40, 0x7a, 0x4f, 0xf7, 0x40,
 0x26, 0x83, 0xed, 0x40, 0x66, 0xcb, 0xd9, 0x41, 0x0e, 0x00, 0x00, 0x00,
 0x44, 0x00, 0x00, 0x00, 0x53, 0x5d, 0xa4, 0x3f, 0x14, 0x00, 0x00, 0x00,
 0x73, 0x77, 0x69, 0x74, 0x63, 0x68, 0x20, 0x74, 0x6f, 0x20, 0x6e, 0x65,
 0x78, 0x74, 0x20, 0x74, 0x72, 0x61, 0x63, 0x6b, 0x05, 0x00, 0x00, 0x00,
 0x64, 0x06, 0x79, 0x40, 0x88, 0xd6, 0x78, 0x40, 0x7a, 0x4f, 0xf7, 0x40,
 0x7b, 0x9a, 0xf6, 0x40, 0x00, 0x00, 0x80, 0x3f, 0x1b, 0xb6, 0xc1, 0x41,
 0x0c, 0x00, 0x00, 0x00, 0x3d, 0x00, 0x00, 0x00, 0x00, 0x00, 0xf0, 0x40,
 0x10, 0x00, 0x00, 0x00, 0x67, 0x6f, 0x20, 0x74, 0x6f, 0x20, 0x6e, 0x65,
 0x78, 0x74, 0x20, 0x74, 0x72, 0x61, 0x63, 0x6b, 0x04, 0x00, 0x00, 0x00,
 0x29, 0xd5, 0x85, 0x40, 0x7a, 0xce, 0x8a, 0x40, 0x7a, 0x4f, 0xf7, 0x40,
 0x26, 0x83, 0xed, 0x40, 0x91, 0x5d, 0xbd, 0x41, 0x0c, 0x00, 0x00, 0x00,
 0x3b, 0x00, 0x00, 0x00, 0x53, 0x5d, 0xa4, 0x3f, 0x12, 0x00, 0x00, 0x00,
 0x63, 0x61, 0x6e, 0x20, 0x79, 0x6f, 0x75, 0x20, 0x6e, 0x65, 0x78, 0x74,
 0x20, 0x74, 0x72, 0x61, 0x63, 0x6b, 0x00, 0x00, 0x06, 0x00, 0x00, 0x00,
 0x29, 0xd5, 0x85, 0x40, 0x7a, 0xce, 0x8a, 0x40, 0xd9, 0xf7, 0x02, 0x41,
 0x88, 0xd6, 0x78, 0x40, 0x7a, 0x4f, 0xf7, 0x40, 0x26, 0x83, 0xed, 0x40,
 0x27, 0xfa, 0x0e, 0x42, 0x12, 0x00, 0x00, 0x00, 0x59, 0x00, 0x00, 0x00,
 0x53, 0x5d, 0xa4, 0x3f, 0x1c, 0x00, 0x00, 0x00, 0x63, 0x61, 0x6e, 0x20,
 0x79, 0x6f, 0x75, 0x20, 0x73, 0x77, 0x69, 0x74, 0x63, 0x68, 0x20, 0x74,
 0x6f, 0x20, 0x6e, 0x65, 0x78, 0x74, 0x20, 0x74, 0x72, 0x61, 0x63, 0x6b,
 0x06, 0x00, 0x00, 0x00, 0x29, 0xd5, 0x85, 0x40, 0x7a, 0xce, 0x8a, 0x40,
 0x64, 0x06, 0x79, 0x40, 0x88, 0xd6, 0x78, 0x40, 0x7a, 0x4f, 0xf7, 0x40,
 0x26, 0x83, 0xed, 0x40, 0x2e, 0x99, 0xfb, 0x41, 0x10, 0x00, 0x00, 0x00,
 0x4f, 0x00, 0x00, 0x00, 0x53, 0x5d, 0xa4, 0x3f, 0x18, 0x00, 0x00, 0x00,
 0x63, 0x61, 0x6e, 0x20, 0x79, 0x6f, 0x75, 0x20, 0x67, 0x6f, 0x20, 0x74,
 0x6f, 0x20, 0x6e, 0x65, 0x78, 0x74, 0x20, 0x74, 0x72, 0x61, 0x63, 0x6b,
 0x03, 0x00, 0x00, 0x00, 0x5e, 0x83, 0x50, 0x41, 0x7b, 0x9a, 0xf6, 0x40,
 0x00, 0x00, 0x80, 0x3f, 0x4e, 0xe8, 0xad, 0x41, 0x0b, 0x00, 0x00, 0x00,
 0x36, 0x00, 0x00, 0x00, 0x00, 0x00, 0xf0, 0x40, 0x0e, 0x00, 0x00, 0x00,
 0x70, 0x72, 0x65, 0x76, 0x69, 0x6f, 0x75, 0x73, 0x20, 0x74, 0x72, 0x61,
 0x63, 0x6b, 0x00, 0x00, 0x04, 0x00, 0x00, 0x00, 0xd9, 0xf7, 0x02, 0x41,
 0x88, 0xd6, 0x78, 0x40, 0x5e, 0x83, 0x50, 0x41, 0x26, 0x83, 0xed, 0x40,
 0x9b, 0x1c, 0x02, 0x42, 0x10, 0x00, 0x00, 0x00, 0x51, 0x00, 0x00, 0x00,
 0x53, 0x5d, 0xa4, 0x3f, 0x18, 0x00, 0x00, 0x00, 0x73, 0x77, 0x69, 0x74,
 0x63, 0x68, 0x20, 0x74, 0x6f, 0x20, 0x70, 0x72, 0x65, 0x76, 0x69, 0x6f,
 0x75, 0x73, 0x20, 0x74, 0x72, 0x61, 0x63, 0x6b, 0x04, 0x00, 0x00, 0x00,
 0x64, 0x06, 0x79, 0x40, 0x88, 0xd6, 0x78, 0x40, 0x5e, 0x83, 0x50, 0x41,
 0x26, 0x83, 0xed, 0x40, 0x16, 0xde, 0xe1, 0x41, 0x0e, 0x00, 0x00, 0x00,
 0x47, 0x00, 0x00, 0x00, 0x53, 0x5d, 0xa4, 0x3f, 0x14, 0x00, 0x00, 0x00,
 0x67, 0x6f, 0x20, 0x74, 0x6f, 0x20, 0x70, 0x72, 0x65, 0x76, 0x69, 0x6f,
 0x75, 0x73, 0x20, 0x74, 0x72, 0x61, 0x63, 0x6b, 0x04, 0x00, 0x00, 0x00,
 0x29, 0xd5, 0x85, 0x40, 0x7a, 0xce, 0x8a, 0x40, 0x5e, 0x83, 0x50, 0x41,
 0x26, 0x83, 0xed, 0x40, 0x61, 0xcb, 0xe7, 0x41, 0x0e, 0x00, 0x00, 0x00,
 0x48, 0x00, 0x00, 0x00, 0x53, 0x5d, 0xa4, 0x3f, 0x16, 0x00, 0x00, 0x00,
 0x63, 0x61, 0x6e, 0x20, 0x79, 0x6f, 0x75, 0x20, 0x70, 0x72, 0x65, 0x76,
 0x69, 0x6f, 0x75, 0x73, 0x20, 0x74, 0x72, 0x61, 0x63, 0x6b, 0x00, 0x00,
 0x06, 0x00, 0x00, 0x00, 0x29, 0xd5, 0x85, 0x40, 0x7a, 0xce, 0x8a, 0x40,
 0xd9, 0xf7, 0x02, 0x41, 0x88, 0xd6, 0x78, 0x40, 0x5e, 0x83, 0x50, 0x41,
 0x26, 0x83, 0xed, 0x40, 0x10, 0x31, 0x24, 0x42, 0x15, 0x00, 0x00, 0x00,
 0x67, 0x00, 0x00, 0x00, 0x53, 0x5d, 0xa4, 0x3f, 0x20, 0x00, 0x00, 0x00,
 0x63, 0x61, 0x6e, 0x20, 0x79, 0x6f, 0x75, 0x20, 0x73, 0x77, 0x69, 0x74,
 0x63, 0x68, 0x20, 0x74, 0x6f, 0x20, 0x70, 0x72, 0x65, 0x76, 0x69, 0x6f,
 0x75, 0x73, 0x20, 0x74, 0x72, 0x61, 0x63, 0x6b, 0x06, 0x00, 0x00, 0x00,
 0x29, 0xd5, 0x85, 0x40, 0x7a, 0xce, 0x8a, 0x40, 0x64, 0x06, 0x79, 0x40,
 0x88, 0xd6, 0x78, 0x40, 0x5e, 0x83, 0x50, 0x41, 0x26, 0x83, 0xed, 0x40,
 0x7f, 0x03, 0x13, 0x42, 0x12, 0x00, 0x00, 0x00, 0x5c, 0x00, 0x00, 0x00,
 0x53, 0x5d, 0xa4, 0x3f, 0x1c, 0x00, 0x00, 0x00, 0x63, 0x61, 0x6e, 0x20,
 0x79, 0x6f, 0x75, 0x20, 0x67, 0x6f, 0x20, 0x74, 0x6f, 0x20, 0x70, 0x72,
 0x65, 0x76, 0x69, 0x6f, 0x75, 0x73, 0x20, 0x74, 0x72, 0x61, 0x63, 0x6b,
 0x03, 0x00, 0x00, 0x00, 0x7b, 0xc4, 0xd8, 0x40, 0xbc, 0xfd, 0x40, 0x41,
 0x00, 0x00, 0x80, 0x3f, 0xfd, 0xaf, 0x9e, 0x41, 0x0a, 0x00, 0x00, 0x00,
 0x32, 0x00, 0x00, 0x00, 0x00, 0x00, 0xf0, 0x40, 0x0c, 0x00, 0x00, 0x00,
 0x72, 0x61, 0x69, 0x73, 0x65, 0x20, 0x76, 0x6f, 0x6c, 0x75, 0x6d, 0x65,
 0x04, 0x00, 0x00, 0x00, 0x29, 0xd5, 0x85, 0x40, 0x7a, 0xce, 0x8a, 0x40,
 0x7b, 0xc4, 0xd8, 0x40, 0x05, 0x46, 0x38, 0x41, 0x0a, 0x7d, 0xd6, 0x41,
 0x0d, 0x00, 0x00, 0x00, 0x43, 0x00, 0x00, 0x00, 0xb9, 0xbd, 0xc5, 0x3f,
 0x14, 0x00, 0x00, 0x00, 0x63, 0x61, 0x6e, 0x20, 0x79, 0x6f, 0x75, 0x20,
 0x72, 0x61, 0x69, 0x73, 0x65, 0x20, 0x76, 0x6f, 0x6c, 0x75, 0x6d, 0x65,
 0x03, 0x00, 0x00, 0x00, 0x6a, 0x23, 0xe4, 0x40, 0xbc, 0xfd, 0x40, 0x41,
 0x00, 0x00, 0x80, 0x3f, 0xb9, 0x87, 0xa1, 0x41, 0x0a, 0x00, 0x00, 0x00,
 0x32, 0x00, 0x00, 0x00, 0x00, 0x00, 0xf0, 0x40, 0x0c, 0x00, 0x00, 0x00,
 0x6c, 0x6f, 0x77, 0x65, 0x72, 0x20, 0x76, 0x6f, 0x6c, 0x75, 0x6d, 0x65,
 0x04, 0x00, 0x00, 0x00, 0x29, 0xd5, 0x85, 0x40, 0x7a, 0xce, 0x8a, 0x40,
 0x6a, 0x23, 0xe4, 0x40, 0x05, 0x46, 0x38, 0x41, 0xc6, 0x54, 0xd9, 0x41,
 0x0e, 0x00, 0x00, 0x00, 0x44, 0x00, 0x00, 0x00, 0xb9, 0xbd, 0xc5, 0x3f,
 0x14, 0x00, 0x00, 0x00, 0x63, 0x61, 0x6e, 0x20, 0x79, 0x6f, 0x75, 0x20,
 0x6c, 0x6f, 0x77, 0x65, 0x72, 0x20, 0x76, 0x6f, 0x6c, 0x75, 0x6d, 0x65,
 0x05, 0x00, 0x00, 0x00, 0x28, 0xc7, 0xc9, 0x40, 0xbc, 0xfd, 0x40, 0x41,
 0x88, 0xd6, 0x78, 0x40, 0x78, 0x18, 0x09, 0x41, 0x3c, 0x93, 0xc4, 0x40,
 0x42, 0xde, 0x13, 0x42, 0x12, 0x00, 0x00, 0x00, 0x5c, 0x00, 0x00, 0x00,
 0xe0, 0x4e, 0x49, 0x40, 0x18, 0x00, 0x00, 0x00, 0x73, 0x65, 0x74, 0x20,
 0x76, 0x6f, 0x6c, 0x75, 0x6d, 0x65, 0x20, 0x74, 0x6f, 0x20, 0x6c, 0x65,
 0x76, 0x65, 0x6c, 0x20, 0x7a, 0x65, 0x72, 0x6f, 0x07, 0x00, 0x00, 0x00,
 0x29, 0xd5, 0x85, 0x40, 0x7a, 0xce, 0x8a, 0x40, 0x28, 0xc7, 0xc9, 0x40,
 0xbc, 0xfd, 0x40, 0x41, 0x88, 0xd6, 0x78, 0x40, 0x78, 0x18, 0x09, 0x41,
 0x3c, 0x93, 0xc4, 0x40, 0xb6, 0xf2, 0x35, 0x42, 0x17, 0x00, 0x00, 0x00,
 0x72, 0x00, 0x00, 0x00, 0xe0, 0x4e, 0x49, 0x40, 0x20, 0x00, 0x00, 0x00,
 0x63, 0x61, 0x6e, 0x20, 0x79, 0x6f, 0x75, 0x20, 0x73, 0x65, 0x74, 0x20,
 0x76, 0x6f, 0x6c, 0x75, 0x6d, 0x65, 0x20, 0x74, 0x6f, 0x20, 0x6c, 0x65,
 0x76, 0x65, 0x6c, 0x20, 0x7a, 0x65, 0x72, 0x6f, 0x05, 0x00, 0x00, 0x00,
 0x28, 0xc7, 0xc9, 0x40, 0xbc, 0xfd, 0x40, 0x41, 0x88, 0xd6, 0x78, 0x40,
 0x78, 0x18, 0x09, 0x41, 0x75, 0x1f, 0x87, 0x40, 0xc9, 0x2f, 0x0c, 0x42,
 0x12, 0x00, 0x00, 0x00, 0x58, 0x00, 0x00, 0x00, 0x47, 0x9d, 0xab, 0x3f,
 0x17, 0x00, 0x00, 0x00, 0x73, 0x65, 0x74, 0x20, 0x76, 0x6f, 0x6c, 0x75,
 0x6d, 0x65, 0x20, 0x74, 0x6f, 0x20, 0x6c, 0x65, 0x76, 0x65, 0x6c, 0x20,
 0x6f, 0x6e, 0x65, 0x00, 0x07, 0x00, 0x00, 0x00, 0x29, 0xd5, 0x85, 0x40,
 0x7a, 0xce, 0x8a, 0x40, 0x28, 0xc7, 0xc9, 0x40, 0xbc, 0xfd, 0x40, 0x41,
 0x88, 0xd6, 0x78, 0x40, 0x78, 0x18, 0x09, 0x41, 0x75, 0x1f, 0x87, 0x40,
 0x3d, 0x44, 0x2e, 0x42, 0x16, 0x00, 0x00, 0x00, 0x6d, 0x00, 0x00, 0x00,
 0x47, 0x9d, 0xab, 0x3f, 0x1f, 0x00, 0x00, 0x00, 0x63, 0x61, 0x6e, 0x20,
 0x79, 0x6f, 0x75, 0x20, 0x73, 0x65, 0x74, 0x20, 0x76, 0x6f, 0x6c, 0x75,
 0x6d, 0x65, 0x20, 0x74, 0x6f, 0x20, 0x6c, 0x65, 0x76, 0x65, 0x6c, 0x20,
 0x6f, 0x6e, 0x65, 0x00, 0x05, 0x00, 0x00, 0x00, 0x28, 0xc7, 0xc9, 0x40,
 0xbc, 0xfd, 0x40, 0x41, 0x88, 0xd6, 0x78, 0x40, 0x78, 0x18, 0x09, 0x41,
 0xa9, 0xec, 0x0c, 0x40, 0xa5, 0x1a, 0x04, 0x42, 0x11, 0x00, 0x00, 0x00,
 0x53, 0x00, 0x00, 0x00, 0xdf, 0xe9, 0x2b, 0x40, 0x17, 0x00, 0x00, 0x00,
 0x73, 0x65, 0x74, 0x20, 0x76, 0x6f, 0x6c, 0x75, 0x6d, 0x65, 0x20, 0x74,
 0x6f, 0x20, 0x6c, 0x65, 0x76, 0x65, 0x6c, 0x20, 0x74, 0x77, 0x6f, 0x00,
 0x07, 0x00, 0x00, 0x00, 0x29, 0xd5, 0x85, 0x40, 0x7a, 0xce, 0x8a, 0x40,
 0x28, 0xc7, 0xc9, 0x40, 0xbc, 0xfd, 0x40, 0x41, 0x88, 0xd6, 0x78, 0x40,
 0x78, 0x18, 0x09, 0x41, 0xa9, 0xec, 0x0c, 0x40, 0x19, 0x2f, 0x26, 0x42,
 0x15, 0x00, 0x00, 0x00, 0x68, 0x00, 0x00, 0x00, 0xdf, 0xe9, 0x2b, 0x40,
 0x1f, 0x00, 0x00, 0x00, 0x63, 0x61, 0x6e, 0x20, 0x79, 0x6f, 0x75, 0x20,
 0x73, 0x65, 0x74, 0x20, 0x76, 0x6f, 0x6c, 0x75, 0x6d, 0x65, 0x20, 0x74,
 0x6f, 0x20, 0x6c, 0x65, 0x76, 0x65, 0x6c, 0x20, 0x74, 0x77, 0x6f, 0x00,
 0x05, 0x00, 0x00, 0x00, 0x28, 0xc7, 0xc9, 0x40, 0xbc, 0xfd, 0x40, 0x41,
 0x88, 0xd6, 0x78, 0x40, 0x78, 0x18, 0x09, 0x41, 0x7d, 0xb7, 0x99, 0x40,
 0xca, 0x82, 0x0e, 0x42, 0x12, 0x00, 0x00, 0x00, 0x59, 0x00, 0x00, 0x00,
 0x0c, 0xad, 0x10, 0x40, 0x19, 0x00, 0x00, 0x00, 0x73, 0x65, 0x74, 0x20,
 0x76, 0x6f, 0x6c, 0x75, 0x6d, 0x65, 0x20, 0x74, 0x6f, 0x20, 0x6c, 0x65,
 0x76, 0x65, 0x6c, 0x20, 0x74, 0x68, 0x72, 0x65, 0x65, 0x00, 0x00, 0x00,
 0x07, 0x00, 0x00, 0x00, 0x29, 0xd5, 0x85, 0x40, 0x7a, 0xce, 0x8a, 0x40,
 0x28, 0xc7, 0xc9, 0x40, 0xbc, 0xfd, 0x40, 0x41, 0x88, 0xd6, 0x78, 0x40,
 0x78, 0x18, 0x09, 0x41, 0x7d, 0xb7, 0x99, 0x40, 0x3e, 0x97, 0x30, 0x42,
 0x16, 0x00, 0x00, 0x00, 0x6e, 0x00, 0x00, 0x00, 0x0c, 0xad, 0x10, 0x40,
 0x21, 0x00, 0x00, 0x00, 0x63, 0x61, 0x6e, 0x20, 0x79, 0x6f, 0x75, 0x20,
 0x73, 0x65, 0x74, 0x20, 0x76, 0x6f, 0x6c, 0x75, 0x6d, 0x65, 0x20, 0x74,
 0x6f, 0x20, 0x6c, 0x65, 0x76, 0x65, 0x6c, 0x20, 0x74, 0x68, 0x72, 0x65,
 0x65, 0x00, 0x00, 0x00, 0x05, 0x00, 0x00, 0x00, 0x28, 0xc7, 0xc9, 0x40,
 0xbc, 0xfd, 0x40, 0x41, 0x88, 0xd6, 0x78, 0x40, 0x78, 0x18, 0x09, 0x41,
 0x1a, 0x80, 0xd5, 0x40, 0xde, 0xfb, 0x15, 0x42, 0x13, 0x00, 0x00, 0x00,
 0x5e, 0x00, 0x00, 0x00, 0xca, 0xeb, 0xc1, 0x3f, 0x18, 0x00, 0x00, 0x00,
 0x73, 0x65, 0x74, 0x20, 0x76, 0x6f, 0x6c, 0x75, 0x6d, 0x65, 0x20, 0x74,
 0x6f, 0x20, 0x6c, 0x65, 0x76, 0x65, 0x6c, 0x20, 0x66, 0x6f, 0x75, 0x72,
 0x07, 0x00, 0x00, 0x00, 0x29, 0xd5, 0x85, 0x40, 0x7a, 0xce, 0x8a, 0x40,
 0x28, 0xc7, 0xc9, 0x40, 0xbc, 0xfd, 0x40, 0x41, 0x88, 0xd6, 0x78, 0x40,
 0x78, 0x18, 0x09, 0x41, 0x1a, 0x80, 0xd5, 0x40, 0x52, 0x10, 0x38, 0x42,
 0x17, 0x00, 0x00, 0x00, 0x73, 0x00, 0x00, 0x00, 0xca, 0xeb, 0xc1, 0x3f,
 0x20, 0x00, 0x00, 0x00, 0x63, 0x61, 0x6e, 0x20, 0x79, 0x6f, 0x75, 0x20,
 0x73, 0x65, 0x74, 0x20, 0x76, 0x6f, 0x6c, 0x75, 0x6d, 0x65, 0x20, 0x74,
 0x6f, 0x20, 0x6c, 0x65, 0x76, 0x65, 0x6c, 0x20, 0x66, 0x6f, 0x75, 0x72,
 0x05, 0x00, 0x00, 0x00, 0x28, 0xc7, 0xc9, 0x40, 0xbc, 0xfd, 0x40, 0x41,
 0x88, 0xd6, 0x78, 0x40, 0x78, 0x18, 0x09, 0x41, 0x6c, 0x99, 0xe5, 0x40,
 0x08, 0xff, 0x17, 0x42, 0x13, 0x00, 0x00, 0x00, 0x5f, 0x00, 0x00, 0x00,
 0x4c, 0x0a, 0xc1, 0x3f, 0x18, 0x00, 0x00, 0x00, 0x73, 0x65, 0x74, 0x20,
 0x76, 0x6f, 0x6c, 0x75, 0x6d, 0x65, 0x20, 0x74, 0x6f, 0x20, 0x6c, 0x65,
 0x76, 0x65, 0x6c, 0x20, 0x66, 0x69, 0x76, 0x65, 0x07, 0x00, 0x00, 0x00,
 0x29, 0xd5, 0x85, 0x40, 0x7a, 0xce, 0x8a, 0x40, 0x28, 0xc7, 0xc9, 0x40,
 0xbc, 0xfd, 0x40, 0x41, 0x88, 0xd6, 0x78, 0x40, 0x78, 0x18, 0x09, 0x41,
 0x6c, 0x99, 0xe5, 0x40, 0x7c, 0x13, 0x3a, 0x42, 0x17, 0x00, 0x00, 0x00,
 0x74, 0x00, 0x00, 0x00, 0x4c, 0x0a, 0xc1, 0x3f, 0x20, 0x00, 0x00, 0x00,
 0x63, 0x61, 0x6e, 0x20, 0x79, 0x6f, 0x75, 0x20, 0x73, 0x65, 0x74, 0x20,
 0x76, 0x6f, 0x6c, 0x75, 0x6d, 0x65, 0x20, 0x74, 0x6f, 0x20, 0x6c, 0x65,
 0x76, 0x65, 0x6c, 0x20, 0x66, 0x69, 0x76, 0x65, 0x05, 0x00, 0x00, 0x00,
 0xa7, 0x62, 0x66, 0x40, 0xda, 0x06, 0xf1, 0x40, 0xa2, 0x5a, 0xae, 0x40,
 0x7a, 0xce, 0x8a, 0x40, 0x00, 0x00, 0x80, 0x3f, 0x52, 0x58, 0xaf, 0x41,
 0x0b, 0x00, 0x00, 0x00, 0x37, 0x00, 0x00, 0x00, 0x00, 0x00, 0xf0, 0x40,
 0x10, 0x00, 0x00, 0x00, 0x49, 0x20, 0x63, 0x61, 0x6e, 0x27, 0x74, 0x20,
 0x68, 0x65, 0x61, 0x72, 0x20, 0x79, 0x6f, 0x75, 0x05, 0x00, 0x00, 0x00,
 0xa7, 0x62, 0x66, 0x40, 0x87, 0x78, 0x29, 0x41, 0xa2, 0x5a, 0xae, 0x40,
 0x7a, 0xce, 0x8a, 0x40, 0x00, 0x00, 0x80, 0x3f, 0xe0, 0xd2, 0xc7, 0x41,
 0x0c, 0x00, 0x00, 0x00, 0x3e, 0x00, 0x00, 0x00, 0x00, 0x00, 0xf0, 0x40,
 0x11, 0x00, 0x00, 0x00, 0x49, 0x20, 0x63, 0x61, 0x6e, 0x6e, 0x6f, 0x74,
 0x20, 0x68, 0x65, 0x61, 0x72, 0x20, 0x79, 0x6f, 0x75, 0x00, 0x00, 0x00,
 0x05, 0x00, 0x00, 0x00, 0xd9, 0x48, 0x9d, 0x40, 0x40, 0x83, 0x2a, 0x40,
 0x57, 0xe5, 0x1f, 0x40, 0xbc, 0xfd, 0x40, 0x41, 0x3a, 0xd6, 0x06, 0x40,
 0xee, 0xf8, 0xc1, 0x41, 0x0c, 0x00, 0x00, 0x00, 0x3d, 0x00, 0x00, 0x00,
 0x0c, 0xad, 0x10, 0x40, 0x19, 0x00, 0x00, 0x00, 0x74, 0x75, 0x72, 0x6e,
 0x20, 0x75, 0x70, 0x20, 0x74, 0x68, 0x65, 0x20, 0x76, 0x6f, 0x6c, 0x75,
 0x6d, 0x65, 0x20, 0x70, 0x6c, 0x65, 0x61, 0x73, 0x65, 0x00, 0x00, 0x00,
 0x04, 0x00, 0x00, 0x00, 0xc3, 0xb6, 0x2c, 0x41, 0x93, 0x30, 0x68, 0x40,
 0x88, 0xd6, 0x78, 0x40, 0xce, 0x2c, 0xd4, 0x40, 0x78, 0x87, 0xc7, 0x41,
 0x0c, 0x00, 0x00, 0x00, 0x3e, 0x00, 0x00, 0x00, 0xcd, 0xcc, 0x8c, 0x3f,
 0x11, 0x00, 0x00, 0x00, 0x4d, 0x75, 0x73, 0x69, 0x63, 0x20, 0x69, 0x73,
 0x20, 0x74, 0x6f, 0x6f, 0x20, 0x6c, 0x6f, 0x75, 0x64, 0x00, 0x00, 0x00,
 0x05, 0x00, 0x00, 0x00, 0xd9, 0x48, 0x9d, 0x40, 0x8e, 0xeb, 0xbd, 0x40,
 0x57, 0xe5, 0x1f, 0x40, 0xbc, 0xfd, 0x40, 0x41, 0x3a, 0xd6, 0x06, 0x40,
 0x6a, 0x23, 0xdc, 0x41, 0x0e, 0x00, 0x00, 0x00, 0x45, 0x00, 0x00, 0x00,
 0x0c, 0xad, 0x10, 0x40, 0x1b, 0x00, 0x00, 0x00, 0x74, 0x75, 0x72, 0x6e,
 0x20, 0x64, 0x6f, 0x77, 0x6e, 0x20, 0x74, 0x68, 0x65, 0x20, 0x76, 0x6f,
 0x6c, 0x75, 0x6d, 0x65, 0x20, 0x70, 0x6c, 0x65, 0x61, 0x73, 0x65, 0x00,
 0x00, 0x00, 0x00, 0x00, 0x00, 0x00, 0x00, 0x00, 0x00, 0x00, 0x00, 0x00,
};
